Date,Open,High,Low,Close,Volume,Ticker,Name,Industry,MarketCategory,SharesOutstanding,MarketCap,AvgTradingValue20,VolRatio,OBVGrowth,HighRatio,StayRate,ATRRatio,Absorption,VolRatio_Z,OBVGrowth_Z,HighRatio_Z,StayRate_Z,Absorption_Z,ATR_Z,AccumulationScore,IndustryRankPct
2026-06-01,2205.0,2206.0,2205.0,2205.0,38900.0,7490.T,日新商事,卸売業,-,6676444.0,14721559020.0,130819165.0,4.628053484186166,10.264367816091953,0.9856951274027715,0.4666666666666667,1.876540573227046,,6.679858796086785,0.07240748000954011,1.2158580218630122,0.15923564908733323,0.0,-1.4244208795242779,1.8839024767835697,1.0
2026-06-01,2620.0,2765.0,2550.0,2758.0,59800.0,9256.T,サクシード,サービス業,-,3579950.0,9873502100.0,117253110.0,4.924608245342659,-0.7308061066450329,0.9892395982783357,0.5,4.927155823395649,,7.261395794130535,0.02458425477008457,1.2378337898859724,0.3217113872237983,0.0,-8.593013793385078,1.6876677886166656,1.0
2026-06-01,7660.0,7690.0,7580.0,7620.0,191800.0,5644.T,メタルアート,鉄鋼,-,2862640.0,21813316800.0,377657350.0,4.05735056542811,0.976897689768977,0.9883268482490273,0.4166666666666667,1.269133995986235,,5.560723629094037,0.03201186836419962,1.2321747271905172,-0.08447795811736433,0.0,0.0029143064518182067,1.632092841407649,1.0
2026-06-01,1894.0,2123.0,1850.0,2015.0,12039900.0,4392.T,ＦＩＧ,情報・通信業,-,30374273.0,61204160095.0,18800696885.0,5.160386814640048,1.735951114790442,0.6552845528455284,0.6166666666666667,5.129059168968352,,7.723752091691033,0.03531335164847181,-0.8326920702990995,0.8903764707014262,0.0,-9.067463297391612,1.4534112525106895,1.0
2026-06-01,1576.0,1580.0,1576.0,1580.0,596500.0,8141.T,新光商事,卸売業,TOPIX Small 2,28549899.0,45108840420.0,1278555625.0,3.2715374216541724,-0.1797492153503253,0.891647855530474,0.8333333333333334,1.6359833887136161,,4.0197623075778806,0.026981062498395696,0.6327636468728673,1.9464687685884492,0.0,-0.8591393258488451,1.3872519208894676,0.9905660377358491
2026-06-01,1479.0,1749.0,1322.0,1406.0,6749100.0,5367.T,ニッカトー,ガラス・土石製品,-,11955254.0,16809087124.0,965614210.0,4.2350467585653675,-0.9911714607873714,0.8038879359634077,0.48333333333333334,2.656116130659449,,5.909181736183108,0.023451802381136803,0.08865094237434198,0.24047351815556575,0.0,-3.256333250814017,1.3741429382985637,1.0
2026-06-01,1317.0,1317.0,1316.0,1317.0,421000.0,2180.T,サニーサイドアップグループ,サービス業,-,14811344.0,19506540048.0,217102460.0,3.097324520939518,0.19518816120125337,1.0,0.6333333333333333,1.0857391521442645,,3.6781348560171487,0.0286118429422082,1.3045484280846893,0.9716143397696585,0.0,0.4338709726297301,1.3550320599537125,0.9914529914529915
2026-06-01,2953.0,2953.0,2842.0,2873.0,7100.0,4367.T,広栄化学,化学,-,4891020.0,14051900460.0,131089950.0,3.949312092686459,-0.6002541526731415,0.9481848184818482,0.38333333333333336,2.567754997767737,,5.34886269364186,0.025152087124908715,0.983293592289424,-0.24695369625382937,0.0,-3.048694810970373,1.3506846186629837,1.0
2026-06-01,6631.0,6633.0,6630.0,6633.0,612400.0,8283.T,ＰＡＬＴＡＣ,卸売業,TOPIX Mid400,60662724.0,402375848292.0,3555531790.0,3.283725598434285,0.28903000550667235,0.9990962494351558,0.45,1.3304602738113047,,4.043663039128074,0.029020005622365865,1.298945162192295,0.07799778001910071,0.0,-0.14119535163304034,1.282599693047282,0.9811320754716981
2026-06-01,1331.0,1333.0,1328.0,1328.0,324900.0,4800.T,オリコン,情報・通信業,-,12837675.0,17048432400.0,295414705.0,3.6122063058497815,0.2864321608040201,0.9873605947955391,0.4666666666666667,2.9259201984487544,,4.687806076187228,0.02900870636387072,1.226183942531619,0.15923564908733323,0.0,-3.890341596631582,1.2538087516756193,0.9943181818181818
2026-06-01,3055.0,3055.0,2931.0,3010.0,36200.0,3374.T,内外テック,卸売業,-,3498616.0,10530834160.0,161903175.0,3.092478768826538,0.28914542496319817,0.9362363919129082,0.7,2.136252457139422,,3.6686324486841584,0.02902050763631355,0.909213183749855,1.2965658160425886,0.0,-2.034713760790377,1.1990050601969584,0.9716981132075472
2026-06-01,11600.0,11610.0,11090.0,11100.0,396700.0,7173.T,東京きらぼしフィナンシャルグループ,銀行業,TOPIX Small 1,34388936.0,381717189600.0,6981628500.0,3.1089105653611435,0.607731730204069,0.8851674641148325,0.5166666666666667,1.2928951554252095,,3.7008548199991065,0.030406190549635535,0.5925851312501508,0.4029492562920311,0.0,-0.05292166931403241,1.1091285838653187,1.0
2026-06-01,1246.0,1271.0,1223.0,1249.0,159900.0,6769.T,ザインエレクトロニクス,電気機器,-,10512363.0,13129941387.0,409353110.0,2.7044371421525173,0.1680302020874973,0.8966259870782484,0.9166666666666666,2.434891623147961,,2.9076918324822767,0.028493720099871406,0.663628130718924,2.3526581139296114,0.0,-2.7364812515061567,1.0828466688034557,1.0
2026-06-01,2750.0,2799.0,2571.0,2626.0,321300.0,6616.T,トレックス・セミコンダクター,電気機器,TOPIX Small 2,10592237.0,27815214362.0,407023195.0,2.7783678527172952,0.1302518288340777,0.8782608695652174,0.8333333333333334,2.1668158870056535,,3.052668238584874,0.028329404040300724,0.5497641503535813,1.9464687685884492,0.0,-2.106534285109279,1.0668458417598132,0.9913793103448276
2026-06-01,204.0,205.0,185.0,192.0,2292200.0,3810.T,サイバーステップホールディングス,情報・通信業,-,69012863.0,13250469696.0,1968503420.0,4.4646953377839385,0.36393730008752123,0.42572062084257206,0.43333333333333335,2.2709163346613543,,6.359517265590798,0.02934581296711466,-2.2559915960238097,-0.0032400890491318048,0.0,-2.3511582937754487,1.0279735223885738,0.9886363636363636
2026-06-01,603.0,644.0,575.0,628.0,5729700.0,7868.T,広済堂ホールディングス,その他製品,TOPIX Small 2,147869750.0,92862203000.0,3029581880.0,3.033991442622523,0.2680159434082767,0.8339973439575034,0.7666666666666667,2.688830263336154,,3.5539401605831427,0.028928605501550193,0.27532968473573466,1.6215172923155192,0.0,-3.3332076779238826,1.0273503384194538,1.0
2026-06-01,805.0,814.0,767.0,787.0,310100.0,6635.T,大日光・エンジニアリング,電気機器,-,6631617.0,5219082579.0,234309285.0,3.7452987729615916,-0.11247459069349675,0.6596814752724225,0.5,2.30593725823844,,4.9487973126273515,0.027273671742275893,-0.8054310909708398,0.3217113872237983,0.0,-2.4334534126298117,1.009515565350318,0.9827586206896551
2026-06-01,3740.0,3775.0,3740.0,3750.0,299800.0,1909.T,日本ドライケミカル,機械,-,26814704.0,100555140000.0,2162260510.0,2.4711888930995283,0.16695213626415462,0.9778357235984355,0.5833333333333334,0.9506213784401872,,2.4502974341449755,0.028489031080392958,1.1671296105242206,0.7279007325649611,0.0,0.751382109131838,0.9998767537525223,1.0
2026-06-01,4495.0,4595.0,4420.0,4435.0,13400.0,7460.T,ヤギ,卸売業,-,8121353.0,36018200555.0,142207825.0,2.6242835496409516,0.8618771726535341,0.9476495726495726,0.5333333333333333,1.327280177157549,,2.7505124994315406,0.03151158959318394,0.9799750607911303,0.4841871253602633,0.0,-0.1337224924003839,0.9574429785984275,0.9622641509433962
2026-06-01,2670.0,2818.0,2415.0,2570.0,8156200.0,3687.T,フィックスターズ,情報・通信業,TOPIX Small 2,32303258.0,83019373060.0,5258246970.0,3.017878815213291,0.735693215339233,0.9119943222143364,0.5,2.406314344543583,,3.522343672509166,0.03096275572710304,0.7589120192615318,0.3217113872237983,0.0,-2.66932795287584,0.9548993213511512,0.9829545454545454
2026-06-01,1880.0,1929.0,1814.0,1880.0,128000.0,1436.T,グリーンエナジー＆カンパニー,建設業,-,12367695.0,23251266600.0,488591670.0,2.494022869022869,0.15123128664941587,0.8608058608058609,0.9166666666666666,2.618454747192035,,2.4950743305268737,0.028420653650680222,0.4415428567385506,2.3526581139296114,0.0,-3.1678333566907657,0.9136893666470021,1.0
2026-06-01,84.0,84.0,76.0,77.0,1337200.0,4772.T,ＳＭ　ＥＮＴＥＲＴＡＩＮＭＥＮＴ　ＪＡＰＡＮ,情報・通信業,-,115894901.0,8923907377.0,148328445.0,4.036392185198566,-0.08227537932804141,0.598982196729775,0.2,2.1676700021150292,,5.5196247323000085,0.027405022432799995,-1.1817674501183628,-1.1405702560043873,0.0,-2.108541356804195,0.8738913424186618,0.9772727272727273
2026-06-01,1416.0,1418.0,1416.0,1416.0,474300.0,7082.T,ジモティー,サービス業,-,9754972.0,13813040352.0,417575170.0,2.4769273846027766,0.03553200443815285,0.8137931034482758,0.75,1.3593633424521263,,2.4615504826850985,0.02791742260839624,0.15006311657971796,1.5402794232472863,0.0,-0.20911421915852543,0.8729658021684839,0.9829059829059829
2026-06-01,2235.0,2308.0,2201.0,2231.0,868100.0,6480.T,日本トムソン,機械,TOPIX Small 2,69782665.0,155685125615.0,3097732195.0,2.677199884182638,0.2177197975168106,0.9579218548733361,0.6166666666666667,2.9342531572454496,,2.8542802022896723,0.028709843712919444,1.0436633514107765,0.8903764707014262,0.0,-3.9099230857683,0.8675404980996022,0.9903846153846154
2026-06-01,2114.0,2155.0,1991.0,2029.0,111700.0,6969.T,松尾電機,電気機器,-,3833931.0,7779045999.0,159732005.0,2.5408347546904784,0.02005892379415042,0.856479527226678,0.85,2.773425027631094,,2.5868713509414043,0.027850122843427885,0.41471952923386846,2.0277066376566815,0.0,-3.531995587294267,0.8641804905767705,0.9741379310344828
2026-06-01,2056.0,2506.0,2056.0,2506.0,623000.0,6245.T,ヒラノテクシード,機械,-,15137875.0,37935514750.0,277508080.0,2.7269945006774527,-0.22219132369299222,1.0,0.43333333333333335,2.47578867437188,,2.951926288571367,0.026796461643404993,1.3045484280846893,-0.0032400890491318048,0.0,-2.8325845905245353,0.8634751302870342,0.9807692307692307
2026-06-01,5110.0,5570.0,5050.0,5570.0,708500.0,4092.T,日本化学工業,化学,TOPIX Small 2,8676751.0,48329503070.0,1723047575.0,2.45496139396226,0.6518366244523137,1.0,0.5666666666666667,2.2540158509179773,,2.4184756852806415,0.030598023649013293,1.3045484280846893,0.6466628634967284,0.0,-2.3114441121863756,0.8546053367645421,0.98989898989899
2026-06-01,72.0,74.0,66.0,69.0,11554000.0,6659.T,メディアリンクス,電気機器,-,75463644.0,5206991436.0,1306775885.0,4.222869771436375,0.005503309717611371,0.6,0.21666666666666667,3.257142857142857,,5.8853029472788405,0.0277868135756189,-1.1754570558889526,-1.0593323869361548,0.0,-4.6686765255917155,0.8508473447158152,0.9655172413793104
2026-06-01,2110.0,2160.0,1867.0,1912.0,372000.0,6864.T,エヌエフホールディングス,電気機器,-,7018774.0,13419895888.0,257311815.0,2.4963325183374083,0.1289236659856865,0.8851851851851852,0.7166666666666667,2.314749567792115,,2.4996034991825145,0.028323627230265734,0.5926950021292922,1.3778036851108213,0.0,-2.4541613205896016,0.8344832687661965,0.9568965517241379
2026-06-01,912.0,1005.0,900.0,982.0,2881300.0,6584.T,三櫻工業,輸送用機器,TOPIX Small 2,35808565.0,35164010830.0,925928265.0,2.448248879349855,0.08065974212194549,0.9771144278606965,0.5,1.8780596289938942,,2.4053126000487612,0.028113704538901788,1.1626575670613215,0.3217113872237983,0.0,-1.427990484837628,0.8177452734008683,1.0
2026-06-01,3760.0,4290.0,3700.0,3970.0,3067200.0,6996.T,ニチコン,電気機器,TOPIX Small 1,67158643.0,266619812710.0,4301335255.0,2.5113256155531882,1.7441199884209002,0.9254079254079254,0.6333333333333333,2.44178498090309,,2.529004614552372,0.03534888195352449,0.8420765429613993,0.9716143397696585,0.0,-2.7526798447418632,0.8176118414471096,0.9482758620689655
2026-06-01,3170.0,3225.0,3110.0,3220.0,293100.0,3148.T,クリエイトＳＤホールディングス,小売業,TOPIX Small 1,64602264.0,208019290080.0,1182717481.4916992,2.7329185646039327,0.3654663251469037,0.9131115031622565,0.26666666666666666,1.0966311878371655,,2.9635432403228394,0.029352463422152978,0.7658385564551138,-0.8156187797314572,0.0,0.4082759488451564,0.7994626177098101,1.0
2026-06-01,805.0,854.0,805.0,842.0,436200.0,7600.T,日本エム・ディ・エム,精密機器,TOPIX Small 2,26353536.0,22189677312.0,533807915.0,2.4072346065912287,5.634001724881414,0.9859484777517564,0.5,2.0970624299006135,,2.3248845638776854,0.05226782218537565,1.2174287975001352,0.3217113872237983,0.0,-1.9426217306523228,0.7888994775667459,1.0
2026-06-01,5070.0,5740.0,4870.0,5620.0,3649900.0,6997.T,日本ケミコン,電気機器,TOPIX Small 2,24085280.0,135359273600.0,5433151180.0,2.3638309062222302,1.5826935114534058,0.9790940766550522,0.65,2.9038178899885647,,2.2397709156659875,0.03464676165766776,1.1749314167271816,1.0528522088378913,0.0,-3.838403728754299,0.7695983475643189,0.9396551724137931
2026-06-01,2048.0,2103.0,2036.0,2070.0,77200.0,7480.T,スズデン,卸売業,TOPIX Small 2,12680465.0,26248562550.0,105516130.0,1.9401831624425714,2.0064665127020787,0.9843081312410842,0.7666666666666667,1.9373152280135908,,1.4090075309040684,0.03648995139086577,1.2072586266449246,1.6215172923155192,0.0,-1.5672342872855756,0.7676919753857676,0.9528301886792453
2026-06-01,429.0,472.0,418.0,433.0,3845700.0,6464.T,ツバキ・ナカシマ,機械,TOPIX Small 2,38259085.0,16566183805.0,520077410.0,2.511284474881358,0.0613009504927402,0.8677354709418837,0.5666666666666667,1.8282066163668023,,2.528923938650558,0.028029503974276546,0.48450653458639087,0.6466628634967284,0.0,-1.3108416726321448,0.7675970134663888,0.9711538461538461
2026-06-01,3690.0,3835.0,3250.0,3305.0,89100.0,3652.T,ディジタルメディアプロフェッショナル,情報・通信業,-,3145123.0,10394631515.0,367724160.0,2.581241639782831,-0.059839880177593896,0.8420382165605096,0.65,2.384960331148672,,2.666108314007748,0.027502605057392472,0.32518320511420684,1.0528522088378913,0.0,-2.619148491832109,0.7654097775232047,0.9715909090909091
2026-06-01,8200.0,8530.0,8200.0,8360.0,105500.0,7995.T,バルカー,化学,TOPIX Small 1,17620367.0,147306268120.0,1018206750.0,1.9586426658530798,0.22081571517569554,0.9800703399765534,0.7833333333333333,2.100676621145316,,1.4452061883016496,0.02872330932688463,1.1809842627049945,1.7027551613837515,0.0,-1.951114661953535,0.7625367680580185,0.9797979797979798
2026-06-01,5640.0,5640.0,5640.0,5640.0,191700.0,4078.T,堺化学工業,化学,TOPIX Small 1,15311131.0,86354778840.0,1387170950.0,2.3356647398843933,0.30684744646573936,1.0,0.5,2.148562383143576,,2.1845377177411596,0.029097502122026875,1.3045484280846893,0.3217113872237983,0.0,-2.0636406627714288,0.7593931655277328,0.9696969696969697
2026-06-01,245.0,256.0,242.0,252.0,175700.0,7707.T,プレシジョン・システム・サイエンス,精密機器,-,27460771.0,6920114292.0,254083135.0,2.7585394749989294,0.02908449769056909,0.842809364548495,0.48333333333333334,2.182203389830508,,3.0137852504667664,0.027889379344179656,0.32996433321210433,0.24047351815556575,0.0,-2.1426931365757724,0.7553478949897036,0.9655172413793104
2026-06-01,5860.0,5980.0,5820.0,5900.0,58700.0,5186.T,ニッタ,ゴム製品,TOPIX Small 2,27426583.0,161816839700.0,439979875.0,2.006194267184934,0.21563196242548321,0.9735973597359736,0.7333333333333333,2.0096598783343746,,1.5384537739511246,0.028700762728067635,1.1408516964692677,1.4590415541790536,0.0,-1.7372358460257824,0.7519534142892206,1.0
2026-06-01,5440.0,5860.0,5140.0,5310.0,6753600.0,3905.T,データセクション,情報・通信業,-,29678099.0,157590705690.0,14735376775.0,2.8085248334830277,0.12954032951348693,0.8648208469055375,0.5166666666666667,2.881296992481203,,3.1118053773587566,0.028326309392366508,0.46643582560174074,0.4029492562920311,0.0,-3.785482225042503,0.7494883639998086,0.9659090909090909
2026-06-01,3605.0,3695.0,3455.0,3540.0,840000.0,4047.T,関東電化工業,化学,TOPIX Small 1,57353949.0,203032979460.0,2579896115.0,2.2855272104560678,0.5077011841635299,0.937748344370861,0.6666666666666666,2.540019659159965,,2.086219187162275,0.02997111027098437,0.9185873097179308,1.1340900779061236,0.0,-2.9835199739284946,0.7337025492913949,0.9595959595959596
2026-06-01,14900.0,15660.0,14800.0,15320.0,43000.0,7236.T,ティラド,輸送用機器,TOPIX Small 2,5660951.0,86725769320.0,1252581100.0,2.352793270549511,0.14038379073756424,0.9635220125786164,0.48333333333333334,2.0170246155250644,,2.218126368501808,0.028373472747138185,1.078384405961307,0.24047351815556575,0.0,-1.754542126401424,0.7256457629077615,0.967741935483871
2026-06-01,2599.0,2614.0,2508.0,2508.0,237000.0,2874.T,横浜冷凍,卸売業,TOPIX Small 1,59149158.0,148346088264.0,695308180.0,1.7916823896248337,0.536996396229902,0.9244378916328787,0.95,2.244726437711583,,1.1178009648896643,0.03009852903988539,0.8360623202570109,2.5151338520660764,0.0,-2.28961506583856,0.7169766620517731,0.9433962264150944
2026-06-01,771.0,774.0,736.0,740.0,837400.0,8508.T,Ｊトラスト,その他金融業,-,132179647.0,97812938780.0,1016520640.0,1.8240938729178215,0.5282015915721601,0.8747044917257684,0.95,1.9174899474762779,,1.1813591307503124,0.030060276263982093,0.5277145589912912,2.5151338520660764,0.0,-1.520647171598919,0.7096354827817973,1.0
2026-06-01,2115.0,2188.0,2014.0,2041.0,207700.0,4055.T,ティアンドエスグループ,情報・通信業,-,7478660.0,15263945060.0,1201323955.0,2.7693637832409066,0.033031327761117835,0.7498163115356355,0.55,2.0535564853556485,,3.0350114674945816,0.02790654597972104,-0.24659387039625308,0.5654249944284961,0.0,-1.8403877941509497,0.709205088746052,0.9602272727272727
2026-06-01,7470.0,7610.0,7040.0,7190.0,221400.0,3445.T,ＲＳ　Ｔｅｃｈｎｏｌｏｇｉｅｓ,金属製品,TOPIX Small 1,26596258.0,191227095020.0,2423070000.0,2.004678860059549,0.6716262115814762,0.9337662337662338,0.7833333333333333,2.291942319948711,,1.5354820957791953,0.030684097947548644,0.8938981693747684,1.7027551613837515,0.0,-2.400566926715822,0.7057061101784113,1.0
2026-06-01,4210.0,4225.0,4045.0,4070.0,106400.0,4390.T,ＩＰＳ,情報・通信業,TOPIX Small 2,13081974.0,53243634180.0,625517025.0,1.895374215354901,0.049051467093038426,0.9465116279069767,0.7166666666666667,1.8471915501718041,,1.3211382265191214,0.02797622516233529,0.9729197877858884,1.3778036851108213,0.0,-1.3554540707171314,0.6707604197083084,0.9545454545454546
2026-06-01,5900.0,6300.0,5890.0,6050.0,391900.0,7717.T,ブイ・テクノロジー,精密機器,TOPIX Small 2,9453288.0,57192392400.0,1828782900.0,1.6855102140314953,0.07327695026508452,0.9603174603174603,0.85,1.9769232385947297,,0.9095997947936564,0.02808159327623803,1.0585161380079393,2.0277066376566815,0.0,-1.6603085299218385,0.6672641437714718,0.9310344827586207
2026-06-01,6890.0,7160.0,6810.0,7040.0,91300.0,4109.T,ステラ　ケミファ,化学,TOPIX Small 1,12206079.0,85930796160.0,768016050.0,2.121660086309797,0.04535744593685065,0.9166666666666666,0.6166666666666667,1.9571956626339366,,1.7648795631331144,0.027960158112643033,0.7878806189235138,0.8903764707014262,0.0,-1.6139510086866136,0.6586449742670254,0.9494949494949495
2026-06-01,3430.0,3470.0,3340.0,3400.0,71100.0,6237.T,イワキポンプ,機械,TOPIX Small 2,22183345.0,75423373000.0,150814420.0,1.7498861462792603,0.07877808459897073,0.9798270893371758,0.6833333333333333,1.5292377368908434,,1.0358395025617522,0.028105520318062988,1.1794761054059033,1.2153279469743563,0.0,-0.6082993934123019,0.6537656991766727,0.9615384615384616
2026-06-01,1653.0,1679.0,1636.0,1679.0,327700.0,8005.T,スクロール,小売業,TOPIX Small 2,33811901.0,56770181779.0,522400380.0,2.1067677112091245,-0.0067023199671958356,0.9301939058171745,0.6333333333333333,2.204383446156336,,1.7356759614913375,0.027733725504278904,0.8717496871142202,0.9716143397696585,0.0,-2.194813702942696,0.651203824990062,0.9908256880733946
2026-06-01,3500.0,3895.0,3435.0,3815.0,4932400.0,6779.T,日本電波工業,電気機器,TOPIX Small 2,22927570.0,87468679550.0,4853404275.0,1.787085435395567,0.3927712736015778,0.9794608472400513,0.85,2.746182761755381,,1.1087864444273823,0.02947122559083494,1.1772053993825768,2.0277066376566815,0.0,-3.4679794141294105,0.6507625223231015,0.9310344827586207
2026-06-01,758.0,778.0,736.0,772.0,1191300.0,6958.T,日本シイエムケイ,電気機器,TOPIX Small 2,71292834.0,55038067848.0,1050429220.0,1.8686092393129767,-0.5598758268125796,0.9834394904458599,0.6333333333333333,1.8075673326100268,,1.2686527302167374,0.02532771161125073,1.201873041805526,0.9716143397696585,0.0,-1.262341743551345,0.6464947826059837,0.9224137931034483
2026-06-01,1921.0,2072.0,1917.0,2003.0,838800.0,6143.T,ソディック,機械,TOPIX Small 1,49930635.0,100011061905.0,1312495710.0,1.7132229352340136,0.586106745987204,0.9666988416988417,0.7833333333333333,1.9586166652232346,,0.9639437973410694,0.030312133238830814,1.0980807900608218,1.7027551613837515,0.0,-1.6172902003764396,0.6427289048458801,0.9519230769230769
2026-06-01,1385.0,1402.0,1321.0,1329.0,153600.0,6882.T,三社電機製作所,電気機器,-,13310478.0,17689625262.0,285456980.0,2.1686629478799495,0.05130431914870237,0.8552123552123552,0.7166666666666667,2.3370900689961442,,1.8570510828564086,0.027986023884215113,0.40686304537222223,1.3778036851108213,0.0,-2.506658913858517,0.6339694928332977,0.9137931034482759
2026-06-01,723.0,728.0,703.0,709.0,142000.0,5363.T,東京窯業,ガラス・土石製品,-,44431759.0,31502117131.0,103214580.0,1.8266688554350659,0.05692990802410414,0.9699042407660738,0.6333333333333333,1.6354024132688891,,1.18640861165311,0.02801049223785676,1.1179543082234713,0.9716143397696585,0.0,-0.8577741007664729,0.6300490835445611,0.9523809523809523
2026-06-01,1146.0,1155.0,1120.0,1155.0,473300.0,7177.T,ＧＭＯフィナンシャルホールディングス,証券、商品先物取引業,-,117989304.0,136277646120.0,606109130.0,1.5573574113881499,1.469861905946753,0.9796437659033079,0.8166666666666667,1.8572634951320204,,0.6582951256341657,0.03415600350120825,1.1783394976025705,1.8652308995202165,0.0,-1.3791219761557514,0.6196092179246026,1.0
2026-06-01,1935.0,1954.0,1900.0,1908.0,39600.0,2332.T,クエスト,情報・通信業,-,5127027.0,9782367516.0,229955645.0,2.320648539318512,0.438215172246776,0.8594594594594595,0.5333333333333333,2.030666010597636,,2.1550912972384135,0.029668882655283387,0.43319514993178815,0.4841871253602633,0.0,-1.786597826656318,0.6161272524310055,0.9488636363636364
2026-06-01,3530.0,3670.0,3510.0,3640.0,70100.0,6823.T,リオン,電気機器,TOPIX Small 2,12330318.0,44882357520.0,348643400.0,1.7742903930131004,0.014216661927779262,0.9503916449086162,0.7,1.7532630341013946,,1.0836956635276767,0.027824712076203406,0.9969759463908302,1.2965658160425886,0.0,-1.134732924491109,0.615023509360969,0.9051724137931034
2026-06-01,3895.0,3940.0,3800.0,3895.0,182900.0,7384.T,プロクレアホールディングス,銀行業,TOPIX Small 2,28315189.0,110287661155.0,621400025.0,1.3806132180759318,-0.16508642553357522,0.9677018633540373,0.9166666666666666,1.6662734785165907,,0.3117038680882703,0.02704483792432099,1.1042995380743954,2.3526581139296114,0.0,-0.9303175326416583,0.6119299245753856,0.9767441860465116
2026-06-01,2627.0,2631.0,2573.0,2600.0,284400.0,6737.T,ＥＩＺＯ,電気機器,TOPIX Small 1,39533845.0,102787997000.0,797837305.0,2.0101241102859935,0.2684906496018511,0.9741476208317722,0.5,1.8996509557883012,,1.5461601049871219,0.02893067022388905,1.144263322807262,0.3217113872237983,0.0,-1.4787276049155151,0.5969456862019992,0.896551724137931
2026-06-01,6720.0,6780.0,6620.0,6760.0,91300.0,4216.T,旭有機材,化学,TOPIX Small 1,18783892.0,126979109920.0,632304250.0,1.4339988098432959,0.025360969757147078,0.964817668473178,0.7833333333333333,1.1988849340181982,,0.4163917734657162,0.02787318395552125,1.0864174902709458,1.7027551613837515,0.0,0.16799147500055772,0.5921625853670891,0.9393939393939394
2026-06-01,2120.0,2328.0,2120.0,2286.0,491700.0,6838.T,多摩川ホールディングス,電気機器,-,6823392.0,15598274112.0,1064689675.0,1.4415496825959686,0.24853207609877903,0.9368852459016394,0.9833333333333333,2.1884892086330936,,0.4311988595366846,0.028843860923481176,0.9132360873757337,2.677609590202542,0.0,-2.1574640835588563,0.5914261319426266,0.8879310344827587
2026-06-01,1347.0,1400.0,1316.0,1318.0,801800.0,4419.T,Ｆｉｎａｔｅｘｔホールディングス,情報・通信業,-,51898282.0,68401935676.0,959613020.0,1.546464032956586,0.16906647006068742,0.8833780160857909,0.9333333333333333,1.7504154706148964,,0.6369334635689822,0.028498227320679238,0.5814905289368785,2.433895982997844,0.0,-1.1280414797309246,0.5913383519729214,0.9431818181818182
2026-06-01,1079.0,1101.0,1057.0,1086.0,1307100.0,6768.T,タムラ製作所,電気機器,TOPIX Small 1,79577066.0,86420693676.0,1391780655.0,1.7566904446785054,0.16857817268058595,0.9568281938325991,0.7166666666666667,2.0554905855112335,,1.0491825736676073,0.02849610348382532,1.036882637964186,1.3778036851108213,0.0,-1.8449327057615692,0.5912201143592402,0.8793103448275862
2026-06-01,12200.0,13210.0,12200.0,13180.0,82200.0,6866.T,日置電機,電気機器,TOPIX Small 1,13394245.0,176536149100.0,916691650.0,1.4014964107389478,0.5275063814805034,0.9977289931869796,0.85,1.8762285216659156,,0.3526553238108475,0.03005725246562877,1.2904681547086092,2.0277066376566815,0.0,-1.4236875944566987,0.5867433909365082,0.8706896551724138
2026-06-01,2111.0,2145.0,2074.0,2085.0,234900.0,8151.T,東陽テクニカ,卸売業,TOPIX Small 2,21604929.0,45046276965.0,402220630.0,2.052413514332873,0.011788842256542642,0.9341397849462365,0.5,1.7752178650093662,,1.6290886439948085,0.027814152337194798,0.8962141918121472,0.3217113872237983,0.0,-1.186324237182278,0.5824090336698862,0.9339622641509434
2026-06-01,1497.0,1497.0,1466.0,1492.0,97600.0,2462.T,ライク,サービス業,TOPIX Small 2,19190064.0,28631575488.0,134978245.21240234,1.7880808288029542,0.04365676319418332,0.9212076157279254,0.5666666666666667,0.9511084753009803,,1.1107383877775652,0.027952761036941005,0.8160345653594306,0.6466628634967284,0.0,0.7502374878609478,0.5823910041930693,0.9743589743589743
2026-06-01,1015.0,1059.0,960.0,1007.0,2037300.0,6962.T,大真空,電気機器,TOPIX Small 2,31803930.0,32026557510.0,620331210.0,1.910382122863518,0.0329893424492258,0.916287534121929,0.7,2.247223389976065,,1.3505683845292091,0.02790636336569042,0.7855299919482581,1.2965658160425886,0.0,-2.2954826147890306,0.5814354270303134,0.8620689655172413
2026-06-01,3990.0,4635.0,3965.0,4420.0,1934900.0,5331.T,ノリタケ,ガラス・土石製品,TOPIX Small 1,54995420.0,243079756400.0,1439818800.0,1.809480888264948,0.17351366696406845,0.95361380798274,0.6333333333333333,1.8406380438516994,,1.1527034072867899,0.02851757028884774,1.0169534016260413,0.9716143397696585,0.0,-1.340054089036502,0.5774353712327414,0.9047619047619048
2026-06-01,2037.0,2194.0,1880.0,1943.0,702600.0,4100.T,戸田工業,化学,TOPIX Small 2,5787380.0,11244879340.0,360002600.0,2.087641368033792,34.13919413919414,0.8756196484903109,0.5166666666666667,1.8636885502557146,,1.6981696468047627,0.1762504209967238,0.5333885434781941,0.4029492562920311,0.0,-1.3942201123852656,0.5660141084705519,0.9292929292929293
2026-06-01,4865.0,4889.0,4796.0,4851.0,454500.0,2264.T,森永乳業,食料品,TOPIX Mid400,80693632.0,391444808832.0,2945589865.0,1.7690348237565503,-0.16749911402498452,0.9515496273048254,0.6166666666666667,1.6463227822127036,,1.0733896142956687,0.027034343997988573,1.0041554531231898,0.8903764707014262,0.0,-0.8834357044128347,0.5653217655826245,1.0
2026-06-01,1742.0,1760.5,1718.5,1728.0,772400.0,8086.T,ニプロ,精密機器,TOPIX Mid400,163095782.0,281829511296.0,1763698377.5,1.56787469956505,0.10784601143579997,0.981539335416075,0.6666666666666666,1.4633743017830843,,0.6789192834460447,0.028231950515723348,1.1900920545698592,1.1340900779061236,0.0,-0.4535279406144055,0.5622433340596122,0.896551724137931
2026-06-01,4430.0,4480.0,4380.0,4390.0,267400.0,1979.T,大氣社,建設業,TOPIX Small 1,62999595.0,276568222050.0,1172277300.0,1.7590316778805928,0.05509938275100512,0.9585152838427947,0.5666666666666667,1.4319956140549375,,1.0537736775930766,0.02800253041541929,1.0473426191572919,0.6466628634967284,0.0,-0.3797916546367452,0.5579224226262544,0.9846153846153847
2026-06-01,6160.0,7050.0,6130.0,7000.0,645600.0,6101.T,ツガミ,機械,TOPIX Small 1,46501353.0,325509471000.0,2921186475.0,1.703550991970578,0.10394099640035503,0.9929078014184397,0.6666666666666666,2.189564990819779,,0.9449773412682239,0.028214965753598085,1.2605766996454404,1.1340900779061236,0.0,-2.159992047240905,0.5575273260084168,0.9423076923076923
2026-06-01,1562.0,1598.0,1501.0,1514.0,271700.0,9216.T,ビーウィズ,サービス業,TOPIX Small 2,14183148.0,21473286072.0,206075584.6258545,1.8876232847341339,-0.4756687726845006,0.7832306375814104,0.7666666666666667,1.3627570272845289,,1.305938831615906,0.025693968020163972,-0.0394245908042406,1.6215172923155192,0.0,-0.2170889859011008,0.5573964263004422,0.9658119658119658
2026-06-01,4815.0,4885.0,4755.0,4780.0,111400.0,2384.T,ＳＢＳホールディングス,陸運業,TOPIX Small 1,39717367.0,189849014260.0,620934000.0,1.6994543736037118,0.05462574941218312,0.9372549019607843,0.6666666666666666,1.597582621218696,,0.9369439678099535,0.028000470359434496,0.9155279600103926,1.1340900779061236,0.0,-0.7689019647998941,0.5560101149903492,1.0
2026-06-01,4030.0,4310.0,3940.0,4310.0,204900.0,3156.T,レスター,卸売業,TOPIX Small 2,28117729.0,121187411990.0,398220030.0,1.7893227091633466,0.20218340611353702,1.0,0.5833333333333334,2.1285635325120804,,1.1131736863170179,0.028642268579437413,1.3045484280846893,0.7279007325649611,0.0,-2.016645677443673,0.5547165003536122,0.9245283018867925
2026-06-01,4310.0,4335.0,4250.0,4280.0,51600.0,4746.T,東計電算,情報・通信業,TOPIX Small 2,17981918.0,76962609040.0,393420475.0,1.935666886175979,-0.23356540366849643,0.9264069264069265,0.43333333333333335,1.026184746075481,,1.400151218052546,0.026746990376066936,0.8482703628514439,-0.0032400890491318048,0.0,0.5738169370742058,0.5545834581737825,0.9375
2026-06-01,4185.0,4395.0,4175.0,4345.0,177300.0,9880.T,イノテック,電気機器,TOPIX Small 2,12174647.0,52898841215.0,1376101335.0,1.9843962683841836,0.16359072393339535,0.884028484231943,0.6833333333333333,2.3434998895059027,,1.4957084046422153,0.02847441070420371,0.585523440360897,1.2153279469743563,0.0,-2.5217212505077664,0.5543635214295493,0.853448275862069
2026-06-01,2080.0,2080.0,2027.5,2027.5,696600.0,8282.T,ケーズホールディングス,小売業,TOPIX Mid400,154510458.0,313269953595.0,1894491480.0,1.539257791287488,0.19436213848316886,0.9593092027442631,0.75,1.7729099015346725,,0.6228021910475691,0.028608250177711937,1.0522649272309716,1.5402794232472863,0.0,-1.1809007900237996,0.5453024697384176,0.981651376146789
2026-06-01,6640.0,7090.0,6630.0,6910.0,126000.0,3480.T,ジェイ・エス・ビー,不動産業,TOPIX Small 2,21069422.0,145589706020.0,440448150.0,1.324405890292543,-3.9068425391591095,0.9746121297602257,0.8833333333333333,1.8489425981873113,,0.2014826039286835,0.010770166266514216,1.1471432845320608,2.1901823757931465,0.0,-1.3595688309757714,0.5430407642753949,1.0
2026-06-01,4975.0,4975.0,4885.0,4930.0,145900.0,9678.T,カナモト,サービス業,TOPIX Small 1,34335597.0,169274493210.0,584960875.0,1.0312367610924393,0.5117818889970789,0.9801192842942346,0.9333333333333333,1.038714947788747,,-0.3734152484924456,0.029988859191352694,1.1812877181456414,2.433895982997844,0.0,0.5443724126603189,0.5427039643865477,0.9572649572649573
2026-06-01,3575.0,3650.0,3505.0,3565.0,73200.0,7609.T,ダイトロン,卸売業,TOPIX Small 2,21064646.0,75095462990.0,630948815.0,1.847647498132935,0.11853266348131819,0.871638141809291,0.7333333333333333,2.0564564594772476,,1.227547242676853,0.02827843183301944,0.5087031474696763,1.4590415541790536,0.0,-1.8472023978402632,0.5421931613562482,0.9150943396226415
2026-06-01,8070.0,8450.0,8050.0,8180.0,161000.0,6617.T,東光高岳,電気機器,TOPIX Small 2,16052110.0,131306259800.0,1602874600.0,1.6774865665094856,0.2480831471064191,0.9242937853107345,0.7166666666666667,1.8680541627197988,,0.8938656083819656,0.028841908318413805,0.8351688590840284,1.3778036851108213,0.0,-1.4044787966205086,0.5341572639274983,0.8448275862068966
2026-06-01,2668.0,2750.0,2252.0,2349.0,21885900.0,186A.T,アストロスケールホールディングス,サービス業,-,135905600.0,319242254400.0,40233314885.0,2.1942297521050276,1.2462556656432944,0.7791044776119403,0.7333333333333333,2.607820680628272,,1.9071869920579414,0.03318343392931028,-0.06500683918433636,1.4590415541790536,0.0,-3.1428445305153567,0.5338052452610358,0.9487179487179487
2026-06-01,6930.0,7230.0,6740.0,6830.0,139100.0,3449.T,テクノフレックス,金属製品,-,18339090.0,125255984700.0,1290099050.0,1.6603790766348818,2.5879981494944153,0.9082446808510638,0.9,2.8026520911779658,,0.860318218122765,0.03901930823829856,0.7356641914019056,2.271420244861379,0.0,-3.6006758053661745,0.5326464663315451,0.9642857142857143
2026-06-01,577.0,580.0,564.0,567.0,1174800.0,4293.T,セプテーニ・ホールディングス,サービス業,-,207445109.0,117621376803.0,510071335.0,1.376945813694703,0.06845508568194547,0.9742268041237113,0.7333333333333333,1.2945335932371185,,0.3045121732857483,0.028060620700664965,1.1447542603028824,1.4590415541790536,0.0,-0.056771808622030406,0.5281116932529363,0.9401709401709402
2026-06-01,1793.5,1844.0,1766.5,1785.0,875200.0,5463.T,丸一鋼管,鉄鋼,TOPIX Mid400,221153557.0,394759099245.0,1550295860.0,1.8085001590445018,-0.02008524240809806,0.9205776173285198,0.6,1.707340080318752,,1.150780220066568,0.027675516828477065,0.8121285666458795,0.8091386016331934,0.0,-1.0268192959036908,0.5270694730027315,0.9473684210526315
2026-06-01,2300.0,2401.0,2295.0,2357.0,54500.0,9702.T,アイ・エス・ビー,情報・通信業,TOPIX Small 2,11478348.0,27054466236.0,121229415.0,1.2230292226878805,0.014809613481854944,0.9816743023740109,0.8333333333333334,1.3615818912318363,,0.0026853136050113864,0.027827291103686362,1.1909288515594498,1.9464687685884492,0.0,-0.21432755212813026,0.5270678591709252,0.9318181818181818
2026-06-01,3400.0,3488.0,3357.0,3464.0,446900.0,2810.T,ハウス食品グループ本社,食料品,TOPIX Mid400,90836489.0,314657597896.0,1386913717.5,1.7081135167773656,0.6279435957696826,0.9746764209341587,0.6166666666666667,1.9936784506833858,,0.953924346432775,0.030494101537333063,1.1475418906918733,0.8903764707014262,0.0,-1.699681339928717,0.5241853937396797,0.9767441860465116
2026-06-01,1762.5,1865.0,1722.0,1852.5,3058100.0,5301.T,東海カーボン,ガラス・土石製品,TOPIX Mid400,213506193.0,395520222532.5,4604286750.0,1.663952442325568,0.14331860618985415,0.9932975871313673,0.6666666666666666,2.3294001844008814,,0.8673255052375303,0.028386237651213134,1.2629933764095278,1.1340900779061236,0.0,-2.488588574698257,0.5222106939550972,0.8571428571428571
2026-06-01,21510.0,23910.0,21440.0,23070.0,373300.0,6278.T,ユニオンツール,機械,TOPIX Small 1,19213523.0,443255975610.0,7419076800.0,1.385043320213439,0.1754368227065084,0.9648682559598495,0.8,1.7015743012846967,,0.32039119547437,0.028525935005121218,1.0867311333818603,1.7839930304519842,0.0,-1.013270382213532,0.5215109447533659,0.9326923076923077
2026-06-01,2734.0,2758.0,2365.0,2375.0,335800.0,280A.T,ＴＭＨ,卸売業,-,3719800.0,8834525000.0,616748145.0,2.4792117014058728,-0.9066381592343719,0.7196969696969697,0.6,2.4358490566037734,,2.4660299748742407,0.023819477794805713,-0.4333342027301731,0.8091386016331934,0.0,-2.7387311093623548,0.5202297573980882,0.9056603773584906
2026-06-01,2028.0,2036.0,1944.0,1944.0,252400.0,7199.T,プレミアグループ,その他金融業,TOPIX Small 1,38876129.0,75575194776.0,1072064570.0,1.7988276343335659,0.0483934161826185,0.8102572873214732,0.7666666666666667,1.5998666828215973,,1.1318126237886807,0.027973362986881842,0.12814100811773543,1.6215172923155192,0.0,-0.7742692453248551,0.5200888298985229,0.9444444444444444
2026-06-01,5900.0,5940.0,5810.0,5810.0,106900.0,9605.T,東映,情報・通信業,TOPIX Small 1,62486932.0,363049074920.0,886777800.0,1.5652977412731006,0.6656472144156058,0.9603305785123967,0.6333333333333333,1.38739887228892,,0.6738659280949449,0.030658092453667535,1.0585974709963941,0.9716143397696585,0.0,-0.27499447085964174,0.5198429267588986,0.9261363636363636
2026-06-01,5800.0,6000.0,5760.0,5950.0,174100.0,4187.T,大阪有機化学工業,化学,TOPIX Small 1,20337271.0,121006762450.0,1107495979.489746,1.5447673543141094,0.11864161326526923,0.9916666666666667,0.6,1.4381784857871762,,0.6336063161627393,0.02827890570729322,1.252881647168572,0.8091386016331934,0.0,-0.3943206879144053,0.5177023907504813,0.9191919191919192
2026-06-01,8600.0,8740.0,7980.0,8120.0,1146000.0,6890.T,フェローテック,電気機器,-,46838318.0,380327142160.0,12139604200.0,1.8524752679733163,0.3250669725927544,0.7785234899328859,0.8333333333333334,1.9317978319268376,,1.237014387190982,0.029176747480749814,-0.06860897075977679,1.9464687685884492,0.0,-1.5542690447862877,0.5170828525649307,0.8362068965517241
2026-06-01,9770.0,10110.0,9710.0,9910.0,388600.0,6508.T,明電舎,電気機器,TOPIX Small 1,45363963.0,449556873330.0,3668863500.0,1.4085883360585534,-0.04985174011765048,0.8692982456140351,0.9333333333333333,1.6696401747622285,,0.3665624246263273,0.027546048214832863,0.4941957589792672,2.433895982997844,0.0,-0.9382288793276315,0.5155392234894385,0.8275862068965517
2026-06-01,3265.0,3290.0,3180.0,3230.0,47300.0,8065.T,佐藤商事,卸売業,TOPIX Small 2,20709041.0,66890202430.0,161953980.0,1.4672868364223166,0.11478201634877383,0.95,0.7666666666666667,1.7332959110049295,,0.48166882034930647,0.028262118490104286,0.9945477425879838,1.6215172923155192,0.0,-1.0878124952001342,0.5152292523147707,0.8962264150943396
2026-06-01,5730.0,5940.0,5620.0,5910.0,311500.0,7966.T,リンテック,その他製品,TOPIX Small 1,65481432.0,386995263120.0,1752895000.0,1.4802294292054092,0.03589969899707324,0.9949494949494949,0.65,1.5552677946528235,,0.5070489441572348,0.02791902188639167,1.2732352275294665,1.0528522088378913,0.0,-0.6694670177495908,0.5128435174550041,0.9642857142857143
2026-06-01,628.0,639.0,623.0,639.0,774700.0,4290.T,プレステージ・インターナショナル,サービス業,TOPIX Small 1,124734777.0,79705522503.0,400761660.0,2.104123048330297,-0.11142947892809973,0.8547571124755349,0.4166666666666667,1.2258449337799084,,1.7304898390180603,0.027278217428929708,0.4040405341625885,-0.08447795811736433,0.0,0.10463859454839204,0.5128103569540801,0.9316239316239316
2026-06-01,1511.0,1513.0,1283.0,1296.0,2341100.0,6994.T,指月電機製作所,電気機器,-,25254838.0,32730270048.0,868502260.0,1.8856544529037385,-0.2588734163961889,0.8565763384005287,0.65,1.7965649941926178,,1.3020779981299215,0.02663691382779728,0.41531975983901787,1.0528522088378913,0.0,-1.2364875211250406,0.5113461352266649,0.8189655172413793
2026-06-01,935.0,1007.0,931.0,940.0,270600.0,6853.T,共和電業,電気機器,-,25151937.0,23642820780.0,117712260.0,1.8868558153442743,0.13760842481370905,0.9288537549407114,0.55,1.946252830927806,,1.3044338419697141,0.028361401364672467,0.8634407333067687,0.5654249944284961,0.0,-1.5882366201475133,0.5112888756518491,0.8103448275862069
2026-06-01,450.29998779296875,451.0,435.1000061035156,441.0,4395500.0,6472.T,ＮＴＮ,機械,TOPIX Mid400,594506284.0,262177271244.0,3181048706.69281,1.9111223265919168,0.18443347258729004,0.9055441478439425,0.5666666666666667,1.907683601389338,,1.3520199068466225,0.02856506570161338,0.7189208497336244,0.6466628634967284,0.0,-1.4976033927855077,0.5110496729690178,0.9230769230769231
2026-06-01,3635.0,3695.0,3575.0,3605.0,216000.0,7734.T,理研計器,精密機器,TOPIX Small 1,45455784.0,163868101320.0,552856850.0,1.55748154493462,0.009067711655882604,0.9315245478036176,0.6666666666666666,1.338836068680779,,0.6585385486353316,0.027802316849867743,0.8799996856731811,1.1340900779061236,0.0,-0.1608775005851071,0.5096547901625993,0.8620689655172413
2026-06-01,3925.0,3960.0,3700.0,3725.0,71500.0,7637.T,白銅,卸売業,TOPIX Small 2,11341709.0,42247866025.0,191531125.0,1.9803142807805214,0.6021702023896611,0.928927680798005,0.55,2.366688229872507,,1.4877037217707345,0.030382000827925547,0.8638990746355076,0.5654249944284961,0.0,-2.5762111677226778,0.5083044363549072,0.8867924528301887
2026-06-01,3975.0,3975.0,3830.0,3850.0,48000.0,3946.T,トーモク,パルプ・紙,TOPIX Small 2,16496455.0,63511351750.0,228163250.0,1.5710913140311804,0.08324379636735735,0.9447852760736196,0.65,1.453417869020327,,0.685226989696326,0.028124943816159036,0.9622163827509044,1.0528522088378913,0.0,-0.43013147547627034,0.5072025174801723,1.0
2026-06-01,6790.0,7070.0,6710.0,6990.0,303000.0,6516.T,山洋電気,電気機器,TOPIX Small 1,35515041.0,248250136590.0,1344812200.0,1.7802099163011897,0.025511158433934256,0.8870558375634517,0.65,1.7238389676940007,,1.0953037111927382,0.027873837197295224,0.6042930725210657,1.0528522088378913,0.0,-1.06558977248813,0.5063013443029988,0.8017241379310345
2026-06-01,3885.0,4080.0,3880.0,4025.0,379600.0,6104.T,芝浦機械,機械,TOPIX Small 1,23647012.0,95179223300.0,1090554175.0,2.2738618548461464,-0.06469137866187469,0.7785299806576402,0.5333333333333333,1.9169372219559506,,2.063343695782365,0.027481503589931112,-0.0685687281773125,0.4841871253602633,0.0,-1.5193483305706676,0.5056532064831176,0.9134615384615384
2026-06-01,14210.0,14250.0,13570.0,14110.0,457400.0,6135.T,牧野フライス製作所,機械,TOPIX Small 1,23391657.0,330056280270.0,4689029700.0,1.7355332852560117,0.19990398207665439,0.9901754385964913,0.7,2.944682849168616,,1.007693875493588,0.028632354283410988,1.2436360126888457,1.2965658160425886,0.0,-3.9344316551822995,0.5055720496292923,0.9038461538461539
2026-06-01,4560.0,4980.0,4525.0,4975.0,157100.0,8362.T,福井銀行,銀行業,TOPIX Small 2,23656133.0,117689261675.0,357494750.0,1.2483446228784534,0.19880765927348043,0.998995983935743,0.8,1.6388694981780423,,0.05232822533467054,0.028627585855669893,1.2983235147213017,1.7839930304519842,0.0,-0.8659213491977968,0.5042065428497533,0.9534883720930233
2026-06-01,4455.0,4685.0,4425.0,4625.0,491100.0,8154.T,加賀電子,卸売業,TOPIX Small 1,47659032.0,220423023000.0,891491225.0,1.5823868533450804,0.09188304136241943,0.9871931696905016,0.5666666666666667,1.490555279274962,,0.7073772799100927,0.02816251998932382,1.225145904585,0.6466628634967284,0.0,-0.5174000931676699,0.5000435557579799,0.8773584905660378
2026-06-01,2118.0,2153.0,2106.0,2143.0,136800.0,8818.T,京阪神ビルディング,不動産業,TOPIX Small 2,47702331.0,102226095333.0,334364550.0,1.863903740663221,0.20799093227543208,0.9353993889131383,0.48333333333333334,1.6297156468938345,,1.2594253566672233,0.028667528264611653,0.9040237536760259,0.24047351815556575,0.0,-0.844410857684034,0.496678456807297,0.9807692307692307
2026-06-01,11730.0,11770.0,11500.0,11500.0,45700.0,6960.T,フクダ電子,電気機器,-,27015884.0,310682666000.0,721931350.0,1.5345573203333858,0.4985809852017029,0.9207365892714171,0.6833333333333333,1.4471597879851,,0.6135846766924445,0.029931442200952466,0.8131141948713374,1.2153279469743563,0.0,-0.41542570903751147,0.4850297752918946,0.7931034482758621
2026-06-01,1270.0,1272.0,1269.0,1269.0,19000.0,3271.T,ＴＨＥグローバル社,不動産業,-,28305924.0,35920217556.0,216533915.0,1.1510937093324582,0.1444842432608573,0.99140625,0.6,0.09512761020881669,,-0.13837855711589353,0.028391307559573448,1.2512670602649434,0.8091386016331934,0.0,2.761693492862228,0.48221206455199905,0.9615384615384616
2026-06-01,5123.0,5358.0,5050.0,5200.0,1571200.0,4043.T,トクヤマ,化学,TOPIX Mid400,71945671.0,374117489200.0,5373410195.0,1.6990032269630693,0.31164050302628477,0.9705113848450915,0.55,1.8798630521198418,,0.9360592797272074,0.02911834939784908,1.121718609837286,0.5654249944284961,0.0,-1.4322283205465545,0.47884046238566796,0.9090909090909091
2026-06-01,3528.0,3589.0,3474.0,3586.0,928000.0,6923.T,スタンレー電気,電気機器,TOPIX Mid400,122910306.0,440756357316.0,2973318215.0,1.426204821325817,0.39853873842989374,0.9928017718715393,0.6333333333333333,1.5048713407613892,,0.40110794302722824,0.029496311030272584,1.2599193150009995,0.9716143397696585,0.0,-0.5510411814433304,0.4778250184078574,0.7844827586206896
2026-06-01,1816.0,1985.0,1602.0,1716.0,4251400.0,6203.T,豊和工業,機械,-,12071245.0,20714256420.0,1397988140.0,2.2020335476692865,0.009158322619186698,0.852882703777336,0.3333333333333333,1.4017273325342146,,1.92249005388736,0.027802710959914358,0.3924191745357357,-0.4906673034585272,0.0,-0.30866469478423486,0.4770236958609748,0.8942307692307693
2026-06-01,2616.0,2828.0,2580.0,2824.0,78200.0,3441.T,山王,金属製品,-,4241897.0,11979117128.0,178506390.0,1.0701810751416858,0.13524633123689722,0.9778393351800554,0.9333333333333333,1.7355371900826446,,-0.29704635326799617,0.028351127499615457,1.1671520023797783,2.433895982997844,0.0,-1.0930792417403952,0.4766870293965174,0.9285714285714286
2026-06-01,3140.0,3380.0,3105.0,3225.0,601900.0,6376.T,日機装,精密機器,TOPIX Small 1,65264477.0,210477938325.0,1482070805.0,1.4899582578561865,0.1355958689567518,0.9135977337110481,0.7833333333333333,1.8838669303794109,,0.5261269511532832,0.028352647804907923,0.7688531925238105,1.7027551613837515,0.0,-1.441636971250022,0.4757219638893715,0.8275862068965517
2026-06-01,1719.0,1852.0,1683.0,1834.0,377800.0,7537.T,丸文,卸売業,TOPIX Small 2,26242942.0,48129555628.0,310756285.0,1.5051781448343442,0.10804500395969296,0.990280777537797,0.65,1.9285697642974013,,0.5559727959791307,0.02823281602857089,1.2442891155691311,1.0528522088378913,0.0,-1.5466834593105179,0.4755028844759094,0.8679245283018868
2026-06-01,3960.0,4195.0,3905.0,4115.0,706800.0,5384.T,フジミインコーポレーテッド,ガラス・土石製品,TOPIX Small 1,74183256.0,305264098440.0,2045671725.0,1.6303665219018029,0.11046165371794148,0.9809296781883194,0.5666666666666667,1.8447395659420878,,0.8014642954440855,0.028243327184331198,1.1863121713994145,0.6466628634967284,0.0,-1.349692191446033,0.47420415988919473,0.8095238095238095
2026-06-01,2226.0,2232.0,2183.0,2187.0,643000.0,3191.T,ジョイフル本田,小売業,TOPIX Small 1,60273477.0,131818094199.0,670737025.0,1.6860548872722034,0.05458542034521274,0.9711367673179396,0.43333333333333335,1.153608241604162,,0.9106678863666291,0.028000294949198423,1.1255959897428969,-0.0032400890491318048,0.0,0.27438646413738066,0.47301955312703553,0.9724770642201835
2026-06-01,1090.0,1145.0,1089.0,1122.0,1342100.0,4373.T,シンプレクス・ホールディングス,情報・通信業,TOPIX Small 1,223730424.0,251025535728.0,1127313040.0,1.339722805724524,0.09496656342096688,0.9366300595356927,0.7666666666666667,1.4326958715750435,,0.2315187192986329,0.028175931688945218,0.911653928408276,1.6215172923155192,0.0,-0.381437178796579,0.4714101833360486,0.9204545454545454
2026-06-01,1050.0,1108.0,983.0,1019.0,2959500.0,5074.T,テスホールディングス,建設業,TOPIX Small 2,70518974.0,71858834506.0,5584144960.0,2.2402409183664296,5.283979115686022,0.7076388888888889,0.7833333333333333,2.932832315641146,,1.997413820316577,0.05074540787923739,-0.5080944690557673,1.7027551613837515,0.0,-3.906584272374587,0.4705049738266335,0.9692307692307692
2026-06-01,5110.0,5250.0,5050.0,5170.0,121000.0,6800.T,ヨコオ,電気機器,TOPIX Small 2,23310477.0,120515166090.0,1166023825.0,1.379633162142333,0.06290610953354281,0.9070175438596492,0.8666666666666667,1.9229462289619619,,0.30978200116791665,0.028036485572102365,0.7280559252311677,2.108944506724914,0.0,-1.5334688018560096,0.46973404264717494,0.7758620689655172
2026-06-01,3370.0,3370.0,3295.0,3340.0,204800.0,6013.T,タクマ,機械,TOPIX Small 1,72853198.0,243329681320.0,1023775810.0,1.4814491619775523,-0.018126051026257195,0.9709302325581395,0.6333333333333333,1.5936378468221157,,0.5094408117905901,0.027684038280834197,1.124315471400558,0.9716143397696585,0.0,-0.7596322013367558,0.46690484769657864,0.8846153846153846
2026-06-01,1435.0,1497.0,1432.0,1492.0,1245100.0,7419.T,ノジマ,小売業,TOPIX Small 1,291831671.0,435412853132.0,1542227000.0,1.3409930729424224,0.3479958061133963,0.9880794701986755,0.7,1.613015067172351,,0.23400968380626455,0.029276475850454647,1.2306409798867992,1.2965658160425886,0.0,-0.805166427419622,0.46617628692694674,0.963302752293578
2026-06-01,1907.0,1924.0,1870.0,1915.0,332200.0,5702.T,大紀アルミニウム工業所,非鉄金属,TOPIX Small 1,39572274.0,75780904710.0,674414970.0,1.5191116848538637,0.37887036261548057,0.9233365477338477,0.7,1.693759899692327,,0.5832961442992676,0.029410763937222802,0.8292339729836661,1.2965658160425886,0.0,-0.9949074425153756,0.46376302193647523,1.0
2026-06-01,4195.0,4240.0,4140.0,4195.0,168100.0,4634.T,ａｒｔｉｅｎｃｅ,化学,TOPIX Small 1,46897752.0,196736069640.0,649399000.0,1.4495883446522746,0.05193102680927675,0.9512471655328798,0.6166666666666667,1.1806650653916322,,0.44696248910136216,0.02798874973301219,1.0022801859903963,0.8903764707014262,0.0,0.21080605842619848,0.4632906204331967,0.898989898989899
2026-06-01,1755.0,1862.0,1749.0,1856.0,569100.0,7839.T,ＳＨＯＥＩ,その他製品,TOPIX Small 1,51203374.0,95033462144.0,792139035.0,1.6612625533585352,1.0682611567128975,0.9646569646569647,0.48333333333333334,1.4244186046511629,,0.8620506954558259,0.032409251405979556,1.085421124407185,0.24047351815556575,0.0,-0.3619865591180123,0.45867091136432264,0.9285714285714286
2026-06-01,2587.0,2609.0,2568.0,2609.0,110600.0,7990.T,グローブライド,その他製品,TOPIX Small 1,21798947.0,56873452723.0,417854725.0,1.8698898231371412,0.07906074967686338,0.9819345126082047,0.38333333333333336,1.8648012277817987,,1.2711639253496154,0.028106749762524922,1.192542158578917,-0.24695369625382937,0.0,-1.3968347758464994,0.4564413072634191,0.8928571428571429
2026-06-01,1844.0,1945.0,1781.0,1915.0,3012400.0,3101.T,東洋紡,化学,TOPIX Small 1,88244768.0,168988730720.0,1682752830.0,1.5667091359351304,0.17135505681284635,0.9845758354755784,0.55,1.6658699414943678,,0.67663364024231,0.02850818146969931,1.208918396568996,0.5654249944284961,0.0,-0.9293692673244154,0.45641442053985515,0.8888888888888888
2026-06-01,8870.0,9620.0,8820.0,9550.0,776000.0,7826.T,フルヤ金属,その他製品,TOPIX Small 1,24599305.0,234923362750.0,6969138000.0,1.6166604192810616,-0.1496091155280772,0.8673932788374206,0.75,1.8958333333333333,,0.7745869465798758,0.027112156084788026,0.48238493884728795,1.5402794232472863,0.0,-1.4697566338050263,0.4544558452324652,0.8571428571428571
2026-06-01,4470.0,4475.0,4255.0,4330.0,115600.0,135A.T,ＶＲＡＩＮ　Ｓｏｌｕｔｉｏｎ,情報・通信業,-,10256000.0,44408480000.0,720602600.0,1.4344316455609976,-0.7552494540567781,0.9039665970772442,0.7833333333333333,1.7323883365837416,,0.4172405542539145,0.024477939061293384,0.7091400133519778,1.7027551613837515,0.0,-1.0856798003071384,0.45338691019140337,0.9147727272727273
2026-06-01,4010.0,4210.0,4005.0,4175.0,192400.0,2760.T,東京エレクトロン　デバイス,卸売業,TOPIX Small 1,29449481.0,122951583175.0,1093208500.0,1.6014241166793526,0.04296526221802921,0.92880978865406,0.5833333333333334,1.4709020327689237,,0.7447089110975578,0.027949753371289847,0.8631681417267553,0.7279007325649611,0.0,-0.47121723755198447,0.4514225424697079,0.8584905660377359
2026-06-01,11470.0,11470.0,11460.0,11460.0,154000.0,1948.T,弘電社,建設業,-,8733600.0,100087056000.0,1053546050.0,1.573331463825014,0.196002547396267,0.999128160418483,0.5166666666666667,1.7104793796192612,,0.6896198714062469,0.028615385093947655,1.2991430107264206,0.4029492562920311,0.0,-1.034196286076042,0.44811999041033534,0.9538461538461539
2026-06-01,7300.0,8200.0,7190.0,8030.0,373800.0,3891.T,ニッポン高度紙工業,パルプ・紙,-,10546664.0,84689711920.0,1245859600.0,1.3460557888422315,0.16348776327431613,0.9792682926829268,0.75,2.0095257361948162,,0.24393755208543783,0.028473962879474013,1.1760115584884945,1.5402794232472863,0.0,-1.736920627516652,0.44750107255018723,0.9
2026-06-01,4131.0,4132.0,4010.0,4060.0,523000.0,6925.T,ウシオ電機,電気機器,TOPIX Mid400,79348017.0,322152949020.0,2337111085.0,1.5811170726058594,-0.015910205891647156,0.9193840579710145,0.6833333333333333,1.9828175737892424,,0.7048872693758471,0.027693676042065886,0.8047284822657265,1.2153279469743563,0.0,-1.674159535716479,0.44268214806795303,0.7672413793103449
2026-06-01,11200.0,11640.0,10890.0,11100.0,335400.0,4971.T,メック,化学,TOPIX Small 1,18260635.0,202693048500.0,4321928800.0,1.3813124152472183,0.17951714305747069,0.9076042518397384,0.8166666666666667,1.8604359545363345,,0.31307497749971563,0.028543682253192454,0.7316935227514484,1.8652308995202165,0.0,-1.3865768887357695,0.4421991599797606,0.8787878787878788
2026-06-01,2169.0,2216.0,2133.0,2214.0,2212700.0,6770.T,アルプスアルパイン,電気機器,TOPIX Mid400,195114611.0,431983748754.0,5400307735.0,1.7438657799800061,0.3953142029901908,0.9265536723163842,0.5,1.6080567206746417,,1.0240337040942493,0.029482285996588795,0.8491801895019586,0.3217113872237983,0.0,-0.7935148867784408,0.4417959991677489,0.7586206896551724
2026-06-01,7220.0,7320.0,7113.0,7151.0,482500.0,6951.T,日本電子,電気機器,TOPIX Mid400,48701239.0,348262560089.0,2745835600.0,1.3639532168943935,0.12462814387451537,0.9769125683060109,0.6333333333333333,1.3887893529236568,,0.27903399276158647,0.028304943967691888,1.16140603505479,0.9716143397696585,0.0,-0.27826193948731764,0.4409449951843604,0.75
2026-06-01,1195.0,1220.0,1186.0,1210.0,98800.0,8704.T,トレイダーズホールディングス,証券、商品先物取引業,-,26363423.0,31899741830.0,185375165.0,1.3480844929082776,0.06579406090937967,0.9734513274336283,0.6666666666666666,1.5168003087707917,,0.24791579363477853,0.028049046642086135,1.1399462941926333,1.1340900779061236,0.0,-0.5790728762095416,0.43814033678318426,0.9473684210526315
2026-06-01,2438.0,2451.0,2351.0,2377.0,53800.0,2674.T,ハードオフコーポレーション,小売業,TOPIX Small 2,13913120.0,33071486240.0,173669635.0,1.6175517601186227,0.09809720638540487,0.9328885400313972,0.6166666666666667,1.917267786113548,,0.7763348452576365,0.028189548339730797,0.8884564561856583,0.8903764707014262,0.0,-1.5201251180982323,0.4363726043367758,0.9541284403669725
2026-06-01,2418.0,2420.0,2360.0,2374.0,399500.0,8336.T,武蔵野銀行,銀行業,TOPIX Small 1,97902420.0,232420345080.0,1055096190.0,1.0953244159495232,0.04182090315043996,0.9317111459968603,0.8333333333333334,1.0800070376324944,,-0.24774084599116397,0.027944776011056285,0.881156597029535,1.9464687685884492,0.0,0.44734077858714905,0.4356196561285049,0.9302325581395349
2026-06-01,2770.0,2999.0,2716.0,2922.0,1717900.0,6999.T,ＫＯＡ,電気機器,TOPIX Small 1,37137296.0,108515178912.0,1654309930.0,1.4084665114137316,0.1729123763668532,0.974324774924975,0.6666666666666666,1.8229406352290014,,0.36632352932766094,0.02851495499091184,1.1453616806138907,1.1340900779061236,0.0,-1.2984672261768346,0.4329721075794981,0.7413793103448276
2026-06-01,3850.0,3850.0,3740.0,3820.0,59100.0,8137.T,サンワテクノス,卸売業,TOPIX Small 2,15555099.0,59420478180.0,364614050.0,1.7436177918372777,0.03567885721843789,0.9317073170731708,0.5666666666666667,2.159320526281132,,1.0235474051068032,0.027918061340774458,0.8811328576501655,0.6466628634967284,0.0,-2.0889210545408994,0.43164631493939176,0.8490566037735849
2026-06-01,4345.0,4700.0,4335.0,4475.0,1908000.0,4368.T,扶桑化学工業,化学,TOPIX Small 1,105796374.0,473438773650.0,3758369650.0,1.4447606599678489,-0.07957127416434939,0.9440928270042194,0.7166666666666667,2.0021409647313395,,0.4374955115760841,0.027416783868428312,0.9579231890271918,1.3778036851108213,0.0,-1.7195672689177153,0.4285049009873038,0.8686868686868687
2026-06-01,12300.0,12850.0,12220.0,12380.0,140000.0,6875.T,メガチップス,電気機器,TOPIX Small 1,14788161.0,183077433180.0,2248530150.0,1.458311859719691,0.08542915002941354,0.9619269619269619,0.6833333333333333,2.044012706356257,,0.464069099512576,0.028134448955517703,1.06849507005301,1.2153279469743563,0.0,-1.8179610176170324,0.4281510422929273,0.7327586206896551
2026-06-01,4500.0,4545.0,4435.0,4525.0,103200.0,7433.T,伯東,卸売業,TOPIX Small 1,18826390.0,85189414750.0,465362225.0,1.4744852601258847,0.05402964301049784,0.9658484525080042,0.5833333333333334,1.5358299980376946,,0.4957847620219168,0.027997877610023272,1.0928083654188498,0.7279007325649611,0.0,-0.6237904444522603,0.4275029206538861,0.839622641509434
2026-06-01,2450.0,2475.0,2380.0,2408.0,262200.0,1945.T,東京エネシス,建設業,TOPIX Small 2,33134863.0,79788750104.0,1146972350.0,1.6790751510360793,0.17412505795641686,0.9062852841550622,0.5666666666666667,1.6737444202065412,,0.8969807857378489,0.028520229518191623,0.7235159050234958,0.6466628634967284,0.0,-0.9478733813038214,0.4256841952780275,0.9384615384615385
2026-06-01,5810.0,6910.0,4910.0,4980.0,1457600.0,6327.T,北川精機,機械,-,8167788.0,40675584240.0,3243971420.0,2.178887318783692,0.25347133027839686,0.7206946454413893,0.7833333333333333,3.178284612913588,,1.877100836699715,0.028865344082074813,-0.4271485994367031,1.7027551613837515,0.0,-4.48336877472074,0.42230666077963264,0.875
2026-06-01,1377.0,1381.0,1336.0,1366.0,1042700.0,7004.T,カナデビア,機械,TOPIX Small 1,168230573.0,229802962718.0,1910943370.0,1.4742643772040909,0.04277103591267428,0.9016501650165016,0.7166666666666667,1.7371962843259177,,0.49535161574310416,0.027948908588986836,0.6947781028172427,1.3778036851108213,0.0,-1.0969779212723672,0.4216024083494761,0.8653846153846154
2026-06-01,2390.0,2405.0,2289.0,2324.0,86600.0,7713.T,シグマ光機,精密機器,-,7082172.0,16458967728.0,170346761.04370117,1.4715309405748216,0.07000160849284232,0.9382317319337908,0.65,1.7085474842903074,,0.48999141000731006,0.028067347261721953,0.9215843192353076,1.0528522088378913,0.0,-1.029656555552931,0.42027655671235664,0.7931034482758621
2026-06-01,3810.0,3900.0,3700.0,3890.0,48200.0,6928.T,エノモト,電気機器,-,6597596.0,25664648440.0,231519675.0,1.2868239921337266,-0.16168136020151136,0.9773869346733668,0.7,1.6643373813118167,,0.1277853746182055,0.027059648168112915,1.164347113035928,1.2965658160425886,0.0,-0.9257679281964825,0.41977715430032936,0.7241379310344828
2026-06-01,537.0,540.0,511.0,515.0,1487500.0,5563.T,新日本電工,鉄鋼,TOPIX Small 1,124787164.0,64265389460.0,624722765.0,1.4178820403766403,0.06317241576742849,0.9212880143112702,0.6833333333333333,1.5180752276310028,,0.38478716291334636,0.028037643864194446,0.8165330376784273,1.2153279469743563,0.0,-0.5820687880363612,0.4197085618744061,0.8947368421052632
2026-06-01,1615.0,1620.0,1513.0,1525.0,249200.0,2938.T,オカムラ食品工業,食料品,-,50253380.0,76636404500.0,227434770.0,1.638761622422854,-0.038224606501852665,0.9066587395957194,0.5833333333333334,1.6762742179863452,,0.8179268925585231,0.02759662013244916,0.7258313338756204,0.7279007325649611,0.0,-0.953818113415418,0.41804134916184044,0.9534883720930233
2026-06-01,1730.0,1733.0,1693.0,1711.0,223200.0,8051.T,山善,卸売業,TOPIX Small 1,90894043.0,155519707573.0,519331335.0,1.4197101427042864,0.17123481209381186,0.9505555555555556,0.6333333333333333,1.5582524180453032,,0.388372029113404,0.028507658468396865,0.9979921946490589,0.9716143397696585,0.0,-0.6764805374324452,0.4157364849190885,0.8301886792452831
2026-06-01,2672.0,2716.0,2636.0,2693.0,239700.0,4071.T,プラスアルファ・コンサルティング,情報・通信業,TOPIX Small 1,42390750.0,114158289750.0,646483215.0,1.1559882224614484,-0.11216142744167656,0.9915316642120766,0.7,1.304885440659474,,-0.1287805305631631,0.027275033837758308,1.2520446300992387,1.2965658160425886,0.0,-0.08109745246491269,0.41546255162163925,0.9090909090909091
2026-06-01,6150.0,6580.0,6100.0,6530.0,240500.0,4099.T,四国化成ホールディングス,化学,TOPIX Small 2,43249220.0,282417406600.0,1552895650.0,1.4124402168844836,0.09191342073445385,0.9436416184971098,0.6666666666666666,1.6734796651299317,,0.37411587345175923,0.028162652123618525,0.9551256900970736,1.1340900779061236,0.0,-0.9472512375031613,0.41434571922401964,0.8585858585858586
2026-06-01,3875.0,4055.0,3860.0,4055.0,89400.0,6340.T,澁谷工業,機械,TOPIX Small 2,27666271.0,112186728905.0,164721625.0,1.4207930132887678,0.08229227579607667,1.0,0.5333333333333333,1.4808870259518039,,0.3904955131758868,0.028120805201988848,1.3045484280846893,0.4841871253602633,0.0,-0.49468081637326883,0.4134577931967829,0.8557692307692307
2026-06-01,1215.0,1218.0,1137.0,1198.0,1670400.0,9519.T,レノバ,電気・ガス業,TOPIX Small 1,90395000.0,108293210000.0,1973911375.0,1.3458030119084388,0.13474234657659934,0.8557142857142858,0.9,1.929539295392954,,0.24344186238995194,0.02834893543134114,0.409975021365626,2.271420244861379,0.0,-1.5489617452205364,0.41320765319662855,1.0
2026-06-01,1074.0,1106.0,1052.0,1060.0,354100.0,4410.T,ハリマ化成グループ,化学,TOPIX Small 2,24310150.0,25768759000.0,111698835.0,1.7061111526666168,0.02551707742293363,0.9584086799276673,0.4166666666666667,1.5105331913094084,,0.9499977569239293,0.027873862941785135,1.0466816734219693,-0.08447795811736433,0.0,-0.5643458752147349,0.41291525217248115,0.8484848484848485
2026-06-01,7500.0,7580.0,7320.0,7440.0,110800.0,7806.T,ＭＴＧ,その他製品,-,39334482.0,292648546080.0,1333699300.0,1.0599911071587373,0.3284744939832849,0.9789473684210527,0.8166666666666667,1.5234412759787337,,-0.31702864378276113,0.029191568407104657,1.1740218236650244,1.8652308995202165,0.0,-0.5946783808582854,0.4128958117742089,0.8214285714285714
2026-06-01,5495.0,5498.0,5321.0,5400.0,274600.0,5232.T,住友大阪セメント,ガラス・土石製品,TOPIX Mid400,31691265.0,171132831000.0,1641498180.0,1.6226763127635109,0.47922065520545565,0.9819967266775778,0.48333333333333334,1.8331857080508216,,0.7863839739575221,0.029847234945239474,1.1929278866619806,0.24047351815556575,0.0,-1.3225419620611547,0.41258730917836367,0.7619047619047619
2026-06-01,1551.0,1587.0,1514.0,1566.0,161500.0,5218.T,オハラ,ガラス・土石製品,TOPIX Small 2,23734432.0,37168120512.0,157127860.0,1.2806247806247806,0.1454437441884493,0.9577981651376147,0.7333333333333333,1.7191239557462183,,0.11562886484884015,0.02839548088409748,1.0428964733535258,1.4590415541790536,0.0,-1.0545100398880347,0.41071611223639587,0.7142857142857143
2026-06-01,4085.0,4115.0,3885.0,4065.0,344000.0,7685.T,ＢｕｙＳｅｌｌ　Ｔｅｃｈｎｏｌｏｇｉｅｓ,卸売業,-,61829982.0,251338876830.0,1588636825.0,1.2505451511348258,0.13621108724348385,0.9783393501805054,0.6833333333333333,1.5029142702895328,,0.05664341012998718,0.028355323680969963,1.1702521022377415,1.2153279469743563,0.0,-0.546442292246897,0.41027718133409624,0.8207547169811321
2026-06-01,2398.0,2398.0,2019.0,2086.0,2777800.0,3853.T,アステリア,情報・通信業,TOPIX Small 2,16985944.0,35432679184.0,6307688995.0,1.9027957162845766,0.7453958221188075,0.7577188521612787,0.7166666666666667,2.119614460170206,,1.3356916174503328,0.031004956964908827,-0.1975980101739546,1.3778036851108213,0.0,-1.995616392753628,0.40904427469796134,0.9034090909090909
2026-06-01,2157.0,2157.0,2046.0,2067.0,160800.0,7725.T,インターアクション,精密機器,TOPIX Small 2,10145393.0,20970527331.0,317630943.8684082,1.5236763236763238,0.03418892927476569,0.9185774159615758,0.6666666666666666,1.922779750636864,,0.5922472949994466,0.027911580937632,0.7997272907481977,1.1340900779061236,0.0,-1.5330775970518176,0.4084448089672369,0.7586206896551724
2026-06-01,3020.0,3070.0,2979.0,3055.0,266600.0,7716.T,ナカニシ,精密機器,-,83049382.0,253715862010.0,776754665.0,1.1366974548660767,0.1189757100629738,0.960691823899371,0.7833333333333333,1.4871069683221207,,-0.16660927771806783,0.028280358852693255,1.0608371973482855,1.7027551613837515,0.0,-0.5092969613617303,0.4075336358927896,0.7241379310344828
2026-06-01,3400.0,3497.0,3350.0,3443.0,432000.0,6136.T,オーエスジー,機械,TOPIX Mid400,82148673.0,282837881139.0,1809402268.0908203,1.3377436616261924,0.2109933778610178,0.9606082577914181,0.65,1.496746386313874,,0.22763766369476607,0.028680587324206128,1.0603190863332919,1.0528522088378913,0.0,-0.531948478463274,0.40747378742392143,0.8461538461538461
2026-06-01,6780.0,7100.0,6770.0,6900.0,107400.0,255A.T,ジーエルテクノホールディングス,精密機器,-,12893370.0,88964253000.0,788478600.0,1.4865414454092498,1.9834471675371637,0.9663865546218487,0.7,2.525620691815426,,0.519426661312981,0.03638982934309989,1.0961446059020306,1.2965658160425886,0.0,-2.9496840664776056,0.4051837129269343,0.6896551724137931
2026-06-01,2273.0,2321.0,2262.0,2312.0,158900.0,7970.T,信越ポリマー,化学,TOPIX Small 1,80371721.0,185819418952.0,380228050.0,1.1892881426852868,0.08571539537051431,0.9825754356141096,0.6666666666666666,1.2375591886146053,,-0.0634801605183594,0.02813569397224208,1.1965158900025397,1.1340900779061236,0.0,0.07711145090268758,0.4044361455950315,0.8383838383838383
2026-06-01,2603.0,2613.0,2547.0,2550.0,107000.0,7976.T,三菱鉛筆,その他製品,TOPIX Small 1,54090835.0,137931629250.0,284959545.0,1.1957217733710546,0.058230807771530335,0.9539842873176206,0.7166666666666667,1.2867551718808536,,-0.05086396018850133,0.02801615046773764,1.0192503785815488,1.3778036851108213,0.0,-0.03849341831618578,0.40288400513693273,0.7857142857142857
2026-06-01,2111.0,2119.0,2011.0,2040.0,220200.0,2681.T,ゲオホールディングス,小売業,TOPIX Small 1,39783471.0,81158280840.0,482576705.0,1.2810488302716283,-0.08415475603745692,0.9506057781919851,0.7,1.5062883803602265,,0.11646041635618284,0.02739684813230091,0.998303575683471,1.2965658160425886,0.0,-0.55437106056405,0.40239135063700093,0.944954128440367
2026-06-01,4570.0,4765.0,4525.0,4730.0,155500.0,3636.T,三菱総合研究所,情報・通信業,TOPIX Small 1,15759362.0,74541782260.0,424107475.0,1.7474962443665498,-0.365466777979669,0.8978098601081249,0.4166666666666667,1.1371322914959856,,1.031152960425262,0.026173288752299743,0.6709681597349798,-0.08447795811736433,0.0,0.31310304079780005,0.4015086525636718,0.8977272727272727
2026-06-01,2862.0,2862.0,2817.0,2820.0,84400.0,9755.T,応用地質,サービス業,TOPIX Small 2,22787574.0,64260958680.0,370293170.0,1.8839523746335816,-0.02748302812482173,0.8676226719014033,0.35,0.9928424412678544,,1.298740262179224,0.027643340350406765,0.48380717898894465,-0.40942943439029467,0.0,0.6521674960188412,0.39955129607259454,0.9230769230769231
2026-06-01,1610.0,1616.0,1565.0,1581.0,588300.0,7322.T,三十三フィナンシャルグループ,銀行業,TOPIX Small 2,104061452.0,164521155612.0,921013685.0,1.4592826528310399,-0.13700013720976323,0.8495432563138098,0.7166666666666667,1.3423867244204895,,0.465972802253661,0.027166998510600792,0.3717145544782685,1.3778036851108213,0.0,-0.16922113079997633,0.3958373573133435,0.9069767441860465
2026-06-01,4570.0,4580.0,4455.0,4555.0,108500.0,7944.T,ローランド,その他製品,TOPIX Small 1,26375403.0,120139960665.0,554007600.0,1.2701471827568886,0.016464555876160025,0.9701810436634718,0.65,1.4210480232076392,,0.09508253881097183,0.02783448923292355,1.119670489982288,1.0528522088378913,0.0,-0.35406608266648376,0.3948878821997909,0.75
2026-06-01,2193.5,2260.0,2171.0,2230.0,743400.0,2531.T,宝ホールディングス,食料品,TOPIX Mid400,192873787.0,430108545010.0,1160086465.0,1.075631625541961,0.1322958539106467,0.971042891356412,0.8,1.5617302613571193,,-0.2863579505423037,0.028338294474623882,1.1250139574943923,1.7839930304519842,0.0,-0.6846530668653933,0.3938641787064865,0.9302325581395349
2026-06-01,2305.0,2320.0,2252.0,2257.0,764100.0,8358.T,スルガ銀行,銀行業,TOPIX Small 1,170462712.0,384734340984.0,2054697180.0,1.2428639324554782,0.02563610430798402,0.925,0.7166666666666667,1.255477748849417,,0.04158071872457703,0.027874380646150096,0.8395473998396318,1.3778036851108213,0.0,0.03500490733946369,0.3936940529442045,0.8837209302325582
2026-06-01,1007.0,1008.0,907.0,930.0,6508200.0,6966.T,三井ハイテック,電気機器,TOPIX Small 1,182749385.0,169956928050.0,2538499620.0,1.5824473827614924,1.2689355552226442,0.9011627906976745,0.5833333333333334,1.6029326688778174,,0.7074959766896565,0.03328207952376661,0.6917563753586444,0.7279007325649611,0.0,-0.7814739578546966,0.393657201117094,0.7155172413793104
2026-06-01,1146.0,1155.0,1103.0,1135.0,484000.0,8032.T,日本紙パルプ商事,卸売業,TOPIX Small 2,111442293.0,126487002555.0,454908195.0,1.276895895623811,0.06473497166092335,0.9190283400809717,0.7166666666666667,1.336989982758543,,0.10831660797912192,0.028044440160730454,0.8025230264705919,1.3778036851108213,0.0,-0.15653941224053863,0.39343844948367773,0.8113207547169812
2026-06-01,3910.0,3945.0,3890.0,3920.0,151300.0,9303.T,住友倉庫,倉庫・運輸関連業,TOPIX Small 1,76214140.0,298759428800.0,598386750.0,1.3352049571704494,-0.006850257048364394,0.9263143257348313,0.65,1.25891774418728,,0.2226593232278801,0.02773308205576197,0.8476962374149049,1.0528522088378913,0.0,0.026921316266693734,0.3914112459429099,1.0
2026-06-01,3015.0,3400.0,3010.0,3345.0,394300.0,6145.T,ＮＩＴＴＯＫＵ,機械,-,16874482.0,56445142290.0,462328375.0,1.3175257731958763,0.309300833867864,0.9838235294117647,0.6333333333333333,1.692522666504239,,0.18799085411835512,0.029108173067221188,1.2042540886592845,0.9716143397696585,0.0,-0.9920000876582097,0.39126772111078933,0.8365384615384616
2026-06-01,285.0,297.0,274.0,291.0,3100800.0,6619.T,ダブル・スコープ,電気機器,TOPIX Small 2,60324882.0,17554540662.0,994299500.0,1.4554131577662863,0.16375997246610963,0.8038674033149171,0.8333333333333334,1.6221837088388213,,0.4583848123150526,0.028475146846329187,0.08852363967219928,1.9464687685884492,0.0,-0.8267116746206103,0.39005444928202215,0.7068965517241379
2026-06-01,3435.0,3470.0,3355.0,3450.0,82400.0,4972.T,綜研化学,化学,-,16595165.0,57253319250.0,204175750.0,1.028917456409082,0.09503546099290783,0.9491059147180193,0.8,1.2020067635961462,,-0.37796335110205675,0.02817623135715643,0.9890044015818535,1.7839930304519842,0.0,0.16065553665516247,0.3859858317807014,0.8282828282828283
2026-06-01,1412.0,1412.0,1398.0,1401.0,97600.0,9304.T,澁澤倉庫,倉庫・運輸関連業,TOPIX Small 2,56933927.0,79764431727.0,191577050.0,1.4010893617021276,-0.11041552996582715,0.9556616643929059,0.55,1.2696961363092263,,0.35185711010486653,0.027282627573775513,1.0296501394450464,0.5654249944284961,0.0,0.0015933417265001709,0.3856083785592692,0.8571428571428571
2026-06-01,16690.0,17080.0,16380.0,16580.0,47200.0,4970.T,東洋合成工業,化学,-,7936738.0,131591116040.0,1678709000.0,1.5199379284905683,0.11140327915665238,0.8586224754013465,0.7333333333333333,1.8992114081025628,,0.5849163888782726,0.028247422759877627,0.4280058372964916,1.4590415541790536,0.0,-1.477694718705065,0.38386361756044063,0.8181818181818182
2026-06-01,536.0,569.0,522.0,546.0,392800.0,4366.T,ダイトーケミックス,化学,-,32206050.0,17584503300.0,170440745.0,1.742687496087777,0.5272724888195255,0.8806451612903226,0.5,1.627097078230318,,1.021723116751601,0.0300562351555356,0.5645467917377155,0.3217113872237983,0.0,-0.8382575242655687,0.38219802819461857,0.8080808080808081
2026-06-01,5770.0,5830.0,5490.0,5530.0,98300.0,4973.T,日本高純度化学,化学,TOPIX Small 2,5803161.0,32091480330.0,386891850.0,1.2831648647408744,0.6283821093318609,0.9170812603648425,0.7,1.3436380685836686,,0.12060991079762642,0.030496008840755637,0.7904511055362564,1.2965658160425886,0.0,-0.17216164481611507,0.38174349118242934,0.797979797979798
2026-06-01,4860.0,4890.0,4690.0,4690.0,139700.0,6744.T,能美防災,電気機器,TOPIX Small 1,58862925.0,276067118250.0,720793700.0,1.4464551939264663,0.0205181797487739,0.9342629482071713,0.6,1.5909999444437308,,0.44081845330709724,0.027852120365351125,0.8969778057185029,0.8091386016331934,0.0,-0.7534334359250568,0.3802623230105388,0.6982758620689655
2026-06-01,3550.0,3575.0,3470.0,3490.0,39300.0,8871.T,ゴールドクレスト,不動産業,TOPIX Small 1,33235057.0,115990348930.0,165031200.0,1.4278997265734803,0.2409054163298303,0.9064935064935065,0.6666666666666666,1.6379156684679512,,0.40443161284743595,0.028810688963626967,0.7248068863765651,1.1340900779061236,0.0,-0.8636799597271283,0.3802014664276409,0.9423076923076923
2026-06-01,5400.0,5510.0,4830.0,5100.0,359600.0,6597.T,ＨＰＣシステムズ,電気機器,-,3867369.0,19723581900.0,1123725305.0,1.661646394147442,1.5252381340063503,0.9042553191489362,0.65,2.498218145703102,,0.8628033983267462,0.03439686097613452,0.7109300941548284,1.0528522088378913,0.0,-2.8852912532994472,0.3801493523173972,0.6896551724137931
2026-06-01,4454.0,4528.0,4142.0,4149.0,1172000.0,4061.T,デンカ,化学,TOPIX Mid400,86199714.0,357642613386.0,4802758145.0,1.2699824301318239,0.16900626855100453,0.9021526418786693,0.7833333333333333,1.6644783557882434,,0.09475946274021053,0.028497965475766416,0.6978934662516068,1.7027551613837515,0.0,-0.9260992019068239,0.3795013644165371,0.7878787878787878
2026-06-01,3075.0,3075.0,3025.0,3060.0,73600.0,8173.T,上新電機,小売業,TOPIX Small 1,25879676.0,79191808560.0,272626955.0,0.9988367443382166,0.14872691316170505,0.9886914378029079,0.7666666666666667,1.3476804275929768,,-0.4369509287369284,0.028409760942822382,1.234435187423076,1.6215172923155192,0.0,-0.18166072082965243,0.3788963033419339,0.9357798165137615
2026-06-01,1198.0,1208.0,1119.0,1184.0,2162200.0,4259.T,エクサウィザーズ,情報・通信業,-,94929659.0,112396716256.0,3716998110.0,1.7041009621391978,5.250855212986164,0.8193771626297578,0.6666666666666666,1.9321674615792266,,0.9460558199937905,0.05060133631922784,0.1846843600619896,1.1340900779061236,0.0,-1.5551376317071461,0.3784577911912137,0.8920454545454546
2026-06-01,1847.5,1864.5,1819.5,1857.0,1251100.0,7956.T,ピジョン,その他製品,TOPIX Mid400,119644838.0,222180464166.0,2316974362.5,1.2536489434791716,-0.0888215498651167,0.9687010954616588,0.6833333333333333,1.6845453379189468,,0.06272987482016129,0.0273765500329771,1.1104947908410554,1.2153279469743563,0.0,-0.973254288375621,0.3782620420088681,0.7142857142857143
2026-06-01,9370.0,9600.0,9240.0,9370.0,37600.0,6284.T,日精エー・エス・ビー機械,機械,TOPIX Small 1,14991058.0,140466213460.0,453861250.0,1.0844854618015962,0.053932584269662964,0.9750260145681582,0.75,1.491640866873065,,-0.26899578330034135,0.027997455455534673,1.1497093760155754,1.5402794232472863,0.0,-0.5199510984321676,0.374736651807398,0.8269230769230769
2026-06-01,1105.0,1105.0,1076.0,1083.0,256700.0,6523.T,ＰＨＣホールディングス,電気機器,TOPIX Small 1,126512054.0,137012554482.0,454056730.0,1.57690675891779,0.34157376217389457,0.9280353137641824,0.45,1.1873603427496704,,0.6966309420336929,0.029248543336064727,0.8583663867915139,0.07799778001910071,0.0,0.19507293120784058,0.37459646226399934,0.6810344827586207
2026-06-01,992.0,1025.0,982.0,1009.0,145000.0,2354.T,ＹＥ　ＤＩＧＩＴＡＬ,情報・通信業,-,17825985.0,17986418865.0,180701575.0,1.1884623205710443,0.07383175986033663,0.960952380952381,0.6833333333333333,1.369522159862809,,-0.06509957850160776,0.028084006406255368,1.0624526546491675,1.2153279469743563,0.0,-0.23298626480551418,0.3738865167118731,0.8863636363636364
2026-06-01,3550.0,3615.0,3515.0,3600.0,90400.0,9436.T,沖縄セルラー電話,情報・通信業,-,92125245.0,331650882000.0,475291500.0,1.141905167557467,0.06452923346145423,0.9742895805142084,0.7,1.4409100179400565,,-0.15639707409869205,0.028043545307741065,1.1451434747846247,1.2965658160425886,0.0,-0.4007394724641901,0.371388211542366,0.8806818181818182
2026-06-01,1550.0,1600.5,1542.0,1597.5,1454800.0,1860.T,戸田建設,建設業,TOPIX Mid400,296040040.0,472923963900.0,1753007147.5,1.5021049482085815,-0.006262172011329392,0.9845175684878745,0.4166666666666667,1.301995312282795,,0.5499463287823991,0.027735639916454648,1.2085571404463957,-0.08447795811736433,0.0,-0.0743059851371122,0.36974492728953234,0.9230769230769231
2026-06-01,5500.0,5600.0,5290.0,5340.0,63800.0,6125.T,岡本工作機械製作所,機械,-,6610053.0,35297683020.0,323753225.0,1.3824728620598359,-0.06307939302915744,0.9535714285714286,0.5833333333333334,1.5141367498302212,,0.3153505867435779,0.027488514879842295,1.016690648694892,0.7279007325649611,0.0,-0.5728138208449002,0.36959232398733255,0.8173076923076923
2026-06-01,1252.0,1252.0,1204.0,1231.0,264000.0,6339.T,新東工業,機械,TOPIX Small 2,52516442.0,64647740102.0,234748290.0,1.46823425240426,-0.010198765412608002,0.9396946564885497,0.5666666666666667,1.6294492065901895,,0.4835266810826476,0.027718517805042094,0.9306544715314116,0.6466628634967284,0.0,-0.8437847537948036,0.3687523858629738,0.8076923076923077
2026-06-01,2035.0,2035.0,1980.0,1992.0,40200.0,3877.T,中越パルプ工業,パルプ・紙,-,12565368.0,25030213056.0,114213560.0,1.3310560332278787,-0.09667815299793248,0.9613899613899614,0.5833333333333334,1.3903039645221822,,0.2145233797506442,0.027342377940395582,1.0651656593613648,0.7279007325649611,0.0,-0.28182110151925216,0.36859362610381446,0.8
2026-06-01,576.0,576.0,550.0,550.0,390900.0,4228.T,積水化成品工業,化学,TOPIX Small 2,45597568.0,25078662400.0,199178905.0,1.4814617658942668,-1.862480376766091,0.9228187919463087,0.5666666666666667,1.5122137209225195,,0.5094655277784946,0.019662066735770707,0.8260238800025266,0.6466628634967284,0.0,-0.5682949253859799,0.36607135788428186,0.7777777777777778
2026-06-01,1790.0,1798.0,1689.0,1692.0,392700.0,5989.T,エイチワン,金属製品,TOPIX Small 2,28147129.0,47624942268.0,462320855.0,1.4493117340943429,0.522901112296206,0.9271232876712329,0.6,1.6550956214625434,,0.44642006222256414,0.030037221966153587,0.8527118125114094,0.8091386016331934,0.0,-0.9040508617249101,0.36582493070819483,0.8928571428571429
2026-06-01,650.0,650.0,615.0,616.0,528300.0,5408.T,中山製鋼所,鉄鋼,TOPIX Small 2,54215451.0,33396717816.0,335179150.0,1.5007630144348894,-0.044271461121522915,0.8915813360810656,0.6,1.5079278538962717,,0.5473148278235773,0.027570319494323852,0.6323512253745581,0.8091386016331934,0.0,-0.5582236337039458,0.36365114046416863,0.8421052631578947
2026-06-01,842.0,871.0,831.0,871.0,670000.0,6727.T,ワコム,電気機器,TOPIX Small 1,134550131.0,117193164101.0,521529635.0,1.4665318511126035,0.01989904350855376,0.976457399103139,0.45,1.3282887974422648,,0.4801883116942929,0.027849427448251494,1.1585839797566442,0.07799778001910071,0.0,-0.13609263338272826,0.36362126607069367,0.6724137931034483
2026-06-01,6180.0,6180.0,6030.0,6110.0,176200.0,7278.T,エクセディ,輸送用機器,TOPIX Small 1,36545812.0,223294911320.0,1189482150.0,1.333757660418169,0.02048709580880992,0.9713831478537361,0.5333333333333333,1.2432408957401582,,0.21982120791549253,0.027851985166556393,1.1271235524426961,0.4841871253602633,0.0,0.06376009647127596,0.3631590823866548,0.9354838709677419
2026-06-01,1937.0,1942.0,1911.0,1930.0,133500.0,8541.T,愛媛銀行,銀行業,TOPIX Small 2,39075801.0,75416295930.0,328473855.0,1.268472346050973,0.15061120726958022,0.946078431372549,0.6166666666666667,1.2259790989241612,,0.0917982229349651,0.02841795663141917,0.9702339633333404,0.8903764707014262,0.0,0.10432332198089125,0.36287347426252264,0.8604651162790697
2026-06-01,3500.0,3550.0,3270.0,3335.0,1792400.0,4028.T,石原産業,化学,TOPIX Small 1,38266773.0,127619687955.0,2049138260.0,2.0758716486322704,0.08313177192809706,0.852527253028538,0.3,1.6400166793221278,,1.6750895004537611,0.028124456568751337,0.3902153750199821,-0.6531430415949923,0.0,-0.868617092169629,0.3624442534118943,0.7676767676767676
2026-06-01,3985.0,4125.0,3955.0,3975.0,166900.0,6929.T,日本セラミック,電気機器,TOPIX Small 1,20704561.0,82300629975.0,665252975.0,1.4204704006378315,-0.008406690899067981,0.9287383177570093,0.6,1.5817726779134582,,0.3898628772612759,0.02772631238689311,0.8627250211851795,0.8091386016331934,0.0,-0.7317504270764118,0.3617255705402365,0.6637931034482759
2026-06-01,259.0,270.0,253.0,266.0,700000.0,3776.T,ブロードバンドタワー,情報・通信業,-,61457978.0,16347822148.0,192461190.0,0.945668181106063,0.023733738217906142,0.9637681159420289,0.8333333333333334,1.4241768053966297,,-0.5412132461981193,0.027866106353933075,1.0799102501885258,1.9464687685884492,0.0,-0.36141835884348494,0.3615446624227518,0.875
2026-06-01,975.0,982.0,969.0,975.0,736800.0,8628.T,松井証券,証券、商品先物取引業,TOPIX Small 1,257594793.0,251154923175.0,962119620.0,1.0842436269054236,0.11469453829692,0.9779338014042126,0.6666666666666666,1.133760029074114,,-0.2694700159142234,0.028261738006575176,1.1677376942646789,1.1340900779061236,0.0,0.3210274673539746,0.359410354429641,0.8947368421052632
2026-06-01,1975.0,2008.0,1965.0,2000.0,34200.0,9726.T,ＫＮＴ－ＣＴホールディングス,サービス業,TOPIX Small 2,27319257.0,54638514000.0,106088635.0,1.1053867356314016,0.11763399232062954,0.945179584120983,0.75,1.3992589936233337,,-0.22800887082969237,0.028274523085996813,0.9646610980504948,1.5402794232472863,0.0,-0.3028643839044642,0.3588973269660448,0.9145299145299145
2026-06-01,2355.0,2377.0,2320.0,2370.0,117900.0,3150.T,グリムス,電気・ガス業,TOPIX Small 2,23124402.0,54804832740.0,239745725.0,1.6209032258064515,-0.034037421258459544,0.7796052631578947,0.6666666666666666,1.284841402663315,,0.782906991621249,0.027614832186612308,-0.06190196193368262,1.1340900779061236,0.0,-0.03399628205790019,0.3586637611482524,0.9375
2026-06-01,1900.0,1931.0,1644.0,1681.0,4508900.0,290A.T,Ｓｙｎｓｐｅｃｔｉｖｅ,情報・通信業,-,131879450.0,221689355450.0,6538150545.0,1.5301701412743378,0.12366417976170996,0.7855140186915888,0.7666666666666667,1.597002943537597,,0.6049815204661555,0.028300751230658953,-0.025267596616130338,1.6215172923155192,0.0,-0.7675397893119099,0.35811765298271,0.8693181818181818
2026-06-01,2639.0,2639.0,2553.0,2563.0,42500.0,8081.T,カナデン,卸売業,TOPIX Small 2,22295661.0,57143779143.0,139589105.0,1.4629157135315856,-0.0469730800016851,0.9088652482269504,0.6333333333333333,1.8009985020742307,,0.4730971498961228,0.02755856887272159,0.7395117176403402,0.9716143397696585,0.0,-1.2469057517366917,0.35646313659889334,0.8018867924528302
2026-06-01,3495.0,3495.0,3290.0,3380.0,207100.0,7715.T,長野計器,精密機器,TOPIX Small 2,18572791.0,62776033580.0,362952900.0,1.406426877869142,0.033140958377054996,0.9670958512160229,0.5333333333333333,1.5623571887078105,,0.362323855324774,0.027907022815255967,1.1005422545103198,0.4841871253602633,0.0,-0.6861262736106299,0.35598792556057945,0.6551724137931034
2026-06-01,4245.0,4450.0,4215.0,4380.0,193000.0,6914.T,オプテックスグループ,電気機器,TOPIX Small 1,35635389.0,156083003820.0,1145063850.0,1.4111851686133143,0.21923422411857185,0.9211356466876972,0.6833333333333333,2.041635096817741,,0.3716547529451468,0.028716430672343057,0.8155883563233249,1.2153279469743563,0.0,-1.8123739102658865,0.3548909637018966,0.6551724137931034
2026-06-01,3402.0,3483.0,3375.0,3471.0,463000.0,3107.T,ダイワボウホールディングス,卸売業,TOPIX Mid400,86913566.0,301676987586.0,1104580125.0,1.0266660328928605,0.07773319411995128,0.9657762938230384,0.7333333333333333,1.2240951926714785,,-0.3823783403197062,0.028100975593888557,1.0923609805827712,1.4590415541790536,0.0,0.10875028372659591,0.3541966022482877,0.7924528301886793
2026-06-01,2946.0,2993.5,2908.5,2918.0,1350300.0,4208.T,ＵＢＥ,化学,TOPIX Mid400,97145192.0,283469670256.0,4779636160.0,1.955851328630604,0.2911882615652419,0.951418324095207,0.18333333333333332,1.5501177474102252,,1.4397324408475336,0.029029392901397437,1.0033413714233974,-1.2218081250726198,0.0,-0.6573650025356769,0.3517192638342354,0.7575757575757576
2026-06-01,1593.0,1632.0,1576.0,1610.0,189100.0,7366.T,ＬＩＴＡＬＩＣＯ,サービス業,TOPIX Small 2,34707933.0,55879772130.0,379751535.0,1.496288288645684,-0.19285202929676748,0.9623430962343096,0.48333333333333334,1.657352189393401,,0.5385399944930472,0.02692407214726213,1.0710751084637395,0.24047351815556575,0.0,-0.9093535353012965,0.3461843893110953,0.905982905982906
2026-06-01,3960.0,4030.0,3890.0,3945.0,177700.0,6859.T,エスペック,電気機器,TOPIX Small 1,21358838.0,84260615910.0,420216900.0,1.3391221099995214,-0.013515250171350246,0.9776951672862454,0.5166666666666667,1.3825725771692798,,0.23034076893528868,0.027704092840167952,1.1662581594616241,0.4029492562920311,0.0,-0.26365323567997084,0.3450225739959952,0.646551724137931
2026-06-01,3680.0,3745.0,3580.0,3695.0,469300.0,6235.T,オプトラン,機械,TOPIX Small 1,39894126.0,147408795570.0,3543006050.0,1.7525014065334976,-0.3879091394039762,0.7525458248472505,0.6833333333333333,1.7784262713443757,,1.0409679671711933,0.026075676280424197,-0.22967085044279262,1.2153279469743563,0.0,-1.1938636208907494,0.34343275177596183,0.7980769230769231
2026-06-01,7720.0,7740.0,7570.0,7690.0,59100.0,9110.T,ＮＳユナイテッド海運,海運業,TOPIX Small 1,23565560.0,181219156400.0,661693950.0,1.318762336762572,0.01901616547888052,0.9089834515366431,0.6666666666666666,1.5208367302204624,,0.19041572654887073,0.027845587393044664,0.7402445797809944,1.1340900779061236,0.0,-0.5885579996448439,0.3432998561453541,1.0
2026-06-01,9370.0,9760.0,9340.0,9530.0,163900.0,6490.T,ＰＩＬＬＡＲ,機械,TOPIX Small 1,22861388.0,217869027640.0,1529937600.0,1.3876861705999681,0.0525980672668509,0.8695255474452555,0.6833333333333333,1.4975157138744954,,0.3255737636923523,0.027991651008269006,0.4956050334491263,1.2153279469743563,0.0,-0.5337563092276434,0.3431237369497519,0.7884615384615384
2026-06-01,5522.0,5646.0,5488.0,5553.0,479800.0,4118.T,カネカ,化学,TOPIX Mid400,60225307.0,334431129771.0,1457977515.0,1.2354391222388708,0.33292490995320745,0.9835281615302869,0.55,1.2412534218733846,,0.027020838358562782,0.02921092537652001,1.202422803744648,0.5654249944284961,0.0,0.06843043012841252,0.34277777235339535,0.7474747474747475
2026-06-01,1525.0,1537.0,1475.0,1485.0,276900.0,6905.T,コーセル,電気機器,TOPIX Small 2,41134162.0,61084230570.0,262801937.80578613,1.1640660536954601,0.11836023031384313,0.9292866082603254,0.7166666666666667,1.412370332756235,,-0.11294009115085399,0.02827768183940726,0.8661244298227657,1.3778036851108213,0.0,-0.3336745140230187,0.34204611070216373,0.6379310344827587
2026-06-01,1906.0,1919.0,1867.0,1882.0,780000.0,8368.T,百五銀行,銀行業,TOPIX Small 1,242667571.0,456700368622.0,1897406950.0,1.034430410228178,0.1107410984892303,0.9193942354665364,0.8,1.2864754533056004,,-0.3671525767216071,0.02824454262215267,0.804791582877495,1.7839930304519842,0.0,-0.03783611202483205,0.34193845701719144,0.8372093023255814
2026-06-01,3320.0,3400.0,3270.0,3300.0,52300.0,5013.T,ユシロ,石油・石炭製品,TOPIX Small 2,13024420.0,42980586000.0,188069475.0,1.2581093347659362,-0.04180771345080003,0.9269662921348315,0.6166666666666667,1.1635956304149253,,0.07147659852437735,0.02758103550123908,0.8517384380333225,0.8903764707014262,0.0,0.25091725586771974,0.3412144295116685,1.0
2026-06-01,5580.0,5640.0,5430.0,5490.0,52000.0,2805.T,ヱスビー食品,食料品,-,24175811.0,132725202390.0,234087025.0,1.1921646631497016,0.2670351923813694,0.9352640545144804,0.7,1.5006183284667147,,-0.05783937070549769,0.028924339750267564,0.9031846785489208,1.2965658160425886,0.0,-0.5410470945795474,0.34084069564838754,0.9069767441860465
2026-06-01,1660.0,1735.0,1660.0,1720.0,322400.0,3663.T,セルシス,情報・通信業,TOPIX Small 2,29631016.0,50965347520.0,347758465.0,1.2640586242704843,0.03299637419152557,0.8831230954229574,0.7333333333333333,1.457334149479795,,0.08314301704848386,0.027906393950072092,0.5799100173323652,1.4590415541790536,0.0,-0.4393342814836426,0.34063387526878797,0.8636363636363636
2026-06-01,2490.0,2498.0,2427.5,2480.0,454100.0,8242.T,エイチ・ツー・オー　リテイリング,小売業,TOPIX Mid400,115003425.0,285208494000.0,1105873635.0,1.2648703965906383,0.02233713998419873,0.94692630775105,0.6,1.3143210839675157,,0.08473488371188306,0.027860031885955674,0.9754908085043761,0.8091386016331934,0.0,-0.10327012263431756,0.339454174713598,0.926605504587156
2026-06-01,2165.0,2169.5,2111.5,2153.0,1124000.0,4205.T,日本ゼオン,化学,TOPIX Mid400,191345507.0,411966876571.0,2914335155.0,1.5936685339209236,0.059277456933699124,0.9286176407159802,0.4666666666666667,1.6742189177388227,,0.7295003934604504,0.028020702841259047,0.8619768218763245,0.15923564908733323,0.0,-0.9489883956103188,0.33821156603327635,0.7373737373737373
2026-06-01,3555.0,3625.0,3500.0,3525.0,31400.0,6706.T,電気興業,電気機器,TOPIX Small 2,8717657.0,30729740925.0,121414050.0,0.9155200345609678,-0.044034362074451217,0.9724137931034482,0.7666666666666667,1.176232112895045,,-0.60033306127054,0.0275713507505106,1.1335135671209895,1.6215172923155192,0.0,0.22122298394729129,0.33780102883888297,0.6293103448275862
2026-06-01,3140.0,3310.0,3125.0,3280.0,82500.0,3932.T,アカツキ,情報・通信業,TOPIX Small 2,14422269.0,47305042320.0,304521255.0,1.3732591799056366,0.07485113695400236,0.967551622418879,0.5166666666666667,1.5127780178506596,,0.2972827700611311,0.028088440160618587,1.103368042216621,0.4029492562920311,0.0,-0.5696209578839014,0.3339777515483712,0.8579545454545454
2026-06-01,1091.0,1091.0,1061.0,1077.0,528300.0,4246.T,ダイキョーニシカワ,化学,TOPIX Small 2,65862866.0,70934306682.0,585569995.0,1.232613608507151,-0.574577159107918,0.958185053380783,0.6333333333333333,1.549548994292658,,0.02148007156369561,0.02526376854580943,1.045295185765381,0.9716143397696585,0.0,-0.6560284985081355,0.33368572322049445,0.7272727272727273
2026-06-01,7240.0,7480.0,7170.0,7430.0,136900.0,4975.T,ＪＣＵ,化学,TOPIX Small 1,24619723.0,182924541890.0,960829050.0,1.273315467999324,0.023211933497098602,0.9464968152866242,0.6,1.4030048456373818,,0.10129547257621276,0.027863836777765424,0.9728279493366228,0.8091386016331934,0.0,-0.31166670278187497,0.3326428723117043,0.7171717171717171
2026-06-01,6790.0,6820.0,6570.0,6570.0,154500.0,9075.T,福山通運,陸運業,TOPIX Small 1,36217757.0,237950663490.0,905302950.0,1.4338948321460057,0.20247674783153924,0.9412607449856734,0.55,1.714030484080036,,0.41618787561659776,0.028643544461669994,0.9403642416845486,0.5654249944284961,0.0,-1.0425409707335,0.3319674039840761,0.9444444444444444
2026-06-01,1241.0,1264.0,1206.0,1224.0,1819300.0,3863.T,日本製紙,パルプ・紙,TOPIX Small 1,115308503.0,141137607672.0,1948009255.0,1.6811647640924197,0.1706450726261708,0.7593052109181141,0.7166666666666667,1.8630389429627916,,0.9010784684023195,0.02850509341180096,-0.18776256413270084,1.3778036851108213,0.0,-1.3926936103996144,0.33187924987363243,0.7
2026-06-01,2557.0,2571.0,2483.0,2507.0,401900.0,8544.T,京葉銀行,銀行業,TOPIX Small 1,120211971.0,301371411297.0,1126897775.0,1.2589815599830436,0.07745264979692101,0.9612730061349694,0.5666666666666667,1.3024819600194297,,0.07318701191445955,0.028099755373595162,1.0644405351769655,0.6466628634967284,0.0,-0.07544955101818931,0.33143675083100654,0.813953488372093
2026-06-01,23130.0,23490.0,22830.0,23300.0,53500.0,4966.T,上村工業,化学,-,16040035.0,373732815500.0,1434914700.0,1.2594663544706355,0.059150572694590675,0.8642433234421365,0.7666666666666667,1.5278092571099826,,0.07413768264347731,0.028020150961535373,0.4628551722108458,1.6215172923155192,0.0,-0.6049426311873356,0.3310909551313834,0.7070707070707071
2026-06-01,2500.0,2509.0,2440.0,2467.0,210200.0,7606.T,ユナイテッドアローズ,小売業,TOPIX Small 1,27620280.0,68139230760.0,718191055.0,1.4525210312757788,0.0008598452278589797,0.8951378809869376,0.55,1.3116099397954093,,0.4527134194475309,0.027766616946648292,0.6544018525509606,0.5654249944284961,0.0,-0.09689924748067677,0.33096916639897755,0.9174311926605505
2026-06-01,1901.0,1912.0,1724.0,1765.0,886700.0,8078.T,阪和興業,卸売業,TOPIX Small 1,194518680.0,343325470200.0,1146435380.0,1.221284768128928,0.05241706315054473,0.9159314997405293,0.6833333333333333,1.402154435406768,,-0.0007355212636677353,0.027990863735536057,0.7833225739023725,1.2153279469743563,0.0,-0.30966833712343433,0.3302941255884233,0.7830188679245284
2026-06-01,1110.0,1111.0,1047.0,1055.0,291200.0,3864.T,三菱製紙,パルプ・紙,-,43808179.0,46217628845.0,286421690.0,1.0069612672568284,0.05851216523717828,0.9278803869832893,0.8333333333333334,1.5811018758876059,,-0.421018928015706,0.028017374224773867,0.8574058386259412,1.9464687685884492,0.0,-0.730174119920384,0.3286923885697034,0.6
2026-06-01,938.0,947.0,927.0,931.0,532200.0,8609.T,岡三証券グループ,証券、商品先物取引業,TOPIX Small 1,200084703.0,186278858493.0,438089740.0,1.1318388107348334,0.0888270451662434,0.9548717948717949,0.6333333333333333,1.149658564802956,,-0.17613696599940712,0.02814922801273049,1.024752937585099,0.9716143397696585,0.0,0.28366774768423253,0.3278791913700111,0.8421052631578947
2026-06-01,9150.0,10210.0,9150.0,10080.0,799000.0,6941.T,山一電機,電気機器,TOPIX Small 1,18456920.0,186045753600.0,4886294000.0,1.3836300914252122,0.04705990796480264,0.8896734333627537,0.6166666666666667,1.408930744303215,,0.3176198866481372,0.027967562927300488,0.620522202363804,0.8903764707014262,0.0,-0.3255918790825578,0.32777817951770627,0.6206896551724138
2026-06-01,4085.0,4185.0,4050.0,4150.0,206600.0,1377.T,サカタのタネ,水産・農林業,TOPIX Small 1,42259696.0,175377738400.0,1009112957.7502441,1.4453489687602987,-0.433460425375534,0.9049365029862899,0.4666666666666667,0.8906556610797107,,0.4386491714524247,0.025877552137570946,0.7151534432854071,0.15923564908733323,0.0,0.8922946075274103,0.32766244729405086,1.0
2026-06-01,3120.0,3210.0,3095.0,3190.0,244600.0,3433.T,トーカロ,金属製品,TOPIX Small 1,59468698.0,189705146620.0,980850500.0,1.2959965958653947,0.00870086837294326,0.9219653179190751,0.6333333333333333,1.4890140222600754,,0.14577263746826752,0.027800721274475224,0.8207323293326058,0.9716143397696585,0.0,-0.5137783174898807,0.3275930406431616,0.8571428571428571
2026-06-01,1335.0,1349.0,1327.0,1339.0,192400.0,6238.T,フリュー,機械,TOPIX Small 2,26486742.0,35465747538.0,231353915.0,1.1022195998819948,0.2440224525460446,0.9646974063400576,0.6833333333333333,1.447434467747531,,-0.23421955046580556,0.028824246432212274,1.0856718633968139,1.2153279469743563,0.0,-0.4160711747016708,0.3272811799820343,0.7788461538461539
2026-06-01,1647.0,1656.0,1572.0,1593.0,437200.0,6644.T,大崎電気工業,電気機器,TOPIX Small 2,44305914.0,70579321002.0,911825645.0,1.7143149476053647,-0.06103055790088974,0.7198373248983281,0.7166666666666667,1.6586514511551793,,0.9660852082352518,0.027497426235361198,-0.4324639985574907,1.3778036851108213,0.0,-0.9124066501305823,0.32295307916624916,0.6120689655172413
2026-06-01,4300.0,4455.0,4035.0,4180.0,3302500.0,4369.T,トリケミカル研究所,化学,TOPIX Small 1,32496751.0,135836419180.0,3263289775.0,1.2876493475355433,0.09354854358465747,0.9382716049382716,0.5833333333333334,1.3573485759312354,,0.12940387738922796,0.028169764048260097,0.9218315324097444,0.7279007325649611,0.0,-0.2043797509216855,0.32272583917998077,0.696969696969697
2026-06-01,2375.0,2450.0,2344.0,2422.0,935000.0,3105.T,日清紡ホールディングス,電気機器,TOPIX Mid400,156198424.0,378312582928.0,2898377740.0,1.2764138530256992,0.2791478758151049,0.9668662674650699,0.6166666666666667,1.8280586820206373,,0.10737133364145174,0.028977023554287062,1.0991188321068328,0.8903764707014262,0.0,-1.3104940440331019,0.3219426241238601,0.603448275862069
2026-06-01,2588.0,2588.0,2460.0,2462.0,81000.0,6337.T,テセック,機械,-,5214253.0,12837490886.0,175437870.0,2.1123207933599226,-0.000710895519267396,0.7540581929555896,0.38333333333333336,1.6258734080167332,,1.7465654265981254,0.027759785050302632,-0.22029414743662307,-0.24695369625382937,0.0,-0.8353820408293923,0.3207103169452384,0.7692307692307693
2026-06-01,3960.0,4110.0,3905.0,4065.0,193700.0,3104.T,富士紡ホールディングス,繊維製品,TOPIX Small 2,33717687.0,137062397655.0,1006619575.0,1.0618488318827302,0.004727574418172287,0.8943894389438944,0.8,1.3172460233675807,,-0.3133856887515575,0.027783439534952336,0.6497615016230021,1.7839930304519842,0.0,-0.1101433918398063,0.3206435229962565,1.0
2026-06-01,3545.0,3550.0,3430.0,3460.0,81200.0,8037.T,カメイ,卸売業,TOPIX Small 2,30599358.0,105873778680.0,199674675.0,1.2050113500493858,-0.07370195400004431,0.9492455418381345,0.6,1.248742170538093,,-0.0326473161071636,0.0274423123250214,0.9898700916408463,0.8091386016331934,0.0,0.05083273713564785,0.3205851944843951,0.7735849056603774
2026-06-01,6170.0,6200.0,6060.0,6070.0,48300.0,7350.T,おきなわフィナンシャルグループ,銀行業,TOPIX Small 1,21346641.0,129574110870.0,472408450.0,1.256635985946538,-0.0040805916857944435,0.9410852713178295,0.5666666666666667,1.1735957098932062,,0.06858739571352766,0.027745128643783486,0.9392763025381842,0.6466628634967284,0.0,0.22741822599756917,0.3203087324213523,0.7906976744186046
2026-06-01,2500.0,2509.0,2452.0,2452.0,181300.0,8399.T,琉球銀行,銀行業,TOPIX Small 1,41006294.0,100547432888.0,436600160.0,1.1110129786202811,-0.05654941604706121,0.9252830188679245,0.6833333333333333,1.138870045072647,,-0.21697593901885842,0.027516916846215697,0.8413021207009336,1.2153279469743563,0.0,0.3090195209324212,0.3186458366898005,0.7674418604651163
2026-06-01,3945.0,3990.0,3425.0,3495.0,3531300.0,464A.T,ＱＰＳホールディングス,情報・通信業,-,55710432.0,194707959840.0,9525635375.0,1.367445354945245,0.04519707138229734,0.7792642140468228,0.9,2.0192485846628925,,0.285881994361449,0.02795946056765657,-0.0640164710980893,2.271420244861379,0.0,-1.759768196585528,0.318381696412589,0.8522727272727273
2026-06-01,11210.0,11660.0,11070.0,11560.0,113100.0,4461.T,第一工業製薬,化学,TOPIX Small 2,10611084.0,122664131040.0,2522552000.0,1.4966600710420292,-0.2808479290458732,0.931757426815869,0.45,1.3762285530348615,,0.5392690511362551,0.02654133625209382,0.881443538741896,0.07799778001910071,0.0,-0.2487455129008233,0.3170036959532904,0.6868686868686869
2026-06-01,2019.0,2070.0,1995.0,2022.0,371100.0,2175.T,エス・エム・エス,サービス業,TOPIX Small 1,82080449.0,165966667878.0,929518035.0,1.0805241611658474,0.12583477034017876,0.9768115942028985,0.6666666666666666,1.468997877575355,,-0.2767638018311467,0.028310192158366523,1.1607799942311448,1.1340900779061236,0.0,-0.4667426931377867,0.3168189734570631,0.8974358974358975
2026-06-01,4550.0,4554.0,4417.0,4458.0,702400.0,5233.T,太平洋セメント,ガラス・土石製品,TOPIX Mid400,111602838.0,497525451804.0,3525287530.0,1.4642830823821567,0.3560071061284842,0.9101622179900802,0.5,1.3708928547325916,,0.4757785284498801,0.02931132079313355,0.7475529479531153,0.3217113872237983,0.0,-0.23620723917455222,0.3122293980262187,0.6666666666666666
2026-06-01,1794.0,1800.0,1743.0,1743.0,89100.0,3708.T,特種東海製紙,パルプ・紙,TOPIX Small 2,34848131.0,60740292333.0,129242410.0,1.3137874565460972,-0.07712222613596331,0.9603305785123967,0.5333333333333333,1.4781368721170578,,0.18066010200440646,0.027427435939628528,1.0585974709963941,0.4841871253602633,0.0,-0.4882182730254316,0.3119585338380555,0.5
2026-06-01,2201.0,2330.0,2172.0,2237.0,952000.0,6264.T,マルマエ,機械,TOPIX Small 2,25350490.0,56709046130.0,3057168975.0,1.6924648577966657,-0.1335156978551445,0.7896223085068832,0.65,1.9983504224133473,,0.923237689669762,0.02718215398965552,0.00020385656307777953,1.0528522088378913,0.0,-1.710659932996233,0.310040566903342,0.7596153846153846
2026-06-01,825.0,830.0,803.0,806.0,241600.0,6071.T,ＩＢＪ,サービス業,TOPIX Small 2,37868294.0,30521844964.0,192700335.0,1.3633067103048786,0.03985275139496225,0.8890257601396305,0.6,1.3720189108278062,,0.2777662083570609,0.027936215585785244,0.6165066195008828,0.8091386016331934,0.0,-0.23885334072548342,0.3091550530945929,0.8888888888888888
2026-06-01,3830.0,3830.0,3720.0,3755.0,55000.0,8084.T,ＲＹＯＤＥＮ,卸売業,TOPIX Small 2,21556974.0,80946437370.0,189759050.0,1.1295938104448742,-0.03831794634329866,0.9804177545691906,0.5666666666666667,1.1564011535547578,,-0.1805393594195596,0.027596214153217485,1.1831382379423763,0.6466628634967284,0.0,0.2678234441639599,0.308782463004597,0.7641509433962265
2026-06-01,4215.0,4215.0,4100.0,4185.0,112200.0,3091.T,ブロンコビリー,小売業,TOPIX Small 1,14887224.0,62303032440.0,271590275.0,1.3560108908126223,-0.6685749651864459,0.8755230125523012,0.5833333333333334,1.0938874561103349,,0.2634592758052112,0.024854927513944323,0.5327893993376617,0.7279007325649611,0.0,0.41472340098236243,0.30855771063118353,0.908256880733945
2026-06-01,6500.0,6910.0,6500.0,6720.0,579400.0,6407.T,ＣＫＤ,機械,TOPIX Small 1,66835011.0,449131273920.0,5460344950.0,1.318056185312962,0.15626393647398484,0.8995983935742972,0.6833333333333333,1.8242001202071236,,0.18903097995917167,0.028442543031221436,0.6820570917459237,1.2153279469743563,0.0,-1.301426870166283,0.3080076476346223,0.75
2026-06-01,1114.0,1131.5,1103.0,1130.5,789700.0,2433.T,博報堂ＤＹホールディングス,サービス業,TOPIX Mid400,359032040.0,405885721220.0,1416138490.0,1.484324217661807,0.7925941466484843,0.9112071884691665,0.48333333333333334,1.4105932656577123,,0.5150787292035829,0.031210244859467738,0.7540317792499266,0.24047351815556575,0.0,-0.32949861192942603,0.30697469649261155,0.8803418803418803
2026-06-01,2676.0,2676.0,2620.0,2634.0,371300.0,6363.T,酉島製作所,機械,TOPIX Small 1,25813572.0,67992948648.0,1125500835.0,1.6569078493707277,-0.0522714067442811,0.7246217331499313,0.7,1.513154175539579,,0.8535112220898853,0.027535523937281377,-0.402800601803629,1.2965658160425886,0.0,-0.5705048849353815,0.3056611943056851,0.7403846153846154
2026-06-01,1278.0,1278.0,1220.0,1225.0,216700.0,6298.T,ワイエイシイホールディングス,機械,TOPIX Small 2,17613386.0,21576397850.0,386908390.0,1.5550402183851688,-0.015709879788315284,0.8249158249158249,0.6,1.537571226643227,,0.6537511639807209,0.027694547355282782,0.21902414217030083,0.8091386016331934,0.0,-0.627882130233462,0.304142940001367,0.7307692307692307
2026-06-01,1628.0,1650.0,1610.0,1640.0,64100.0,3763.T,プロシップ,情報・通信業,TOPIX Small 2,25748767.0,42227977880.0,121698125.0,1.0478730100598554,0.16989754025204373,0.9233008188029739,0.7,1.0854805969771815,,-0.34079195070592216,0.028501842039030247,0.8290124531224073,1.2965658160425886,0.0,0.4344785473602673,0.3039387632321602,0.8465909090909091
2026-06-01,2732.0,2732.0,2671.0,2681.0,133600.0,8387.T,四国銀行,銀行業,TOPIX Small 2,41884149.0,112291403469.0,400202770.0,0.9683489150197415,-0.0839531006007993,0.9361033519553073,0.7666666666666667,1.3089981185379809,,-0.4967368538375548,0.027397725227418804,0.9083883341887601,1.6215172923155192,0.0,-0.09076176968591468,0.30303239004825017,0.7441860465116279
2026-06-01,3145.0,3195.0,3070.0,3195.0,43900.0,6668.T,アドテック　プラズマ　テクノロジー,電気機器,-,8536975.0,27275635125.0,383589810.0,1.4320954344851509,0.14810260796735353,0.8635135135135135,0.7166666666666667,2.180703585086106,,0.4126592986013455,0.02840704554349014,0.458330340647737,1.3778036851108213,0.0,-2.1391687689380308,0.30164476848547794,0.5948275862068966
2026-06-01,2973.0,3000.0,2930.0,2968.0,164400.0,7981.T,タカラスタンダード,その他製品,TOPIX Small 1,63231130.0,187669993840.0,569827085.0,1.5374148740676683,0.08868513583828697,0.9090352220520673,0.4666666666666667,1.5529317701253806,,0.6191882731880896,0.028148610781770604,0.7405655576863953,0.15923564908733323,0.0,-0.6639776303635196,0.30063379837466814,0.6785714285714286
2026-06-01,3120.0,3145.0,3065.0,3130.0,306500.0,5703.T,日本軽金属ホールディングス,非鉄金属,TOPIX Small 1,61591150.0,192780299500.0,1080643460.0,1.200668326115866,0.0055762890052464265,0.93993993993994,0.6166666666666667,1.4121851903530709,,-0.041163885157958546,0.02778713099714719,0.9321752322928514,0.8903764707014262,0.0,-0.3332394507946081,0.29998535598385095,0.9230769230769231
2026-06-01,2993.0,3000.0,2955.0,2978.0,107400.0,6419.T,マースグループホールディングス,機械,TOPIX Small 1,18448085.0,54938397130.0,313678985.0,1.5539802524503599,-0.3807886901159554,0.9132929798933493,0.4,1.2568358384516676,,0.6516725954042003,0.026106646490854698,0.7669637146759233,-0.16571582718559685,0.0,0.031813553890829765,0.29957085702565034,0.7211538461538461
2026-06-01,1670.0,1735.0,1669.0,1727.0,92100.0,4320.T,ＣＥホールディングス,情報・通信業,-,16675537.0,28798652399.0,101171445.0,1.3202225962694514,0.05146939576807186,0.9953890489913545,0.45,1.4644549763033177,,0.19327926152191854,0.027986741880711156,1.2759604686152528,0.07799778001910071,0.0,-0.45606740071430074,0.2994048915408581,0.8409090909090909
2026-06-01,2114.5,2125.5,2080.5,2115.5,699500.0,4272.T,日本化薬,化学,TOPIX Mid400,148494780.0,314140707090.0,1469320215.0,1.4877199410322128,0.6478199636171587,0.9648802736602052,0.43333333333333335,1.7454253567824802,,0.52173766385468,0.030580553286363287,1.086805643288828,-0.0032400890491318048,0.0,-1.1163152895283284,0.29913890510924024,0.6767676767676768
2026-06-01,1680.0,1681.0,1647.0,1653.0,395500.0,8367.T,南都銀行,銀行業,TOPIX Small 1,157062215.0,259623841395.0,891487395.0,1.0360667641185857,0.05694352311457784,0.9229480737018425,0.7333333333333333,1.293553384040601,,-0.3639437247529055,0.028010551456341428,0.8268254286592808,1.4590415541790536,0.0,-0.054468430410088524,0.29751460401406876,0.7209302325581395
2026-06-01,1485.0,1545.0,1467.0,1521.0,511300.0,6817.T,スミダコーポレーション,電気機器,TOPIX Small 2,33098854.0,50343356934.0,444378550.0,1.1171718787491,0.6959314775160599,0.9844660194174757,0.6166666666666667,1.5913672798993976,,-0.20489847892954094,0.0307898130745182,1.2082375355031885,0.8903764707014262,0.0,-0.7542966317490328,0.29396197965464427,0.5862068965517241
2026-06-01,940.0,960.0,927.0,943.0,643800.0,166A.T,タスキホールディングス,不動産業,-,61720624.0,58202548432.0,515699760.0,1.178231862358726,-0.22008347994066713,0.9822916666666667,0.5333333333333333,1.2968001878148867,,-0.08516126941563118,0.026805629655411473,1.1947565186379396,0.4841871253602633,0.0,-0.0620980436586797,0.2938855604086385,0.9230769230769231
2026-06-01,1631.0,1639.0,1574.0,1580.0,108300.0,3151.T,バイタルケーエスケー・ホールディングス,卸売業,TOPIX Small 2,48377082.0,76435789560.0,183021005.0,1.0332774482593443,-0.01573579894259436,0.9581564584596726,0.7333333333333333,1.689608317250318,,-0.3694135083606725,0.027694434620590107,1.0451178968624621,1.4590415541790536,0.0,-0.9851517040709911,0.2931924588607803,0.7547169811320755
2026-06-01,7600.0,7810.0,7360.0,7480.0,684500.0,6855.T,日本電子材料,電気機器,TOPIX Small 2,14647476.0,109563120480.0,7467770750.0,1.6845090271136964,0.0675290932667667,0.734602852534548,0.65,1.5298406710661956,,0.9076364905041321,0.028056593120550973,-0.340917524778516,1.0528522088378913,0.0,-0.6097162189712495,0.2931817863275888,0.5775862068965517
2026-06-01,241.0,245.0,236.0,240.0,501200.0,4651.T,サニックスホールディングス,サービス業,TOPIX Small 2,47803815.0,11472915600.0,260896490.0,1.5448051996619323,0.21475815908402174,0.7547169811320755,0.7166666666666667,1.5794194230744831,,0.6336805300107216,0.028696962142983003,-0.216209651710468,1.3778036851108213,0.0,-0.7262205504516054,0.29271196794037546,0.8717948717948718
2026-06-01,4015.0,4070.0,3825.0,3955.0,40900.0,5992.T,中央発條,金属製品,TOPIX Small 2,25225791.0,99768003405.0,102465600.0,0.8169324085685769,-0.018751130753922096,0.9416666666666667,0.8333333333333334,1.2434436679662153,,-0.7936611057783822,0.0276813195126893,0.9428809616718665,1.9464687685884492,0.0,0.06328360519865134,0.29221574131615,0.8214285714285714
2026-06-01,1384.0,1395.0,1360.0,1391.0,181200.0,4956.T,コニシ,化学,TOPIX Small 2,62420044.0,86826281204.0,172381400.0,1.0941456233722116,-0.08149543406213489,0.9348118279569892,0.65,1.2034551573816579,,-0.25005243085344286,0.02740841478460707,0.9003808676924796,1.0528522088378913,0.0,0.15725197882310712,0.29020559978812605,0.6666666666666666
2026-06-01,1041.0,1053.0,1033.0,1034.0,61900.0,4709.T,ＩＤホールディングス,情報・通信業,TOPIX Small 2,34194144.0,35356744896.0,130265530.0,1.6019913117924978,0.050182545811977786,0.8432116409797402,0.5166666666666667,1.5372713843140604,,0.7458211675392254,0.02798114476003511,0.3324584526010082,0.4029492562920311,0.0,-0.6271775354485178,0.2890257802663956,0.8352272727272727
2026-06-01,1956.0,1963.0,1789.0,1799.0,107800.0,5597.T,ブルーイノベーション,情報・通信業,-,4032201.0,7253929599.0,879927595.0,1.879280196212727,-0.0027967203792352846,0.5859934853420196,0.8,1.7454545454545454,,1.2895782288245992,0.027750712808900246,-1.262297638796824,1.7839930304519842,0.0,-1.1163838795308598,0.2886524682402647,0.8295454545454546
2026-06-01,3455.0,3460.0,3405.0,3440.0,197300.0,2270.T,雪印メグミルク,食料品,TOPIX Small 1,60577361.0,208386121840.0,861324650.0,1.294850383615656,0.18872017353579174,0.975886524822695,0.4666666666666667,1.3544883386921063,,0.14352494187156017,0.02858371059676783,1.1550445513912426,0.15923564908733323,0.0,-0.19765852430903796,0.28803849454297864,0.8837209302325582
2026-06-01,943.0,944.0,937.0,941.0,13900.0,4847.T,インテリジェント　ウェイブ,情報・通信業,-,26184058.0,24639198578.0,112683935.0,1.6742112567084628,0.011176335927791214,0.8366027655209822,0.48333333333333334,1.576986212351212,,0.887442801943377,0.027811488256724012,0.29148333414946165,0.24047351815556575,0.0,-0.7205027867487563,0.2871561277658146,0.8238636363636364
2026-06-01,1755.0,1768.0,1728.0,1736.0,244700.0,3201.T,日本毛織,繊維製品,TOPIX Small 1,65133186.0,113071210896.0,479664134.33532715,1.9362542470592563,-0.18648304781019287,0.8295400288905863,0.25,1.1454692875960026,,1.401303019101018,0.02695177386788235,0.24769427021135315,-0.8968566487996898,0.0,0.29351206446534905,0.28674965818780973,0.9411764705882353
2026-06-01,1006.0,1006.0,972.0,972.0,332500.0,9274.T,ＫＰＰグループホールディングス,卸売業,TOPIX Small 1,62321933.0,60576918876.0,316183080.0,1.2417684127609294,0.06656559281117636,0.9,0.6833333333333333,1.6961873175730235,,0.0394324300510746,0.02805240240018313,0.684547057091279,1.2153279469743563,0.0,-1.0006115937083448,0.2860492318918064,0.7452830188679245
2026-06-01,5590.0,5660.0,5570.0,5600.0,26600.0,5122.T,オカモト,ゴム製品,TOPIX Small 2,17088813.0,95697352800.0,124945250.0,1.3119695639449809,-0.16818285194450766,0.898876404494382,0.55,1.1589336686031446,,0.17709525684091487,0.0270313700975519,0.677580749552027,0.5654249944284961,0.0,0.261872326785553,0.28445517214857413,0.8333333333333334
2026-06-01,2669.0,2780.0,2663.0,2703.0,324600.0,6804.T,ホシデン,電気機器,TOPIX Small 1,49232672.0,133075912416.0,934103975.0,1.3632219137326314,-0.02872865243355971,0.9200474262566609,0.5,1.2960052532222026,,0.2775999242485989,0.02763792253962004,0.8088413747314696,0.3217113872237983,0.0,-0.060230039331427,0.28332294276034703,0.5689655172413793
2026-06-01,1614.0,1616.0,1571.0,1606.0,281800.0,7915.T,ＮＩＳＳＨＡ,その他製品,TOPIX Small 1,47413450.0,76146000700.0,478395975.0,1.2767591398067917,-0.7330174735264938,0.9391812865497076,0.5666666666666667,1.5489774007439459,,0.10804843299860804,0.02457463648689939,0.9274715708723226,0.6466628634967284,0.0,-0.654685319796012,0.28291524508055,0.6428571428571429
2026-06-01,3990.0,4045.0,3955.0,4035.0,125700.0,9793.T,ダイセキ,サービス業,TOPIX Small 1,47285524.0,190797089340.0,529615775.0,0.8193927639428393,0.04625763692270857,0.911864406779661,0.85,1.1288078692921195,,-0.7888364060403316,0.027964073470106016,0.758106541785412,2.0277066376566815,0.0,0.3326644699289636,0.28219244435947644,0.8632478632478633
2026-06-01,852.0,852.0,833.0,842.0,341100.0,7085.T,カーブスホールディングス,サービス業,TOPIX Small 1,92092592.0,77541962464.0,243052825.0,1.0814251411030795,0.03781556315886814,0.9252747252747253,0.6333333333333333,1.0212058708798013,,-0.2749970011028348,0.0279273548881233,0.841250700309394,0.9716143397696585,0.0,0.5855167177806628,0.28150071536268284,0.8547008547008547
2026-06-01,3020.0,3075.0,3010.0,3050.0,80100.0,4958.T,長谷川香料,化学,TOPIX Small 1,40592212.0,123806246600.0,233716495.0,0.9176821389523904,-0.13612112684313893,0.9697933227344993,0.7,1.233883522032417,,-0.5960932247818531,0.027170821743507,1.1172666149070298,1.2965658160425886,0.0,0.08574884213494298,0.27999503673495485,0.6565656565656566
2026-06-01,3300.0,3345.0,3300.0,3340.0,194400.0,3569.T,セーレン,繊維製品,TOPIX Small 1,58807798.0,196418045320.0,783623625.0,1.290907195278396,-0.052480589408255396,0.9225051968893248,0.5333333333333333,1.262057132855516,,0.13579244113736608,0.02753461410268251,0.8240795863498588,0.4841871253602633,0.0,0.0195441160905239,0.27925295568854963,0.8823529411764706
2026-06-01,3245.0,3245.0,3175.0,3230.0,253300.0,2685.T,アンドエスティＨＤ,小売業,TOPIX Small 1,46128190.0,148994053700.0,673792285.0,0.9398328085984149,0.1841578877183625,0.9832572298325722,0.6666666666666666,1.2786425593280728,,-0.5526562761374496,0.028563867052337624,1.2007430235043615,1.1340900779061236,0.0,-0.019429717360928085,0.2782675282474664,0.8990825688073395
2026-06-01,2102.0,2132.0,2080.0,2118.0,108300.0,8739.T,スパークス・グループ,証券、商品先物取引業,TOPIX Small 2,39518738.0,83700687084.0,208188505.0,0.9391718319153449,0.04920615087500524,0.9737931034482759,0.65,1.0964264657237244,,-0.5539524360593151,0.02797689795545324,1.142065310169175,1.0528522088378913,0.0,0.408757022127552,0.2752848599399308,0.7894736842105263
2026-06-01,672.0,675.0,656.0,656.0,248200.0,7412.T,アトム,小売業,-,193136265.0,126697389840.0,276021475.0,0.8785710113270471,-0.08867374478052759,0.9358059914407989,0.85,1.688423645320197,,-0.6727892375541644,0.027377192907378313,0.9065446949220153,2.0277066376566815,0.0,-0.9823678620892645,0.27499353036674556,0.8899082568807339
2026-06-01,2595.0,2644.0,2493.0,2600.0,1103200.0,1407.T,ウエストホールディングス,建設業,-,39659150.0,103113790000.0,2484941315.0,1.3093655402959323,0.2813175897150988,0.7951070336391437,0.8666666666666667,2.1123276765699823,,0.17198882695323722,0.02898646066890423,0.034209227578313045,2.108944506724914,0.0,-1.9784932942971731,0.27450267871507644,0.9076923076923077
2026-06-01,2940.0,2950.0,2823.5,2836.0,940100.0,7164.T,全国保証,その他金融業,TOPIX Mid400,132861715.0,376795823740.0,1981940695.0,1.6259181596846022,-0.019226946931192646,0.8215276361052195,0.48333333333333334,1.3376049960808385,,0.7927411604658647,0.027679249962505002,0.19801732509270184,0.24047351815556575,0.0,-0.15798462239737307,0.272880364229099,0.8888888888888888
2026-06-01,3435.0,3435.0,3280.0,3295.0,144300.0,6652.T,ＩＤＥＣ,電気機器,TOPIX Small 1,29547973.0,97360571035.0,523408750.0,1.1827203427370034,0.03191290020353432,0.8693931398416886,0.7166666666666667,1.4495916868318377,,-0.07635946365543193,0.027901681407921063,0.4947841044917126,1.3778036851108213,0.0,-0.4211403899822773,0.2724559086039741,0.5603448275862069
2026-06-01,3000.0,3030.0,2964.0,3030.0,39300.0,3393.T,スターティアホールディングス,卸売業,-,9349609.0,28329315270.0,129069975.0,1.0093913569282515,-0.007762631944954856,0.9918166939443536,0.5833333333333334,1.191775629999414,,-0.41625357861789014,0.02772911370469367,1.2538118183470948,0.7279007325649611,0.0,0.18469751697314724,0.27205123317452135,0.7358490566037735
2026-06-01,3435.0,3495.0,3370.0,3420.0,101300.0,6785.T,鈴木,電気機器,TOPIX Small 2,14359283.0,49108747860.0,217099275.0,1.011011982530143,0.019953262628078283,0.9743589743589743,0.6333333333333333,1.3339523971778011,,-0.41307556945762103,0.02784966327291271,1.1455737175735583,0.9716143397696585,0.0,-0.14940143754243526,0.2710803460568616,0.5517241379310345
2026-06-01,1749.5,1816.0,1732.0,1799.0,1576700.0,6952.T,カシオ計算機,電気機器,TOPIX Mid400,224841810.0,404490416190.0,3503728862.5,1.140982975441203,-0.04666874725477954,0.9906387665198237,0.5333333333333333,1.4273865627791655,,-0.15820547141735355,0.027559892560150755,1.2465086521657025,0.4841871253602633,0.0,-0.3689609173573411,0.27082035865501225,0.5431034482758621
2026-06-01,2286.0,2297.0,2236.0,2288.0,190000.0,8511.T,日本証券金融,その他金融業,TOPIX Small 1,80971218.0,185262146784.0,403525620.0,1.0614420621250817,0.0037284383135050003,0.9703138252756573,0.5833333333333334,1.198782155532548,,-0.31418335479756987,0.027779093818248432,1.1204937377982656,0.7279007325649611,0.0,0.16823299255144808,0.2700944418271393,0.8333333333333334
2026-06-01,784.0,784.0,753.0,753.0,331000.0,5957.T,日東精工,金属製品,TOPIX Small 2,36301863.0,27335302839.0,131614340.0,1.3583786851858035,0.020472838125315196,0.9227941176470589,0.4666666666666667,1.2165899027033855,,0.2681024655702141,0.02785192315312996,0.8258708990088949,0.15923564908733323,0.0,0.12638684686865986,0.269367466689148,0.7857142857142857
2026-06-01,1891.0,1896.0,1819.0,1824.0,344700.0,8345.T,岩手銀行,銀行業,TOPIX Small 2,69032560.0,125915389440.0,649464965.0,1.1953064990332236,-0.01985584476243052,0.882865440464666,0.6666666666666666,1.3708561275800166,,-0.051678303518701244,0.027676514587617145,0.5783125530585258,1.1340900779061236,0.0,-0.23612093461494554,0.2679695283341054,0.6976744186046512
2026-06-01,2045.0,2069.0,2012.0,2039.0,548900.0,8381.T,山陰合同銀行,銀行業,TOPIX Small 1,150290283.0,306441887037.0,1018633800.0,0.941207632795359,0.45304237370041567,0.9545880149812734,0.6666666666666666,1.0876576753714216,,-0.5499602778226329,0.029733373185380583,1.0229934983732625,1.1340900779061236,0.0,0.4293626649988301,0.2661236184511995,0.6744186046511628
2026-06-01,3125.0,3130.0,3025.0,3040.0,106400.0,8059.T,第一実業,卸売業,TOPIX Small 2,31928893.0,97063834720.0,178605765.0,1.7667252195734002,-0.014270453542648776,0.8552915930352087,0.3,1.2189931776822247,,1.068860534141634,0.027700808102592997,0.4073543209602597,-0.6531430415949923,0.0,0.12073942870197582,0.2636767149489586,0.7264150943396226
2026-06-01,918.0,936.0,914.0,931.0,464700.0,9997.T,ベルーナ,小売業,TOPIX Small 1,96174600.0,89538552600.0,488061620.0,1.656133056133056,0.044725912195791695,0.89010871893319,0.35,1.4372073866182127,,0.8519918705482576,0.027957411272933424,0.6232209788682452,-0.40942943439029467,0.0,-0.3920387172132808,0.2636151652097386,0.8807339449541285
2026-06-01,3930.0,3937.0,3866.0,3882.0,302100.0,1417.T,ミライト・ワン,建設業,TOPIX Mid400,88665755.0,344200460910.0,1382049710.0,1.4113596894473388,0.024590824986232107,0.8922086876580096,0.48333333333333334,1.2681219394206276,,0.3719969842467752,0.02786983423071424,0.6362408137525599,0.24047351815556575,0.0,0.0052925222967168915,0.26355052120805506,0.8923076923076924
2026-06-01,2425.0,2570.0,2340.0,2423.0,3772200.0,6613.T,ＱＤレーザ,電気機器,-,41840046.0,101378431458.0,29944181115.0,1.7093485840362457,1.426965726392111,0.6693370165745857,0.8833333333333333,2.670571010248902,,0.9563462846384215,0.033969427675198664,-0.745566602520593,2.1901823757931465,0.0,-3.2903005455719962,0.2624779366646586,0.5344827586206896
2026-06-01,1029.0,1042.0,1014.0,1014.0,649600.0,7381.T,ＣＣＩグループ,銀行業,TOPIX Small 1,223298432.0,226424610048.0,700780635.0,1.0225697741533077,-0.02454285075828455,0.926873857404022,0.65,1.060927415362466,,-0.39041100855716854,0.027656128575989362,0.8511653414350292,1.0528522088378913,0.0,0.49217568361049063,0.2620809637979193,0.6511627906976745
2026-06-01,3851.0,3941.0,3832.0,3903.0,283900.0,9302.T,三井倉庫ホールディングス,倉庫・運輸関連業,TOPIX Mid400,76142473.0,297184072119.0,932405155.0,1.2377488415439177,0.01308931371749189,0.8995668625098892,0.55,1.0596694869635335,,0.0315501442639632,0.0278198087042547,0.6818615987143052,0.5654249944284961,0.0,0.49513166981892287,0.2607851406401361,0.7142857142857143
2026-06-01,3075.0,3130.0,3040.0,3070.0,96100.0,8344.T,山形銀行,銀行業,TOPIX Small 2,31006473.0,95189872110.0,376781670.0,1.131454631990964,0.1026710830838482,0.9669291338582677,0.55,1.3296698021337308,,-0.17689033159215897,0.028209442298398866,1.0995086046065536,0.5654249944284961,0.0,-0.13933783463998423,0.26057835603014595,0.627906976744186
2026-06-01,2256.0,2280.0,2226.0,2226.0,146800.0,8337.T,千葉興業銀行,銀行業,TOPIX Small 1,57413683.0,127802858358.0,382775245.0,1.150243281849835,-0.04321242894868871,0.9116034146975006,0.5833333333333334,1.0339719434422967,,-0.14004622565498567,0.027574925727430595,0.7564883872978336,0.7279007325649611,0.0,0.5555179241588585,0.26014085857036506,0.6046511627906976
2026-06-01,4090.0,4140.0,4050.0,4120.0,28000.0,8157.T,都築電気,情報・通信業,TOPIX Small 2,18213397.0,75039195640.0,165817125.0,1.2739135911323844,0.10235372382551389,0.9774614472123369,0.43333333333333335,1.3240722033748697,,0.10246837814651645,0.0282080619524944,1.1648090917991043,-0.0032400890491318048,0.0,-0.12618412513984673,0.2588357087702115,0.8181818181818182
2026-06-01,3200.0,3240.0,3140.0,3180.0,160800.0,8061.T,西華産業,卸売業,TOPIX Small 1,36022277.0,114550840860.0,784088165.0,1.1329079826370716,0.09260417521122144,0.874828060522696,0.7333333333333333,1.5266598628674237,,-0.17404034473460056,0.028165656542389866,0.5284806872263628,1.4590415541790536,0.0,-0.6022416876901231,0.25797161413957176,0.7169811320754716
2026-06-01,3540.0,3625.0,3490.0,3525.0,32800.0,6918.T,アバールデータ,電気機器,-,5815303.0,20498943075.0,131106325.0,1.281296275202187,0.015680521597392083,0.9300791556728232,0.5833333333333334,1.8023042746950757,,0.11694565011718233,0.027831079096060553,0.8710382346460248,0.7279007325649611,0.0,-1.249974166331546,0.25708823080068255,0.5258620689655172
2026-06-01,3215.0,3290.0,3160.0,3260.0,89600.0,4064.T,日本カーバイド工業,化学,TOPIX Small 2,9325433.0,30400911580.0,219387265.0,1.158585441816512,0.03385188705199704,0.9878787878787879,0.5166666666666667,1.4912354751623753,,-0.1236874437379349,0.027910114981181657,1.229396746752155,0.4029492562920311,0.0,-0.5189984748115956,0.2564274818644675,0.6464646464646465
2026-06-01,6690.0,6740.0,6510.0,6510.0,114500.0,8388.T,阿波銀行,銀行業,TOPIX Small 1,38876519.0,253086138690.0,621050900.0,1.0397265574616277,0.09194718445551708,0.9194915254237288,0.6666666666666666,1.216283268561002,,-0.35676695501947325,0.028162798978051996,0.8053947819459267,1.1340900779061236,0.0,0.1271074016289221,0.2553967991461947,0.5813953488372093
2026-06-01,7410.0,7580.0,7350.0,7420.0,142500.0,5310.T,東洋炭素,ガラス・土石製品,TOPIX Small 1,20972216.0,155613842720.0,1314392250.0,1.1187386813667934,-0.04747117335576778,0.9298245614035088,0.65,1.5607557298478167,,-0.20182601539104567,0.027556402428531624,0.8694597466858048,1.0528522088378913,0.0,-0.6823630305615577,0.2541342258941383,0.6190476190476191
2026-06-01,1822.0,1826.0,1758.0,1789.0,730200.0,8876.T,リログループ,サービス業,TOPIX Mid400,151458315.0,270958925535.0,961473355.0,1.040801447641027,-0.02644157504664635,0.8754587717151945,0.7666666666666667,1.4002585910290877,,-0.3546591203459819,0.027647870123694927,0.5323911052668621,1.6215172923155192,0.0,-0.30521332216510044,0.2526923362368735,0.8461538461538461
2026-06-01,526.0,526.0,526.0,526.0,0.0,1726.T,ビーアールホールディングス,建設業,TOPIX Small 2,45392598.0,23876506548.0,116011650.0,0.8149912304994,0.5271992419407863,0.9905838041431262,0.55,0.3458980044345898,,-0.7974677108809782,0.030055916570126705,1.246167884676647,0.5654249944284961,0.0,2.17241207792352,0.250814981418067,0.8769230769230769
2026-06-01,3880.0,3885.0,3740.0,3855.0,165400.0,4553.T,東和薬品,医薬品,TOPIX Small 1,49227867.0,189773427285.0,728106575.0,1.530163070012694,0.010013919215774214,0.8585746102449888,0.4666666666666667,1.420800310172696,,0.6049676538863283,0.027806432355232,0.42770907267084585,0.15923564908733323,0.0,-0.35348398569215483,0.2499464841730515,1.0
2026-06-01,2105.0,2108.0,2056.0,2061.0,397700.0,7380.T,十六フィナンシャルグループ,銀行業,TOPIX Small 1,177105130.0,365013672930.0,1246194050.0,0.927176536177811,-0.02134623986420614,0.9385245901639344,0.7,1.2027273239186616,,-0.5774749323653897,0.02767003215258257,0.9234000442772649,1.2965658160425886,0.0,0.15896230325848712,0.24966177137156384,0.5581395348837209
2026-06-01,2811.0,2811.0,2720.0,2732.0,116200.0,1938.T,日本リーテック,建設業,TOPIX Small 2,24780549.0,67700459868.0,465399565.0,1.536854103343465,-0.027681851579720806,0.8484472049689441,0.48333333333333334,1.456921908232468,,0.6180886148239068,0.027642475572920447,0.3649190211133096,0.24047351815556575,0.0,-0.4383655622443924,0.24856932643298396,0.8615384615384616
2026-06-01,1753.0,1833.0,1750.0,1812.0,194000.0,3984.T,ユーザーローカル,情報・通信業,TOPIX Small 2,15796661.0,28623549732.0,268541360.0,1.4758316690669233,0.26105531250641856,0.8283206109733943,0.5333333333333333,1.311808063723027,,0.49842503867995264,0.02889833041706609,0.24013386240662318,0.4841871253602633,0.0,-0.09736481578972775,0.24761744277013242,0.8125
2026-06-01,3150.0,3239.0,3111.0,3186.0,697100.0,7867.T,タカラトミー,その他製品,TOPIX Mid400,86883521.0,276810897906.0,2177766247.5,1.3707339543911592,0.07502088102456228,0.8923480192761001,0.55,1.6594645078269148,,0.2923308614849685,0.028089178458073134,0.6371046716949479,0.5654249944284961,0.0,-0.9143172392470721,0.24662383152667078,0.6071428571428571
2026-06-01,2000.0,2013.0,1920.0,1930.0,401400.0,6745.T,ホーチキ,電気機器,TOPIX Small 2,74605179.0,143987995470.0,888776860.0,1.5267583441192065,-0.049918376007309306,0.8188375053033518,0.5666666666666667,1.6546891267622645,,0.598291065496585,0.027545758383750372,0.18133847723960575,0.6466628634967284,0.0,-0.9030956462064077,0.24457154863219388,0.5172413793103449
2026-06-01,1709.0,1717.0,1680.0,1708.0,95900.0,2053.T,中部飼料,食料品,TOPIX Small 2,28696273.0,49013234284.0,237296165.0,1.822882227406924,0.1403681464711093,0.8718838360272623,0.2,1.1709985765737472,,1.178983122048403,0.02837340470280495,0.5102264549895497,-1.1405702560043873,0.0,0.2335211888373427,0.244474943726921,0.8604651162790697
2026-06-01,4265.0,4310.0,4190.0,4235.0,157300.0,8370.T,紀陽銀行,銀行業,TOPIX Small 1,64414794.0,272796652590.0,695340650.0,1.085217332415319,-0.07557883792538089,0.9186550976138829,0.6166666666666667,1.1780528461112023,,-0.26756060202724036,0.027434148866822338,0.8002089180575117,0.8903764707014262,0.0,0.21694447152896693,0.2444138645030601,0.5348837209302325
2026-06-01,2325.0,2325.0,2215.0,2275.0,195800.0,7318.T,セレンディップ・ホールディングス,輸送用機器,-,18176776.0,41352165400.0,545093185.0,0.8352686308492202,-0.37031382129098933,0.9362139917695473,0.8,1.472673222044363,,-0.7577041998128049,0.026152206662498203,0.9090743025539132,1.7839930304519842,0.0,-0.4753793274413334,0.24275685041893696,0.9032258064516129
2026-06-01,3326.0,3387.0,3317.0,3355.0,375800.0,9449.T,ＧＭＯインターネットグループ,情報・通信業,TOPIX Mid400,98893547.0,331787850185.0,1502948050.0,1.3206590077732052,0.22014990551506197,0.8207926483327925,0.6166666666666667,1.1573046775404954,,0.19413505434350417,0.02872041340494735,0.19346039082702066,0.8903764707014262,0.0,0.26570026732568,0.24124742907401492,0.8068181818181818
2026-06-01,3375.0,3425.0,3335.0,3350.0,80000.0,6080.T,Ｍ＆Ａキャピタルパートナーズ,サービス業,TOPIX Small 1,31778580.0,106458243000.0,511310225.0,1.210727918301546,0.01313999386832232,0.8862433862433863,0.5833333333333334,1.1844041196665032,,-0.021437258553175464,0.027820029136262903,0.5992558631980057,0.7279007325649611,0.0,0.20201971344942712,0.24073296084258855,0.8376068376068376
2026-06-01,2287.0,2290.0,2131.0,2131.0,576300.0,8392.T,大分銀行,銀行業,TOPIX Small 2,75523855.0,160941335005.0,923728960.0,1.0879164679207805,0.24818466611706502,0.8901420217209691,0.7,1.4422238731674526,,-0.2622676599984624,0.02884234987273085,0.6234274566090549,1.2965658160425886,0.0,-0.4038268802493673,0.240622692184298,0.5116279069767442
2026-06-01,2416.0,2445.0,2292.0,2310.0,144400.0,4027.T,テイカ,化学,TOPIX Small 2,22830807.0,52739164170.0,220977000.0,0.7533300355799775,0.1297282826930799,0.9447852760736196,0.8333333333333334,1.4544659913265559,,-0.9183838818080369,0.028327126889870893,0.9622163827509044,1.9464687685884492,0.0,-0.432594441639203,0.24026968102694665,0.6363636363636364
2026-06-01,5170.0,5190.0,5000.0,5030.0,21600.0,1904.T,大成温調,建設業,-,6216664.0,31269819920.0,102984275.0,1.175647921760391,-0.10197018104366351,0.8934280639431617,0.6333333333333333,1.4294537845591093,,-0.09022831690736291,0.02731936040097484,0.6438009634380709,0.9716143397696585,0.0,-0.37381864938443454,0.24008417205724417,0.8461538461538461
2026-06-01,2295.0,2295.0,2200.0,2230.0,122400.0,4559.T,ゼリア新薬工業,医薬品,TOPIX Small 1,44079398.0,98297057540.0,232114925.0,1.0930451380487674,0.17905127502056484,0.9161873459326212,0.6666666666666666,1.5398385303820128,,-0.25221045700986405,0.028541655972187954,0.7849088238009764,1.1340900779061236,0.0,-0.6332100317164598,0.2395175746008718,0.9722222222222222
2026-06-01,3855.0,3880.0,3795.0,3810.0,125200.0,4547.T,キッセイ薬品工業,医薬品,TOPIX Small 1,41452024.0,157932211440.0,748810075.0,1.9998190290910738,0.0286793578209652,0.771255060728745,0.31666666666666665,1.617923532218918,,1.5259520801376127,0.027887617198771707,-0.1136733314751361,-0.5719051725267598,0.0,-0.8167007524213765,0.23910444453898605,0.9444444444444444
2026-06-01,2274.0,2327.0,2268.0,2283.0,181000.0,1879.T,新日本建設,建設業,TOPIX Small 2,58489508.0,133531546764.0,303888685.0,1.2565514103730664,0.01440087093649689,0.9760581445061992,0.43333333333333335,1.404334302425255,,0.06842154497853135,0.027825513288533187,1.1561085957818633,-0.0032400890491318048,0.0,-0.31479077242923725,0.2390579317443072,0.8307692307692308
2026-06-01,4845.0,4875.0,4790.0,4845.0,99600.0,1941.T,中電工,建設業,TOPIX Small 1,52943112.0,256509377640.0,439766950.0,1.1916473018332043,-0.0818737148603419,0.95,0.48333333333333334,1.1747693358420956,,-0.058853904229513566,0.02740676946203705,0.9945477425879838,0.24047351815556575,0.0,0.22466034079383287,0.23835180958875418,0.8153846153846154
2026-06-01,3525.0,3570.0,3440.0,3485.0,124700.0,6844.T,新電元工業,電気機器,TOPIX Small 2,10180979.0,35480711815.0,417443350.0,1.4767524191645032,0.153460695270905,0.8616573305002897,0.4666666666666667,1.3307994612446725,,0.500230608233471,0.02843035040594807,0.4468219805176028,0.15923564908733323,0.0,-0.14199240286104317,0.23831536298342318,0.5086206896551724
2026-06-01,1952.0,1962.0,1924.0,1952.0,122200.0,8133.T,伊藤忠エネクス,卸売業,TOPIX Small 1,112914021.0,220408168992.0,279469245.0,1.1499470295819412,0.019695481548466454,0.9344272787246903,0.55,1.260576292407924,,-0.14062716947076773,0.02784854206075914,0.8979966571800817,0.5654249944284961,0.0,0.023023919824730954,0.2373696197390252,0.7075471698113207
2026-06-01,11150.0,11350.0,10840.0,11040.0,95500.0,6627.T,テラプローブ,電気機器,-,9096989.0,100430758560.0,1720730950.0,1.380302635411716,0.004144726552317346,0.8195991091314031,0.65,1.6348543163072655,,0.31109482269817734,0.02778090445320056,0.18606043141506243,1.0528522088378913,0.0,-0.8564861363156997,0.23703454258075568,0.5
2026-06-01,1280.0,1283.0,1242.0,1257.0,166200.0,8558.T,東和銀行,銀行業,TOPIX Small 2,35436658.0,44543879106.0,261148130.0,1.1943728532133946,-0.10844601048587377,0.9444027047332832,0.5166666666666667,1.3456290464855443,,-0.05350916128399927,0.027291193947928862,0.959844435195791,0.4029492562920311,0.0,-0.17684021255036156,0.23701477302142718,0.4883720930232558
2026-06-01,5610.0,5610.0,5240.0,5290.0,154100.0,2780.T,コメ兵ホールディングス,小売業,-,10989227.0,58133010830.0,603389800.0,1.031693504627542,-3.7296703296703297,0.8758278145695364,0.8,1.6745834598197078,,-0.37251958502967186,0.011540772219643586,0.5346791760233351,1.7839930304519842,0.0,-0.9498450273267218,0.2367978352036215,0.8715596330275229
2026-06-01,1648.0,1664.0,1635.0,1637.0,59700.0,4743.T,アイティフォー,情報・通信業,TOPIX Small 2,26463156.0,43320186372.0,133154075.0,1.1319294625269676,-0.0005437154629718277,0.9397244546498278,0.5166666666666667,1.0438903775490196,,-0.17595919994075604,0.0277605121956433,0.9308392205398668,0.4029492562920311,0.0,0.53221075146636,0.23617109818881787,0.8011363636363636
2026-06-01,6320.0,6420.0,6240.0,6240.0,59700.0,6877.T,ＯＢＡＲＡ　ＧＲＯＵＰ,電気機器,TOPIX Small 2,14414013.0,89943441120.0,503881800.0,1.081897521256017,-0.2731228070175439,0.9082969432314411,0.7,1.6466546455209188,,-0.27407067459570555,0.026574936471004326,0.7359882188767585,1.2965658160425886,0.0,-0.8842155447940531,0.235597804410862,0.49137931034482757
2026-06-01,1056.0,1066.0,1001.0,1016.0,1115700.0,4565.T,ネクセラファーマ,医薬品,TOPIX Small 1,91731154.0,93198852464.0,1360970255.0,1.2690225063129383,0.022114922393502878,0.8147554129911788,0.6833333333333333,1.354639175257732,,0.09287707442916666,0.02785906535627941,0.15602944893891696,1.2153279469743563,0.0,-0.19801297278805746,0.2337884681408955,0.9166666666666666
2026-06-01,1433.0,1433.0,1349.0,1351.0,329900.0,2792.T,ハニーズホールディングス,小売業,TOPIX Small 2,27877797.0,37662903747.0,209413493.6480713,1.5872253615208247,0.012045786873313036,0.875179388953284,0.31666666666666665,1.04004068084298,,0.7168654820504308,0.02781526991117482,0.5306589283126976,-0.5719051725267598,0.0,0.5412570933562142,0.23357905244173766,0.8623853211009175
2026-06-01,3860.0,3895.0,3845.0,3860.0,86100.0,9715.T,トランス・コスモス,サービス業,TOPIX Small 1,37472776.0,144644915360.0,371450750.0,1.3544728082485706,0.030715561984174355,0.9507389162561576,0.36666666666666664,1.1787338768807436,,0.26044313162477767,0.027896473616234038,0.9991290335066544,-0.3281915653220622,0.0,0.21534412800862787,0.23344917961370584,0.8290598290598291
2026-06-01,3427.0,3534.0,3386.0,3434.0,1487100.0,6141.T,ＤＭＧ森精機,機械,TOPIX Mid400,141100178.0,484538011252.0,7287442345.0,1.384273868497532,0.306598708311711,0.8715736040609137,0.5833333333333334,1.8285286058751473,,0.3188823185328462,0.029096420241844775,0.5083030125449285,0.7279007325649611,0.0,-1.3115983107259628,0.23226048155110446,0.7115384615384616
2026-06-01,4690.0,4690.0,4600.0,4650.0,89800.0,6651.T,日東工業,電気機器,TOPIX Small 1,37937121.0,176407612650.0,496547100.0,1.1676458067262665,0.0005390593414491551,0.9135559921414538,0.5833333333333334,1.3862081748322572,,-0.10592027861048271,0.027765221696713433,0.7685943942200513,0.7279007325649611,0.0,-0.272196469587632,0.2297554010209305,0.4827586206896552
2026-06-01,1505.5,1512.5,1479.0,1479.0,1183900.0,9006.T,京浜急行電鉄,陸運業,TOPIX Mid400,268295003.0,396808309437.0,1426199217.5,1.4599780406182814,0.26427051531131474,0.8939256572982774,0.43333333333333335,1.490808362422053,,0.4673364415514814,0.028912314858695623,0.646886049061761,-0.0032400890491318048,0.0,-0.5179948092842809,0.22705364509331266,0.8888888888888888
2026-06-01,6030.0,6030.0,5970.0,6000.0,59200.0,8566.T,リコーリース,その他金融業,TOPIX Small 1,30824441.0,184946646000.0,314932200.0,1.1636452534978186,-0.3184189406099518,0.9493670886075949,0.5,1.2522231098655003,,-0.11376527056378394,0.02637792210683982,0.990623683277899,0.3217113872237983,0.0,0.04265293242423677,0.22666725424612535,0.7777777777777778
2026-06-01,3199.0,3219.0,3152.0,3152.0,359500.0,9045.T,京阪ホールディングス,陸運業,TOPIX Mid400,100900847.0,318039469744.0,1227765025.0,1.4462451836369807,-0.4037057073302678,0.9033674977995421,0.4166666666666667,1.4289000554828541,,0.44040662800768393,0.02600696951586932,0.7054255896166126,-0.08447795811736433,0.0,-0.3725174501158535,0.2263909510808135,0.8333333333333334
2026-06-01,4595.0,4720.0,4535.0,4615.0,533700.0,6254.T,野村マイクロ・サイエンス,機械,TOPIX Small 1,38288784.0,176702738160.0,4788080225.0,1.1159112242806124,0.021640754854664213,0.8724007561436673,0.7333333333333333,1.7159718350077313,,-0.20737059305886993,0.027857002976805427,0.5134313667982016,1.4590415541790536,0.0,-1.0471029208197409,0.22430896292499516,0.7019230769230769
2026-06-01,2660.0,2667.5,2606.5,2659.5,1230900.0,8304.T,あおぞら銀行,銀行業,TOPIX Mid400,138381076.0,368024471622.0,3672840922.5,1.1560868518891416,-0.5511731743694217,0.9178064604408636,0.5333333333333333,1.1319648935443958,,-0.1285871205464909,0.025365563573474737,0.7949473559500323,0.4841871253602633,0.0,0.32524582817055,0.22207444215931943,0.46511627906976744
2026-06-01,1114.5,1182.5,1068.0,1156.5,3018300.0,8012.T,長瀬産業,卸売業,TOPIX Mid400,407832532.0,471658323258.0,1430748847.5,1.2629815576355425,0.054511445870454756,0.9200477326968973,0.5,1.4014784723130937,,0.08103091439623003,0.027999973199129426,0.8088432746651365,0.3217113872237983,0.0,-0.30807990205510594,0.22187908981268162,0.6981132075471698
2026-06-01,2360.0,2437.0,2292.0,2364.0,11000.0,8139.T,ナガホリ,卸売業,-,15335043.0,36252041652.0,107351945.0,1.4228202909070604,0.011914862829442763,0.7940880080618072,0.6666666666666666,1.7823704886530878,,0.39447095749431754,0.027814700460424585,0.02789125502805346,1.1340900779061236,0.0,-1.2031320752618464,0.22110657341712245,0.6886792452830188
2026-06-01,2948.0,3010.0,2863.0,2888.0,3535600.0,6315.T,ＴＯＷＡ,機械,TOPIX Small 1,75028019.0,216680918872.0,18159754845.0,1.5210053873018188,0.0596837319093404,0.8469208211143695,0.4666666666666667,1.510025471994432,,0.5870096508114451,0.028022469923781407,0.355455420288325,0.15923564908733323,0.0,-0.5631527935623142,0.22057682192645592,0.6923076923076923
2026-06-01,620.9000244140625,621.9000244140625,606.2999877929688,607.9000244140625,3060500.0,9831.T,ヤマダホールディングス,小売業,TOPIX Mid400,664440382.0,403913324439.489,2364841950.622864,1.2094040067200245,-1.4893443169690501,0.9358067230001637,0.55,1.6650810312994762,,-0.024033418411782904,0.021285012398843478,0.9065492306001064,0.5654249944284961,0.0,-0.9275154196350155,0.21906072279931005,0.8532110091743119
2026-06-01,2547.0,2572.0,2484.0,2506.0,348400.0,6807.T,日本航空電子工業,電気機器,TOPIX Small 1,67428249.0,168975191994.0,748542385.0,1.3837515326760812,-0.017227888464234842,0.866927389444649,0.5,1.37249527559725,,0.31785803012016783,0.027687944815720057,0.4794964182247912,0.3217113872237983,0.0,-0.23997274282329245,0.21854384832133536,0.47413793103448276
2026-06-01,5809.0,5835.0,5765.0,5810.0,229700.0,4967.T,小林製薬,化学,TOPIX Mid400,74338764.0,431908218840.0,1209567310.0,0.9446043547933866,0.005510525965614077,0.9462540716612378,0.6,1.0030179727083512,,-0.5432993848859664,0.02778684496250337,0.9713229355312276,0.8091386016331934,0.0,0.6282561743354259,0.21817005108713008,0.6262626262626263
2026-06-01,1143.0,1143.0,1142.0,1143.0,415900.0,4974.T,タカラバイオ,化学,TOPIX Small 1,120415300.0,137634687900.0,358717450.0,0.613335417348449,0.01595180121121298,0.9939130434782608,0.6,0.12645348837209303,,-1.1929100762658709,0.027832259019740322,1.2668092141981335,0.8091386016331934,0.0,2.688081303252504,0.21786724393569828,0.6161616161616161
2026-06-01,1690.0,1692.0,1621.0,1623.0,66000.0,1930.T,北陸電気工事,建設業,TOPIX Small 2,27502545.0,44636630535.0,228117175.0,1.496133772392475,0.1856696879597215,0.9069365577256998,0.36666666666666664,1.4629131208908743,,0.5382369917097173,0.028570442588474444,0.7275538100903671,-0.3281915653220622,0.0,-0.45244421887148123,0.21536167485073793,0.8
2026-06-01,2125.0,2563.0,2088.0,2563.0,649200.0,3915.T,テラスカイ,情報・通信業,TOPIX Small 2,12908877.0,33085451751.0,378461870.0,1.4337499592076492,0.14271556518484552,0.811838764056436,0.6,1.6512281888164473,,0.4159037831496921,0.028383614739923704,0.1379461855564465,0.8091386016331934,0.0,-0.8949628424277842,0.21528373470728301,0.7954545454545454
2026-06-01,3210.0,3255.0,3155.0,3190.0,164100.0,6588.T,東芝テック,電気機器,TOPIX Small 1,52987748.0,169030916120.0,485992840.0,1.1782141533901445,0.0275397112086464,0.9681335356600911,0.4666666666666667,1.4039231622075634,,-0.08519599629166313,0.027882660335240738,1.106975912290128,0.15923564908733323,0.0,-0.3138246404822523,0.21526096380790738,0.46551724137931033
2026-06-01,2578.0,2636.0,2540.0,2629.0,57300.0,1847.T,イチケン,建設業,-,14516944.0,38165045776.0,196455785.0,1.6798043248651955,-0.041530032792129856,0.8201095136165464,0.3333333333333333,1.1064742668012097,,0.8984106786789793,0.02758224326609824,0.1892249462205626,-0.4906673034585272,0.0,0.3851458520201569,0.21500041681261065,0.7846153846153846
2026-06-01,2307.0,2380.0,2287.0,2366.0,91900.0,6676.T,ＢＵＦＦＡＬＯ,電気機器,TOPIX Small 2,23681058.0,56029383228.0,231061380.0,1.3351852069821912,-0.08449320268557159,0.8701728576682604,0.48333333333333334,1.1369054479110645,,0.22262059356747718,0.027395376067338766,0.4996183657063373,0.24047351815556575,0.0,0.31363609697895245,0.21418049812225395,0.45689655172413796
2026-06-01,1857.0,1887.0,1838.0,1882.0,317200.0,3762.T,テクマトリックス,情報・通信業,TOPIX Small 1,40185148.0,75628448536.0,755114800.0,1.4377324493520294,-0.04258349774027903,0.7732760309213287,0.5666666666666667,1.072934116044249,,0.4237133538147185,0.0275776612474916,-0.10114328857374875,0.6466628634967284,0.0,0.4639613260570364,0.21279159187816382,0.7897727272727273
2026-06-01,2800.0,2846.0,2766.0,2795.0,143300.0,7745.T,Ａ＆Ｄホロンホールディングス,精密機器,TOPIX Small 1,27387321.0,76547562195.0,573248780.0,1.2526646699175723,0.05204517704517708,0.8929712460063898,0.55,1.471362700237075,,0.060799737229268916,0.027989246226517522,0.6409686859671414,0.5654249944284961,0.0,-0.47229975280776876,0.21158974458126087,0.6206896551724138
2026-06-01,2751.0,2774.0,2687.0,2710.0,130100.0,5851.T,リョービ,非鉄金属,TOPIX Small 1,31809471.0,86203666410.0,401010270.0,1.2710208531335607,0.01432476675725547,0.8841761827079935,0.5,1.1545574482717835,,0.09679578612539118,0.027825182275369495,0.5864391729373462,0.3217113872237983,0.0,0.2721559382816782,0.21030758168531305,0.8461538461538461
2026-06-01,3625.0,3890.0,3610.0,3830.0,220200.0,6266.T,タツモ,機械,TOPIX Small 2,14474908.0,55438897640.0,1030947570.0,1.2316434587727962,0.08131280034949762,0.9228915662650602,0.5833333333333334,1.9196446669885072,,0.019577630469951274,0.02811654499880994,0.8264750817765172,0.7279007325649611,0.0,-1.5257105131743178,0.210118144448522,0.6826923076923077
2026-06-01,2920.0,2950.0,2850.0,2859.0,43300.0,6832.T,アオイ電子,電気機器,-,11198937.0,32017760883.0,150524095.0,1.2982326951399117,-0.10552763819095479,0.8930920972854951,0.5,1.370837438489846,,0.15015757620389683,0.027303887332915153,0.6417179655544576,0.3217113872237983,0.0,-0.2360770174151755,0.2091618162079055,0.4482758620689655
2026-06-01,1631.0,1631.0,1587.0,1589.0,116100.0,6381.T,アネスト岩田,機械,TOPIX Small 2,39386252.0,62584754428.0,137292875.0,1.1814807854928122,-0.07430348018895205,0.9034514750478995,0.5,1.0013278309458273,,-0.07879020661797691,0.02743969600238551,0.7059462497077511,0.3217113872237983,0.0,0.6322278119457668,0.20821972096851046,0.6730769230769231
2026-06-01,2187.0,2215.0,2092.0,2198.0,330800.0,7047.T,ポート,サービス業,-,13117887.0,28833115626.0,433110655.0,1.317150565109397,-1.5685435188234003,0.8590935575283508,0.5166666666666667,1.1912472864109074,,0.18725507977636877,0.020940537514163995,0.43092655294242327,0.4029492562920311,0.0,0.18593906328235257,0.20797355651904018,0.8205128205128205
2026-06-01,1029.0,1033.0,986.0,991.0,163200.0,8841.T,テーオーシー,不動産業,TOPIX Small 2,88217483.0,87423525653.0,245526485.0,1.4216897081413211,-0.20748976009362197,0.8369932432432432,0.55,1.6188198410747012,,0.3922539109526804,0.02686040571489721,0.2939043013809035,0.5654249944284961,0.0,-0.8188069745389781,0.20743283988040062,0.9038461538461539
2026-06-01,3930.0,3965.0,3870.0,3965.0,114100.0,9336.T,大栄環境,サービス業,TOPIX Small 1,99847924.0,395897018660.0,725826100.0,1.245521058330803,0.02280635014891863,0.9083619702176403,0.5,1.3320568765997152,,0.04679128084448616,0.02786207270345886,0.7363913870827096,0.3217113872237983,0.0,-0.14494718347568813,0.2069509647133135,0.811965811965812
2026-06-01,2137.0,2152.0,2077.0,2127.0,120500.0,5632.T,三菱製鋼,鉄鋼,TOPIX Small 2,15121154.0,32162694558.0,298074460.0,1.238835584404541,-0.038920134983127075,0.9624434389140272,0.43333333333333335,1.4652794387046315,,0.033681221770011975,0.027593594949268416,1.0716972344536801,-0.0032400890491318048,0.0,-0.4580047919757771,0.2062718981143975,0.7894736842105263
2026-06-01,7680.0,7720.0,7620.0,7630.0,9500.0,2705.T,大戸屋ホールディングス,小売業,-,7258293.0,55380775590.0,112967150.0,1.218636546994756,-0.078508247669137,0.9419753086419753,0.5333333333333333,1.7884151754638622,,-0.0059286213930221125,0.02742140747473716,0.9447945461502414,0.4841871253602633,0.0,-1.2173363899606044,0.20609335505648632,0.8440366972477065
2026-06-01,4790.0,4945.0,4714.0,4938.0,961100.0,4631.T,ＤＩＣ,化学,TOPIX Mid400,94686829.0,467563561602.0,3850689240.0,1.3486481764633118,1.1212875106071127,0.9955645161290323,0.31666666666666665,1.5628106109908941,,0.24902116399255958,0.0326398881638635,1.277048367274498,-0.5719051725267598,0.0,-0.6871917635196967,0.20567957243900659,0.6060606060606061
2026-06-01,3560.0,3645.0,3470.0,3470.0,784100.0,6703.T,沖電気工業,電気機器,TOPIX Small 1,86746055.0,301008810850.0,2704189675.0,1.1046054068585447,-0.026263720076597497,0.92904953145917,0.5833333333333334,1.4940230689979874,,-0.22954103840400628,0.027648643699297492,0.8646545504052952,0.7279007325649611,0.0,-0.5255489978300544,0.2053654713981233,0.4396551724137931
2026-06-01,1170.0,1170.0,1138.0,1143.0,86700.0,6470.T,大豊工業,機械,TOPIX Small 2,28389257.0,32448920751.0,125712590.0,0.7434979301671587,0.0769841007503389,0.9071428571428571,0.8166666666666667,1.2138652158199004,,-0.9376644121354628,0.02809771743160826,0.7288328693050939,1.8652308995202165,0.0,0.13278954582729177,0.2047990124044522,0.6634615384615384
2026-06-01,3095.0,3115.0,3010.0,3025.0,79300.0,1982.T,日比谷総合設備,建設業,TOPIX Small 2,43069038.0,130283839950.0,468712840.0,1.4011140097299584,-0.041843541540327434,0.8717579250720461,0.4666666666666667,1.4125410614308653,,0.3519054443149008,0.027580879667888247,0.5094458053409784,0.15923564908733323,0.0,-0.33407570665689174,0.20394230409414835,0.7692307692307693
2026-06-01,1394.0,1394.0,1346.0,1346.0,174600.0,6345.T,アイチ　コーポレーション,機械,TOPIX Small 2,64559332.0,86896860872.0,246605535.0,1.1672949056023814,-0.14076704037744392,0.9144021739130435,0.48333333333333334,1.007870330245616,,-0.10660838756344151,0.027150614462480308,0.7738407328050037,0.24047351815556575,0.0,0.6168536954894841,0.20181741578356951,0.6538461538461539
2026-06-01,3280.0,3400.0,3220.0,3310.0,169300.0,2664.T,カワチ薬品,小売業,TOPIX Small 1,22334247.0,73926357570.0,402197605.0,1.2205921620984843,-0.02752155755190333,0.9735294117647059,0.4666666666666667,1.756578320690457,,-0.002093705601024256,0.027643172767657948,1.1404304181158453,0.15923564908733323,0.0,-1.1425234644316857,0.2012326245563432,0.8348623853211009
2026-06-01,1935.0,2048.0,1885.0,2000.0,1844600.0,4022.T,ラサ工業,化学,TOPIX Small 2,39061345.0,78122690000.0,3588016215.0,1.7216370617191197,0.22985222562623897,0.7581501137225171,0.4666666666666667,1.581578945736112,,0.9804437039290701,0.028762613395896343,-0.19492418258170888,0.15923564908733323,0.0,-0.7312951788724196,0.20063733123437882,0.5959595959595959
2026-06-01,2100.0,2145.0,2089.0,2143.0,35800.0,9742.T,アイネス,情報・通信業,TOPIX Small 2,20812699.0,44601613957.0,118404315.0,0.9826423997303674,0.015310629109824392,0.9576062042085657,0.5833333333333334,1.3271438095037817,,-0.46870766233920874,0.027829470258231185,1.04170631296165,0.7279007325649611,0.0,-0.13340204419033105,0.20063672224731322,0.7840909090909091
2026-06-01,1099.0,1112.0,1068.0,1105.0,110000.0,2130.T,メンバーズ,サービス業,TOPIX Small 2,12818043.0,14163937515.0,175230140.0,1.6162182394261988,0.08257975383069582,0.7703500270430258,0.4666666666666667,1.2796349086291037,,0.7737198421557568,0.028122055580281868,-0.11928455273454701,0.15923564908733323,0.0,-0.021761623413994412,0.19940083007950057,0.8034188034188035
2026-06-01,2600.0,2600.0,2491.0,2537.0,185600.0,9902.T,日伝,卸売業,TOPIX Small 2,29538328.0,74938738136.0,220024955.0,1.2148089394858397,-0.1786286019210246,0.8719216811234808,0.55,1.193997969465685,,-0.013434470807627512,0.02698593657758829,0.5104610951049582,0.5654249944284961,0.0,0.17947527632866633,0.19926759844418956,0.6792452830188679
2026-06-01,1528.0,1559.0,1528.0,1532.0,98500.0,4674.T,クレスコ,情報・通信業,TOPIX Small 2,40394449.0,61884295868.0,212732785.0,1.370178047706483,0.022551378955812496,0.8637126584819265,0.48333333333333334,1.3449265256976546,,0.29124074138931305,0.027860963712834134,0.459565042182162,0.24047351815556575,0.0,-0.17518936997307244,0.19899999393665047,0.7784090909090909
2026-06-01,9220.0,9293.0,8835.0,8972.0,788100.0,6728.T,アルバック,電気機器,TOPIX Mid400,49173790.0,441187243880.0,6090033040.0,1.631853929012271,-0.925627562396605,0.7856392294220665,0.45,1.4039824345361183,,0.8043810662371674,0.02373688387578526,-0.02449128837053726,0.07799778001910071,0.0,-0.3139639235971724,0.19813270067713717,0.43103448275862066
2026-06-01,1700.0,1717.0,1675.0,1682.0,150400.0,8771.T,イー・ギャランティ,その他金融業,TOPIX Small 1,44416667.0,74708833894.0,325143675.0,1.1553921045001603,-0.028711408611753364,0.9172460093842064,0.5166666666666667,1.2366176069802677,,-0.12994950403819866,0.027637997541177996,0.791472551715011,0.4029492562920311,0.0,0.07932405881230889,0.19712522510316716,0.7222222222222222
2026-06-01,1895.0,1907.0,1874.0,1890.0,111400.0,9037.T,ハマキョウレックス,陸運業,TOPIX Small 1,74027882.0,139912696980.0,229162715.0,1.0714468958440226,-0.05074328296671837,0.9742115386597553,0.4666666666666667,1.192362876050756,,-0.29456410827409385,0.027542170472217676,1.1446596142170666,0.15923564908733323,0.0,0.18331755669067276,0.19522766359057794,0.7777777777777778
2026-06-01,5440.0,5500.0,5240.0,5280.0,31400.0,8551.T,北日本銀行,銀行業,TOPIX Small 2,8192606.0,43256959680.0,148866225.0,1.0386766917293233,-0.01921695402298851,0.947935368043088,0.5333333333333333,1.2075631756166296,,-0.35882571733349694,0.027679293426401363,0.9817469961491615,0.4841871253602633,0.0,0.1475986112253408,0.19357079261836493,0.4418604651162791
2026-06-01,1100.0,1100.0,1006.0,1015.0,713300.0,6840.T,ＡＫＩＢＡホールディングス,電気機器,-,9184580.0,9322348700.0,1023603755.0,1.9574774363779837,0.02504075254638516,0.6909462219196733,0.5833333333333334,2.6406882591093117,,1.442921200367762,0.027871791179026453,-0.6115892331202687,0.7279007325649611,0.0,-3.2200795375133455,0.19356153427172026,0.4224137931034483
2026-06-01,2684.0,2699.0,2628.0,2649.0,241800.0,6371.T,椿本チエイン,機械,TOPIX Small 1,104031492.0,275579422308.0,594596975.0,1.1518929254302104,0.07114321806410873,0.9420341394025604,0.5,1.415643930305578,,-0.13681131291295945,0.028072312663092208,0.9451592976724349,0.3217113872237983,0.0,-0.34136708954323713,0.19303546307842806,0.6442307692307693
2026-06-01,2262.0,2262.0,2193.0,2197.0,118700.0,7239.T,タチエス,輸送用機器,TOPIX Small 1,34320529.0,75402202213.0,282868910.0,1.112289933797318,-0.013258458636427717,0.9573170801831862,0.48333333333333334,1.3244279183094214,,-0.21447185957870885,0.027705209748322426,1.0399137400404257,0.24047351815556575,0.0,-0.12702001408357394,0.1910111125696447,0.8709677419354839
2026-06-01,2961.0,2961.0,2840.0,2854.0,142300.0,9039.T,サカイ引越センター,陸運業,TOPIX Small 1,40259728.0,114901263712.0,255831525.0,1.1555593480672413,-0.08131319541396964,0.9528343577147086,0.45,1.2623814218750176,,-0.12962154328800496,0.027409207426904482,1.012120799278035,0.07799778001910071,0.0,0.018782074411517035,0.18950984661377285,0.7222222222222222
2026-06-01,4105.0,4105.0,3965.0,4060.0,99900.0,4044.T,セントラル硝子,化学,TOPIX Small 1,24792784.0,100658703040.0,346347225.0,1.2038661052827468,-0.021627747053183155,0.9274823214212307,0.4666666666666667,1.301255853888751,,-0.03489311449198553,0.027668807744328585,0.8549378266837248,0.15923564908733323,0.0,-0.07256834345865246,0.1894384188399981,0.5858585858585859
2026-06-01,4262.0,4262.0,4123.0,4131.0,571900.0,4401.T,ＡＤＥＫＡ,化学,TOPIX Mid400,97370974.0,402239493594.0,2582482025.0,1.3764936561156818,0.058158839471954105,0.8222839814697794,0.5333333333333333,1.3306121741192047,,0.3036255027763242,0.02801583744347582,0.20270667672241852,0.4841871253602633,0.0,-0.14155229978334058,0.18900212421430618,0.5757575757575758
2026-06-01,1388.0,1446.0,1367.0,1429.0,194500.0,3964.T,オークネット,情報・通信業,TOPIX Small 2,90720638.0,129639791702.0,289118330.0,1.0454754051955961,-0.048999423825517474,0.8842821782178217,0.7,1.6406300935171054,,-0.34549359815146996,0.02754975534255093,0.5870963465514728,1.2965658160425886,0.0,-0.8700585445622686,0.18891525378633967,0.7727272727272727
2026-06-01,9990.0,10540.0,8900.0,9110.0,638900.0,278A.T,Ｔｅｒｒａ　Ｄｒｏｎｅ,精密機器,-,9745300.0,88779683000.0,17184163150.0,2.3536307202167692,1.3710773748904623,0.46455889852116267,0.8333333333333334,3.512787670949882,,2.219768587846427,0.03372634273257687,-2.0151937419463204,1.9464687685884492,0.0,-5.269412262627389,0.18883468641238466,0.5862068965517241
2026-06-01,3125.0,3140.0,3100.0,3115.0,74200.0,4481.T,ベース,情報・通信業,TOPIX Small 2,18138594.0,56501720310.0,281448750.0,1.3431256906591837,-0.11996410051854811,0.8305925719153715,0.4666666666666667,0.8650876679732987,,0.238191697610878,0.027241096312563422,0.25422005139531684,0.15923564908733323,0.0,0.9523764333801253,0.18870637779203,0.7670454545454546
2026-06-01,745.0,748.0,728.0,728.0,627700.0,8346.T,東邦銀行,銀行業,TOPIX Small 1,249887384.0,181918015552.0,633905225.0,0.9189446975345887,-0.03572615898255693,0.914572864321608,0.65,1.1340383047731628,,-0.5936173767297676,0.027607487065460304,0.7748990156782581,1.0528522088378913,0.0,0.3203735516547759,0.1874238396279973,0.4186046511627907
2026-06-01,2818.0,2825.0,2774.0,2814.0,99500.0,8150.T,三信電気,卸売業,TOPIX Small 2,12242618.0,34450727052.0,268365890.0,1.4357550819873488,-0.09710407447320757,0.9054652847123247,0.3333333333333333,1.234750446793334,,0.41983578234427016,0.027340525405930047,0.7184318972363852,-0.4906673034585272,0.0,0.08371166924084678,0.18606594432809034,0.6698113207547169
2026-06-01,3490.0,3510.0,3385.0,3415.0,168500.0,8919.T,カチタス,不動産業,TOPIX Small 1,78241206.0,267193718490.0,1100348225.0,1.2301022827338617,0.015565832823954961,0.893979057591623,0.5166666666666667,1.4207648147540295,,0.01655542005712973,0.027830580260200105,0.6472171316126178,0.4029492562920311,0.0,-0.35340057556473436,0.18331228606742397,0.8846153846153846
2026-06-01,5850.0,5850.0,5670.0,5740.0,164500.0,8522.T,名古屋銀行,銀行業,TOPIX Small 1,49196997.0,282390762780.0,1004042350.0,0.8757708180543923,0.0025865413631072087,0.889922480620155,0.7,1.0430134490777154,,-0.678280351516967,0.027774127166930056,0.6220662987741132,1.2965658160425886,0.0,0.5342714319225422,0.18298514766982882,0.3953488372093023
2026-06-01,1392.0,1414.0,1375.0,1408.0,233100.0,7613.T,シークス,卸売業,TOPIX Small 1,47137653.0,66369815424.0,283478645.0,0.8668493642400563,0.7663322312165088,0.983927323549965,0.55,1.0733465553268484,,-0.6957751152130288,0.031096019336001868,1.2048976137391376,0.5654249944284961,0.0,0.4629921414578061,0.18277310501573552,0.660377358490566
2026-06-01,2675.0,2746.0,2673.0,2737.0,1683800.0,2432.T,ディー・エヌ・エー,情報・通信業,TOPIX Mid400,102789132.0,281333854284.0,4992309447.5,0.970345266107821,0.45082401932860594,0.9406747167136387,0.5666666666666667,1.1536723987467967,,-0.4928220557264886,0.029723724510286452,0.9367308583635245,0.6466628634967284,0.0,0.2742357022744943,0.18228280350688836,0.7613636363636364
2026-06-01,1978.0,1990.0,1840.0,1849.0,187400.0,9278.T,ブックオフグループホールディングス,小売業,TOPIX Small 2,17552505.0,32454581745.0,198956764.05639648,1.1568428674873281,-0.16426838214547712,0.8308182941760511,0.6,0.9787394621954798,,-0.1271045915197132,0.02704839598292739,0.25561953250616787,0.8091386016331934,0.0,0.6853078652728675,0.1817460411256595,0.8256880733944955
2026-06-01,2893.0,2894.5,2848.0,2870.5,653400.0,2229.T,カルビー,食料品,TOPIX Mid400,121587854.0,349017934907.0,1729112647.5,1.3120186620257674,0.011039632232516583,0.9026729559748428,0.4,1.1539780901125114,,0.17719153703685234,0.02781089366752914,0.7011194207813544,-0.16571582718559685,0.0,0.27351736293033424,0.18029298590104345,0.8372093023255814
2026-06-01,2015.0,2032.0,1984.0,1984.0,849800.0,8366.T,滋賀銀行,銀行業,TOPIX Small 1,229879370.0,456080670080.0,1430727835.0,0.8934207204725357,0.10334654375482377,0.9059360730593607,0.6666666666666666,1.1153144666482309,,-0.6436693028594278,0.028212380197156578,0.721350791442486,1.1340900779061236,0.0,0.36437240509761676,0.17873805956372876,0.37209302325581395
2026-06-01,2922.0,2955.0,2822.0,2925.0,40700.0,4310.T,ドリームインキュベータ,サービス業,TOPIX Small 2,8738700.0,25560697500.0,107465185.0,1.1201743899866394,-0.0037360286480536686,0.9605911330049262,0.4666666666666667,1.4045553488249896,,-0.19901062413718487,0.027746627311824472,1.060212912422262,0.15923564908733323,0.0,-0.31531020589587444,0.17734642034641857,0.7948717948717948
2026-06-01,2295.0,2341.0,2273.0,2337.0,228300.0,5208.T,有沢製作所,化学,TOPIX Small 1,32776284.0,76598175708.0,775066325.0,1.4972062460887445,-0.08520495277668327,0.8436823104693141,0.43333333333333335,1.5522489948854175,,0.5403400877159228,0.02739228032868464,0.33537660988921386,-0.0032400890491318048,0.0,-0.6623731875395059,0.17540374125464955,0.5656565656565656
2026-06-01,2071.0,2097.0,2037.0,2061.0,237400.0,4825.T,ウェザーニューズ,情報・通信業,TOPIX Small 1,44413890.0,91537027290.0,494397125.3466797,1.0544922339510803,0.030157134543145947,0.8813966328480589,0.5833333333333334,1.0409649398838685,,-0.32781180641125324,0.027894044750489858,0.5692059256983064,0.7279007325649611,0.0,0.5390851915371571,0.17500111418607248,0.7556818181818182
2026-06-01,14900.0,15500.0,14620.0,15300.0,469900.0,5805.T,ＳＷＣＣ,非鉄金属,TOPIX Small 1,29616183.0,453127599900.0,10022404550.0,1.5568200391048264,-0.031909577632361685,0.7818088911599387,0.5,1.573823159745132,,0.6572413510690325,0.027624087187553655,-0.04823943810941519,0.3217113872237983,0.0,-0.713069979056321,0.17417168107301717,0.7692307692307693
2026-06-01,7230.0,7230.0,6940.0,7010.0,182300.0,8361.T,大垣共立銀行,銀行業,TOPIX Small 1,41083303.0,287993954030.0,1549065250.0,0.8764786852714911,0.2489720603832799,0.8633004926108374,0.75,1.1556811003495773,,-0.6768922403470775,0.028845774623772538,0.4570096081306429,1.5402794232472863,0.0,0.26951548589356666,0.17390799297707363,0.3488372093023256
2026-06-01,5700.0,5870.0,5610.0,5760.0,104400.0,6474.T,不二越,機械,TOPIX Small 1,21777955.0,125441020800.0,711630100.0,0.9624015018965275,-3.624893797790994,0.9442622950819672,0.5666666666666667,1.192950745594216,,-0.508399592821451,0.0119964950412274,0.9589738934326247,0.6466628634967284,0.0,0.18193613127385264,0.17379024032967094,0.6346153846153846
2026-06-01,2120.0,2151.0,1978.0,2004.0,65700.0,153A.T,カウリス,情報・通信業,-,6292800.0,12610771200.0,295394930.0,1.395751217250174,-0.7283013563848478,0.6966288007425931,0.8,1.867006450885535,,0.34138913283278755,0.024595149116704563,-0.5763571665103842,1.7839930304519842,0.0,-1.4020167950192066,0.1737227520021335,0.75
2026-06-01,2600.0,2641.0,2580.0,2594.0,76300.0,3854.T,アイル,情報・通信業,TOPIX Small 2,24999789.0,64849452666.0,158238775.0,0.9763500247013669,0.0314621514188993,0.8503846023790559,0.6833333333333333,1.025496353951708,,-0.48104686360733273,0.027899720887714155,0.37693091161759346,1.2153279469743563,0.0,0.5754345789253583,0.1731703176360354,0.7443181818181818
2026-06-01,5900.0,6020.0,5800.0,5900.0,47100.0,4051.T,ＧＭＯフィナンシャルゲート,情報・通信業,TOPIX Small 2,8256674.0,48714376600.0,169498800.0,0.7810916780474911,-0.017921654214866134,0.9168519359926585,0.7333333333333333,1.2332963374028856,,-0.8639439457963458,0.02768492729949075,0.7890292912846933,1.4590415541790536,0.0,0.08712865808326804,0.17195376966374637,0.7386363636363636
2026-06-01,2071.0,2134.0,2057.0,2107.0,741000.0,6055.T,ジャパンマテリアル,サービス業,TOPIX Small 1,102774180.0,216545197260.0,1899014725.0,0.9910527671621417,-0.21916257862275323,0.9351975144252108,0.6166666666666667,1.575375267440056,,-0.45221512716747353,0.026809635091929296,0.9027721290831894,0.8903764707014262,0.0,-0.7167172525768892,0.17192366077412127,0.7863247863247863
2026-06-01,4200.0,4265.0,4005.0,4070.0,189500.0,1835.T,東鉄工業,建設業,TOPIX Small 1,34441761.0,140177967270.0,593082250.0,1.5318270649702868,-0.1405236363636364,0.6993127147766323,0.6,1.2574259362649753,,0.6082307093457137,0.027151673141957166,-0.5597168627030571,0.8091386016331934,0.0,0.030426892297654745,0.16979435794116804,0.7538461538461538
2026-06-01,2219.0,2239.0,2187.0,2194.0,61100.0,5195.T,バンドー化学,ゴム製品,TOPIX Small 2,40752409.0,89410785346.0,133319375.0,1.070056594066198,-0.06188136353972262,0.9536276281447812,0.48333333333333334,1.2950153918409149,,-0.2972904577654933,0.02749372567819068,1.0170390868201704,0.24047351815556575,0.0,-0.05790397960193089,0.16913446308544677,0.6666666666666666
2026-06-01,2800.0,2800.0,2712.5,2712.5,1333600.0,8252.T,丸井グループ,小売業,TOPIX Mid400,179260841.0,486245031212.5,3752237262.5,1.5842242348488553,-0.1282043486192309,0.8395877839041758,0.3333333333333333,1.305693018656813,,0.7109803423589958,0.027205255566094367,0.3099904890496669,-0.4906673034585272,0.0,-0.08299516733039546,0.16879464340590708,0.8165137614678899
2026-06-01,1432.0,1676.0,1431.0,1620.0,3144100.0,6072.T,地盤ネットホールディングス,サービス業,-,22430494.0,36337400280.0,1860323840.0,0.8554349612430993,0.036276881747019374,0.9665871121718377,0.65,1.5776994553027874,,-0.7181584943482204,0.02792066243302912,1.0973880654615926,1.0528522088378913,0.0,-0.7221788251702658,0.1687370451806911,0.7777777777777778
2026-06-01,3450.0,3480.0,3380.0,3445.0,124600.0,7296.T,エフ・シー・シー,輸送用機器,TOPIX Small 1,48434662.0,166857410590.0,447489625.0,1.21388402323223,0.021724023325376818,0.9018986328986062,0.4166666666666667,0.9598434284946032,,-0.01524821009634575,0.02785736515087,0.696318607092769,-0.08447795811736433,0.0,0.7297113583979647,0.16622988438447844,0.8387096774193549
2026-06-01,5160.0,5180.0,5090.0,5100.0,57100.0,8395.T,佐賀銀行,銀行業,TOPIX Small 2,16901870.0,86199537000.0,328545000.0,0.9959189029591234,-0.05671376560332875,0.925589836660617,0.55,1.1387289287412483,,-0.4426727479036429,0.02751620201206186,0.8432043952220787,0.5654249944284961,0.0,0.3093511279855357,0.16513304813507168,0.32558139534883723
2026-06-01,2283.0,2474.0,2260.0,2394.0,923800.0,6498.T,キッツ,機械,TOPIX Small 1,86924986.0,208098416484.0,781519865.0,1.0396276771085398,0.017344092619165696,0.967663702506063,0.5,1.4598294969655061,,-0.35696085709501574,0.02783831475529024,1.1040629402937725,0.3217113872237983,0.0,-0.44519805938965723,0.16452875758791002,0.625
2026-06-01,1427.0,1433.0,1405.0,1431.0,173200.0,6183.T,ベルシステム２４ホールディングス,サービス業,TOPIX Small 2,74345321.0,106388154351.0,346279860.0,0.9361396465540993,0.021967203213239417,0.9202572347266881,0.6,1.1500703186845018,,-0.5598984811189676,0.027858422855516842,0.8101421901220982,0.8091386016331934,0.0,0.28270017369818473,0.16452422238844522,0.7692307692307693
2026-06-01,4825.0,4830.0,4825.0,4825.0,4000.0,3294.T,イーグランド,不動産業,-,6093376.0,29400539200.0,106764950.0,0.7658392640166638,-23.620060790273556,0.9938208032955715,0.4666666666666667,0.17468587189702728,,-0.8938535754169172,-0.07497196780451439,1.2662373238008533,0.15923564908733323,0.0,2.574740781947383,0.16366346541528193,0.8653846153846154
2026-06-01,17710.0,17890.0,16920.0,17300.0,34100.0,319A.T,技術承継機構,金属製品,-,8845891.0,153033914300.0,773961900.0,0.8797913871847821,0.012212687049894422,0.8826530612244898,0.7833333333333333,1.6682926829268292,,-0.6703961088449012,0.027815995839185894,0.5769957988577283,1.7027551613837515,0.0,-0.935062429405048,0.16341428425742716,0.75
2026-06-01,2708.5,2729.5,2662.0,2688.0,553600.0,9076.T,セイノーホールディングス,陸運業,TOPIX Mid400,162347612.0,436390381056.0,1210584702.5,0.9742650605730667,-0.3818185472524822,0.9746192893401016,0.5333333333333333,1.4741108153802418,,-0.48513542983190516,0.026102167153815494,1.1471876740254483,0.4841871253602633,0.0,-0.4787575054662497,0.16336941266629423,0.6666666666666666
2026-06-01,2816.0,2832.0,2793.0,2832.0,124300.0,4526.T,理研ビタミン,食料品,TOPIX Small 2,29187811.0,82659880752.0,315085855.0,1.5211720564588171,0.017499226941781743,0.8786273143134479,0.26666666666666666,1.1036444286807783,,0.5873364851568096,0.02783898950802312,0.5520361128165433,-0.8156187797314572,0.0,0.39179564422072266,0.1614480564808344,0.813953488372093
2026-06-01,1383.0,1392.0,1373.0,1377.0,221000.0,6463.T,ＴＰＲ,機械,TOPIX Small 1,64447827.0,88744657779.0,197536420.0,1.0504051816782365,0.07100038040602885,0.9663157894736842,0.48333333333333334,1.4300006480049992,,-0.33582642098135357,0.02807169139438441,1.0957058610132249,0.24047351815556575,0.0,-0.3751037152159381,0.15951833176844066,0.6153846153846154
2026-06-01,1270.0,1276.0,1242.0,1247.0,400100.0,6196.T,ストライク,サービス業,TOPIX Small 1,57608286.0,71837532642.0,731996515.0,1.4557132761231701,-0.6651914140296527,0.8045161290322581,0.4166666666666667,0.9954375777685609,,0.45897333744153995,0.024869644182386096,0.0925457480137002,-0.08447795811736433,0.0,0.646069225472125,0.15910166256472313,0.7606837606837606
2026-06-01,21.0,22.0,21.0,21.0,216850800.0,4564.T,オンコセラピー・サイエンス,医薬品,-,383643572.0,8056515012.0,3516491890.0,1.885285899340749,-1.9052675452294183,0.6,0.48333333333333334,1.0334928229665072,,1.3013552731539226,0.019475965050689686,-1.1754570558889526,0.24047351815556575,0.0,0.5566438018477738,0.1590196161890861,0.8888888888888888
2026-06-01,1653.0,1717.0,1622.0,1715.0,843300.0,9247.T,ＴＲＥホールディングス,サービス業,TOPIX Small 1,47024347.0,80646755105.0,868982520.0,1.3835183333229808,-0.1487838120443351,0.9376564771873759,0.31666666666666665,1.4828303358157828,,0.31740073160565774,0.02711574572099308,0.9180177319208302,-0.5719051725267598,0.0,-0.4992473697331477,0.1589845213501574,0.7521367521367521
2026-06-01,1071.0,1103.0,1053.0,1093.0,576500.0,7245.T,大同メタル工業,輸送用機器,TOPIX Small 2,46747368.0,51094873224.0,661662250.0,1.4118750856528417,1.2772580064771502,0.8411284141826838,0.4,1.1217991447777138,,0.3730076642337781,0.03331827781073191,0.31954241789835636,-0.16571582718559685,0.0,0.3491341617022524,0.15808930309807187,0.8064516129032258
2026-06-01,8940.0,9078.0,8608.0,8976.0,145100.0,6707.T,サンケン電気,電気機器,TOPIX Mid400,19990838.0,179437761888.0,1402818560.0,1.0609540996012459,0.09348531266894944,0.8731517509727627,0.6333333333333333,1.449404686026056,,-0.31514023797207275,0.02816948902702394,0.5180875450346824,0.9716143397696585,0.0,-0.4207009597227131,0.1565819247499874,0.41379310344827586
2026-06-01,1441.0,1442.0,1388.0,1402.0,37600.0,5659.T,日本精線,鉄鋼,TOPIX Small 2,30712819.0,43059372238.0,122131660.0,1.180321342872624,-0.1951407141483429,0.8987179487179487,0.5166666666666667,1.500797518260953,,-0.08106384666381118,0.02691411757156118,0.6765983215657225,0.4029492562920311,0.0,-0.5414681698656365,0.15515121199060483,0.7368421052631579
2026-06-01,770.0,774.0,723.0,728.0,280600.0,4548.T,生化学工業,医薬品,TOPIX Small 2,54602792.0,39750832576.0,129323080.0,0.9387064190139709,-0.3707102357505222,0.8878048780487805,0.6833333333333333,1.4142242418404058,,-0.5548650999479688,0.026150482468036196,0.6089371337993996,1.2153279469743563,0.0,-0.33803098589307684,0.15500641514139638,0.8611111111111112
2026-06-01,5900.0,5900.0,5740.0,5810.0,92400.0,8343.T,秋田銀行,銀行業,TOPIX Small 2,17797773.0,103405061130.0,389260450.0,0.8653839921354262,0.05980499420774876,0.9178515007898894,0.65,1.2230553128189536,,-0.6986486758715069,0.028022997351019086,0.7952266067314928,1.0528522088378913,0.0,0.11119388107688918,0.15487642709570476,0.3023255813953488
2026-06-01,1457.0,1457.0,1389.0,1399.0,307300.0,1518.T,三井松島ホールディングス,その他製品,TOPIX Small 1,37430260.0,52364933740.0,403098190.0,1.1229484595450618,-0.0010690211977616437,0.9006767811062341,0.48333333333333334,1.0802109783026068,,-0.19357073817117193,0.02775822739190568,0.6887431092285544,0.24047351815556575,0.0,0.44686154160617114,0.15470959895453773,0.5714285714285714
2026-06-01,958.0,965.0,936.0,936.0,1362000.0,8714.T,池田泉州ホールディングス,銀行業,TOPIX Small 1,278444793.0,260624326248.0,1329353695.0,1.0339536124095323,0.00020371406306085582,0.9122807017543859,0.5166666666666667,1.0421480590869836,,-0.3680875661685738,0.027763763121078887,0.7606875763360834,0.4029492562920311,0.0,0.53630499828426,0.15431420286336062,0.27906976744186046
2026-06-01,3450.0,3455.0,3365.0,3415.0,78200.0,8218.T,コメリ,小売業,TOPIX Small 1,46957644.0,160360354260.0,326514125.0,1.1033420517291486,0.11635483570697192,0.9204851752021563,0.48333333333333334,1.2132283061824938,,-0.2320184484666439,0.02826895942731516,0.8115554241950503,0.24047351815556575,0.0,0.1342862097914643,0.15415905079208597,0.8073394495412844
2026-06-01,1096.0,1096.0,1067.0,1077.0,547900.0,8892.T,エスコン,不動産業,TOPIX Small 1,95889133.0,103272596241.0,282329800.0,0.9946080106711617,-0.07976263264701355,0.8806214227309894,0.6,1.0707574606641461,,-0.44524337723000096,0.02741595155964609,0.564399612344396,0.8091386016331934,0.0,0.4690762143841893,0.15324766701547896,0.8461538461538461
2026-06-01,8200.0,8420.0,8060.0,8110.0,285300.0,3046.T,ジンズホールディングス,小売業,TOPIX Small 1,23345412.0,189331291320.0,2006934500.0,1.0616601758315933,1.4192533101801605,0.7922388148379617,0.8,1.6804479979018991,,-0.3137556388856004,0.03393588271990861,0.01642623168789362,1.7839930304519842,0.0,-0.963626013354619,0.15274796119622247,0.7981651376146789
2026-06-01,1615.0,1615.0,1575.0,1611.0,68000.0,9308.T,乾汽船,海運業,TOPIX Small 2,25181468.0,40567344948.0,130512395.0,0.9918019675277934,-0.006650338937963851,0.9307367546313571,0.55,1.2820495134143521,,-0.4507459626533877,0.02773395159442415,0.8751153572045733,0.5654249944284961,0.0,-0.027435665315001054,0.15271203457469817,0.6666666666666666
2026-06-01,1745.0,1755.0,1686.0,1705.0,419300.0,5423.T,東京製鐵,鉄鋼,TOPIX Small 1,102520115.0,174796796075.0,834370410.0,1.0209385745213737,-0.048753290467354216,0.8641662442980234,0.6333333333333333,1.2242811424191966,,-0.39360975314473023,0.02755082589324063,0.46237728046059434,0.9716143397696585,0.0,0.10831332333188448,0.15211854141128947,0.6842105263157895
2026-06-01,3205.0,3390.0,3205.0,3355.0,96700.0,3302.T,帝国繊維,繊維製品,TOPIX Small 2,25625573.0,85973797415.0,189357220.0,1.364865119610911,0.1533428236058041,0.9037819832821591,0.38333333333333336,1.5314498400869114,,0.28082221280635467,0.02842983772618247,0.7079954052914068,-0.24695369625382937,0.0,-0.6134975800060343,0.15119416025303953,0.8235294117647058
2026-06-01,3555.0,3575.0,3290.0,3340.0,117000.0,4499.T,Ｓｐｅｅｅ,情報・通信業,-,11544405.0,38558312700.0,605453545.0,1.2983118601651042,-7.885196374622357,0.8166259168704156,0.6166666666666667,1.725107036996377,,0.15031281697939813,-0.0065335810768702915,0.16762659863467014,0.8903764707014262,0.0,-1.0685695886464597,0.14959811987545693,0.7329545454545454
2026-06-01,2761.5,2761.5,2691.5,2707.0,220400.0,9934.T,因幡電機産業,卸売業,TOPIX Mid400,112253652.0,303870635964.0,611252607.5,1.077153798343926,-0.003155983702880172,0.9342536669542709,0.48333333333333334,1.2902508606441105,,-0.2833730050357584,0.02774915020234507,0.8969202618232754,0.24047351815556575,0.0,-0.04670788249548903,0.14921372225486218,0.6509433962264151
2026-06-01,605.7000122070312,607.0,591.4000244140625,603.2999877929688,3356100.0,4902.T,コニカミノルタ,電気機器,TOPIX Mid400,494183693.0,298141015954.3842,2418193165.852356,1.230314917015306,0.13015116582040953,0.830829316134044,0.5,0.9455316555777724,,0.01697239094382235,0.028328966209120444,0.25568786879683386,0.3217113872237983,0.0,0.763342369031216,0.14888673958273302,0.4051724137931034
2026-06-01,539.0,548.0,505.0,510.0,678400.0,5031.T,モイ,情報・通信業,-,13966000.0,7122660000.0,516736720.0,2.8320412346274413,0.026708630284724144,0.5483870967741935,0.26666666666666666,3.196451204055766,,3.157920493747322,0.027879045570208708,-1.495457763498455,-0.8156187797314572,0.0,-4.526058162221712,0.14871260705888747,0.7272727272727273
2026-06-01,4150.0,4360.0,4005.0,4035.0,239800.0,3741.T,セック,情報・通信業,TOPIX Small 2,10209612.0,41195784420.0,793977225.0,1.2889284314021172,0.018994436388691804,0.9254587155963303,0.38333333333333336,1.4692910281097011,,0.13191213114011302,0.02784549288292762,0.84239144282584,-0.24695369625382937,0.0,-0.46743156297907285,0.14800306198390012,0.7215909090909091
2026-06-01,4930.0,4930.0,4700.0,4720.0,361400.0,3097.T,物語コーポレーション,小売業,TOPIX Small 1,38400448.0,181250114560.0,1204928800.0,1.3137305432429647,-0.0386881851126567,0.8922495274102079,0.43333333333333335,1.535149277412189,,0.18054849633898615,0.027594603809244413,0.6364940207760995,-0.0032400890491318048,0.0,-0.6221908297345249,0.14773902434818154,0.7889908256880734
2026-06-01,4045.0,4140.0,4020.0,4055.0,186400.0,1926.T,ライト工業,建設業,TOPIX Small 1,41411436.0,167923372980.0,652483850.0,0.9526476973174135,-0.10413598291707893,0.9510810515698592,0.5166666666666667,1.1767328043515768,,-0.5275265770328093,0.02730994030161632,1.0012502771422571,0.4029492562920311,0.0,0.22004641694916663,0.1466406055369162,0.7384615384615385
2026-06-01,2676.0,2718.0,2651.0,2715.0,448300.0,2121.T,ＭＩＸＩ,情報・通信業,TOPIX Small 1,65106446.0,176764000890.0,908773800.0,1.1892217536557315,-0.047393652527459196,0.8033638214015418,0.6166666666666667,1.231444865157413,,-0.06361034786318605,0.02755673960337388,0.0854014249051976,0.8903764707014262,0.0,0.09147940366430156,0.14619732370451546,0.7159090909090909
2026-06-01,1827.0,1827.0,1718.0,1787.0,162500.0,8935.T,ＦＪネクストホールディングス,不動産業,TOPIX Small 2,32752185.0,58528154595.0,181872295.0,1.3432270685865142,0.02860491851317537,0.9321857068335941,0.3333333333333333,1.4751566479344838,,0.23839049737149465,0.027887293426923428,0.8840988807234824,-0.4906673034585272,0.0,-0.48121509097691334,0.14572837377667625,0.8269230769230769
2026-06-01,3000.0,3000.0,2943.0,2957.0,47000.0,2207.T,ｍｅｉｔｏ,食料品,TOPIX Small 2,16302515.0,48206536855.0,208742100.0,0.8243048529997854,-1.1977902272019918,0.8633576642335766,0.8,1.4775038462529713,,-0.7792039135011457,0.02255311938854571,0.45736407297544523,1.7839930304519842,0.0,-0.48673073547924955,0.14557253386077423,0.7906976744186046
2026-06-01,5860.0,5860.0,5630.0,5630.0,129100.0,8360.T,山梨中央銀行,銀行業,TOPIX Small 1,30684550.0,172754016500.0,742792800.0,0.9320806372829842,0.007732725931486106,0.9110032362459547,0.6,1.2000453786174328,,-0.5678581040140808,0.02779651036390964,0.7527672726698419,0.8091386016331934,0.0,0.16526456444356719,0.14517207458858297,0.2558139534883721
2026-06-01,3970.0,3970.0,3910.0,3910.0,30700.0,8793.T,ＮＥＣキャピタルソリューション,その他金融業,TOPIX Small 2,21544831.0,84240289210.0,140888375.0,1.3323257132061213,-0.1035364058115954,0.9050925925925926,0.31666666666666665,1.053820172425944,,0.21701319269495165,0.027312548146764152,0.7161212009844616,-0.5719051725267598,0.0,0.5088768822782095,0.14396374364221778,0.6666666666666666
2026-06-01,2307.0,2324.0,2261.0,2282.0,150400.0,4554.T,富士製薬工業,医薬品,TOPIX Small 2,26119761.0,59605294602.0,362435665.0,1.154279774517251,-0.17846344145134685,0.8921032056293979,0.5,1.316300333558188,,-0.1321307572966946,0.026986654938789083,0.6355868237290156,0.3217113872237983,0.0,-0.10792113019407823,0.1436919907301926,0.8333333333333334
2026-06-01,2192.0,2192.0,2094.0,2094.0,311900.0,1946.T,トーエネック,建設業,TOPIX Small 2,92832858.0,194392004652.0,691882535.0,1.3356337582973343,0.08042977259094775,0.8329355608591885,0.5,1.4528972796115964,,0.223500192277205,0.028112704292361228,0.2687466149692064,0.3217113872237983,0.0,-0.42890815059246185,0.14346384769017947,0.7230769230769231
2026-06-01,2134.0,2205.0,2111.0,2199.0,122400.0,3040.T,ソリトンシステムズ,情報・通信業,TOPIX Small 2,18541390.0,40772516610.0,158169780.0,0.8403513210684209,0.07251673665899383,0.994572591587517,0.48333333333333334,0.9925979782752966,,-0.7477371623572824,0.02807828674677614,1.270898421517883,0.24047351815556575,0.0,0.65274195576956,0.1429730909127629,0.7102272727272727
2026-06-01,3840.0,3845.0,3770.0,3780.0,97700.0,8707.T,岩井コスモホールディングス,証券、商品先物取引業,TOPIX Small 1,23488725.0,88787380500.0,308910525.0,0.7942644189245386,0.09628591580666712,0.9655172413793104,0.5666666666666667,1.0152722022781615,,-0.8381125069222152,0.028181670178100086,1.0907548518800654,0.6466628634967284,0.0,0.5994601525315914,0.14264069834107315,0.7368421052631579
2026-06-01,1914.0,1914.0,1856.0,1892.0,580600.0,8393.T,宮崎銀行,銀行業,TOPIX Small 2,83906280.0,158750681760.0,888603100.0,1.0585929396893836,0.03961149830660293,0.8694852941176471,0.5833333333333334,1.2127223982201796,,-0.31977041771253906,0.02793516626170312,0.49535546226608396,0.7279007325649611,0.0,0.13547503497468297,0.14207114122398615,0.23255813953488372
2026-06-01,1650.0,1666.0,1619.0,1640.0,331700.0,6454.T,マックス,機械,TOPIX Small 1,179814748.0,294896186720.0,536999705.0,1.0136861289233885,0.034618793809262804,0.8864864864864865,0.5833333333333334,1.206903772777565,,-0.40783163049743376,0.027913450622331866,0.6007630880381156,0.7279007325649611,0.0,0.14914813161118307,0.14181558910415099,0.6057692307692307
2026-06-01,10280.0,10290.0,9960.0,9960.0,48500.0,3106.T,倉敷紡績,繊維製品,TOPIX Small 1,15930495.0,158667730200.0,536627650.0,1.1272307945747075,-0.07716155700998961,0.8601036269430051,0.5833333333333334,1.4137791433214708,,-0.18517317865114927,0.02742726487100691,0.4371889971612651,0.7279007325649611,0.0,-0.33698505586678745,0.14033717807862223,0.7647058823529411
2026-06-01,12170.0,13110.0,11940.0,12950.0,274900.0,6961.T,エンプラス,電気機器,TOPIX Small 2,8984249.0,116346024550.0,4101979550.0,1.61491428210701,0.13249931055231023,0.7198443579766537,0.5,1.4544490607449725,,0.771162812142072,0.02833917940403647,-0.43242039337544885,0.3217113872237983,0.0,-0.43255465673117194,0.1400203944584485,0.39655172413793105
2026-06-01,2899.0,2900.0,2812.0,2885.0,120300.0,7130.T,ヤマエグループホールディングス,卸売業,TOPIX Small 1,27765796.0,80104321460.0,289157485.0,1.2544333322682686,-0.010223169052505754,0.9129746835443038,0.4,1.3675597011433915,,0.06426804301524196,0.02771841166204011,0.7649902729480188,-0.16571582718559685,0.0,-0.2283747138506758,0.13971855848855097,0.6415094339622641
2026-06-01,1049.0,1058.0,1030.0,1044.0,361400.0,7740.T,タムロン,精密機器,TOPIX Small 1,161244949.0,168339726756.0,560468385.0,1.2074810292096156,-0.02016849128532283,0.9070373588184187,0.43333333333333335,1.3295000070838532,,-0.027804332641410353,0.02767515473963387,0.7281787782472008,-0.0032400890491318048,0.0,-0.1389388359162698,0.1381705060208128,0.5517241379310345
2026-06-01,1219.0,1254.0,1164.0,1171.0,305900.0,6666.T,リバーエレテック,電気機器,-,8229966.0,9637290186.0,486104740.0,0.9607331908078983,0.14153704406265244,0.7944369063772049,0.9,2.0195255009877884,,-0.5116711121135408,0.028378488792715217,0.030054429366891736,2.271420244861379,0.0,-1.760418917912733,0.13787982087674222,0.3879310344827586
2026-06-01,2007.5,2011.0,1958.5,1958.5,1241100.0,8088.T,岩谷産業,卸売業,TOPIX Mid400,230176049.0,450799791966.5,2319800600.0,1.0019868328751127,-0.09610178182743989,0.8986005964670796,0.55,1.1211644573247257,,-0.43077367828856383,0.02734488485192801,0.6758707360014421,0.5654249944284961,0.0,0.35062560379012486,0.13666197819491013,0.6320754716981132
2026-06-01,1540.0,1540.0,1509.0,1511.0,140900.0,4848.T,フルキャストホールディングス,サービス業,TOPIX Small 2,34811579.0,52600295869.0,259567330.0,1.4734708755558796,-0.22264869049154945,0.836438957171437,0.3333333333333333,1.0981283716975647,,0.4937955774429805,0.026794472338317308,0.29046772013647965,-0.4906673034585272,0.0,0.40475773998161274,0.13487884795292196,0.7435897435897436
2026-06-01,757.0,763.0,742.0,747.0,163500.0,6742.T,京三製作所,電気機器,TOPIX Small 2,61722372.0,46106611884.0,178969080.0,0.9738040768941851,-0.04769125135892893,0.9120879120879121,0.5833333333333334,1.3796266902195684,,-0.4860394081181364,0.02755544520493613,0.759492277760812,0.7279007325649611,0.0,-0.25673074215622377,0.13362603760079533,0.3793103448275862
2026-06-01,832.0,846.0,818.0,828.0,189700.0,6255.T,エヌ・ピー・シー,機械,-,20948976.0,17345752128.0,217811055.0,0.9885285362109866,0.009318731636585698,0.9303370786516854,0.5,1.1221864951768488,,-0.4571650854280636,0.027803408654796077,0.8726373606510773,0.3217113872237983,0.0,0.34822393307664434,0.13285495767430056,0.5961538461538461
2026-06-01,1750.0,1849.0,1744.0,1765.0,3050800.0,4443.T,Ｓａｎｓａｎ,情報・通信業,TOPIX Small 1,126638234.0,223516483010.0,2517943682.8155518,1.0191309494642722,0.18038701054690898,0.799553689594775,0.7,1.1281409844087271,,-0.39715446389291065,0.028547465719390278,0.06177855546658736,1.2965658160425886,0.0,0.33423157225338274,0.1314004125689948,0.7045454545454546
2026-06-01,1110.0,1110.0,1108.0,1108.0,131600.0,6197.T,ソラスト,サービス業,TOPIX Small 2,90550624.0,100330091392.0,473052805.0,0.30570410515914603,0.2969756499092988,0.9901697944593387,0.7,0.16636658264314008,,-1.7961679335909853,0.029054564997652656,1.2436010189611193,1.2965658160425886,0.0,2.594290149239924,0.1311412415122752,0.7350427350427351
2026-06-01,3195.0,3335.0,3120.0,3315.0,93200.0,9369.T,キユーソー流通システム,倉庫・運輸関連業,TOPIX Small 2,24856503.0,82399307445.0,324813293.30810547,1.3674731548185401,-0.04374350986500519,0.9065613441152018,0.35,1.539892148097437,,0.28593650926722564,0.027572615804689955,0.7252274805611257,-0.40942943439029467,0.0,-0.6333360271447022,0.13034156086442472,0.5714285714285714
2026-06-01,2480.0,2480.0,2431.0,2465.0,111000.0,6455.T,モリタホールディングス,輸送用機器,TOPIX Small 2,41008643.0,101086304995.0,300604635.0,1.5918880193982146,-0.1648678209546608,0.8327136753257984,0.26666666666666666,1.2028095552310663,,0.7260088458404711,0.027045788739295747,0.2673709216201518,-0.8156187797314572,0.0,0.1587690691876323,0.12733347946863513,0.7741935483870968
2026-06-01,3090.0,3125.0,3045.0,3105.0,215300.0,2659.T,サンエー,小売業,TOPIX Small 1,61428599.0,190735799895.0,587623150.0,0.861100802025182,0.14155173295599832,0.890961262553802,0.65,1.1599131844231771,,-0.7070479121847206,0.028378552681677768,0.6285067610043568,1.0528522088378913,0.0,0.25957057792813426,0.12694037254720106,0.7798165137614679
2026-06-01,1590.0,1600.0,1497.0,1516.0,883900.0,2168.T,パソナグループ,サービス業,TOPIX Small 1,37352427.0,56626279332.0,668262941.0723877,2.1398489651795147,-0.5518056830903533,0.6332718780184888,0.2,0.9697846703250084,,1.800547532092464,0.02536281249311534,-0.9691709560190664,-1.1405702560043873,0.0,0.7063505901934264,0.12687538605159476,0.7264957264957265
2026-06-01,1229.0,1230.0,1164.0,1165.0,573600.0,3443.T,川田テクノロジーズ,金属製品,TOPIX Small 2,51927592.0,60495644680.0,939726930.0,2.044120142541999,-0.4226432115471358,0.6424617794421651,0.2833333333333333,1.1896158804306467,,1.6128255345572218,0.025924601329972447,-0.9121934411993308,-0.7343809106632248,0.0,0.1897726785994859,0.126580343062423,0.7142857142857143
2026-06-01,3895.0,3905.0,3810.0,3885.0,110500.0,6209.T,リケンＮＰＲ,機械,TOPIX Small 1,26903275.0,104519223375.0,386043850.0,1.1013007561680128,-0.039363465576306766,0.8869206498953298,0.48333333333333334,1.08505033295022,,-0.23602138164537134,0.027591666694293807,0.6034549071252957,0.24047351815556575,0.0,0.4354896180466134,0.12642906131295528,0.5865384615384616
2026-06-01,3420.0,3420.0,3330.0,3340.0,107000.0,6420.T,ガリレイ,機械,TOPIX Small 1,40090165.0,133901151100.0,290424400.0,1.3818046542388294,-0.11528092675938773,0.8515500600664379,0.3333333333333333,0.9490936037237607,,0.31404024672818887,0.027261465655976595,0.38415676525770975,-0.4906673034585272,0.0,0.7549722029680062,0.12630529577720453,0.5769230769230769
2026-06-01,2476.0,2582.0,2456.0,2507.0,278900.0,4413.T,ボードルア,情報・通信業,TOPIX Small 2,31195253.0,78206499271.0,661448125.0,1.1820147994545136,0.1382188275946714,0.7297379212841121,0.7333333333333333,1.3214657926983215,,-0.0777430176435352,0.02836405629581643,-0.37108016522910586,1.4590415541790536,0.0,-0.12005936158420596,0.12629249166489687,0.6988636363636364
2026-06-01,5320.0,5490.0,5130.0,5330.0,382500.0,6521.T,オキサイド,電気機器,-,11596377.0,61808689410.0,4232523825.0,1.2007886224427382,-0.20139826503746705,0.7183288409703504,0.8333333333333334,1.9011894773209614,,-0.040927986855290345,0.026886900515449032,-0.44181661959216734,1.9464687685884492,0.0,-1.4823429525265392,0.1259795721585466,0.3706896551724138
2026-06-01,4977.0,4977.0,4879.0,4905.0,93600.0,7846.T,パイロットコーポレーション,その他製品,TOPIX Mid400,35080151.0,172068140655.0,497809995.0,0.8716376540747118,0.12122876700752139,0.9553954031943903,0.5333333333333333,1.1719714990014252,,-0.6863853900730587,0.028290158465731987,1.0279993163638264,0.4841871253602633,0.0,0.23123493368917114,0.12526587085943167,0.5357142857142857
2026-06-01,1640.0,1640.0,1604.0,1605.0,227800.0,8214.T,ＡＯＫＩホールディングス,小売業,TOPIX Small 1,84158023.0,135073626915.0,458834515.0,1.5280799392866178,0.6564888172193788,0.8737048661475502,0.2833333333333333,1.5032159008620294,,0.6008826829209294,0.03061825824140084,0.5215168667015375,-0.7343809106632248,0.0,-0.5471510891967853,0.12466391757156704,0.7706422018348624
2026-06-01,1451.0,1451.0,1402.5,1413.0,1107300.0,3941.T,レンゴー,パルプ・紙,TOPIX Mid400,248043353.0,350485257789.0,1906657182.5,1.284147592010575,-0.0623396588129439,0.9170883280396439,0.3333333333333333,1.2490973807614736,,0.12253701614602372,0.027491732334726408,0.7904949252169226,-0.4906673034585272,0.0,0.04999803420478292,0.1245059783550321,0.4
2026-06-01,4590.0,4660.0,4490.0,4510.0,13300.0,2820.T,やまみ,食料品,-,6967126.0,31421738260.0,115236425.0,1.7802302753753911,0.2120786516853932,0.826007326007326,0.18333333333333332,1.44132565709475,,1.0953436348643322,0.02868530769469907,0.22579146390201524,-1.2218081250726198,0.0,-0.4017161763926497,0.12280850083963543,0.7674418604651163
2026-06-01,14020.0,14190.0,13380.0,13380.0,225800.0,6507.T,シンフォニアテクノロジー,電気機器,TOPIX Small 1,28215755.0,377526801900.0,3421698100.0,1.1668038047592404,0.022047906350037394,0.7917159763313609,0.6666666666666666,1.534522810987443,,-0.10757142490920257,0.02785877387172775,0.013184625778887613,1.1340900779061236,0.0,-0.6207187061119347,0.12178633877673062,0.3620689655172414
2026-06-01,3615.0,3625.0,3545.0,3570.0,169400.0,4041.T,日本曹達,化学,TOPIX Small 1,53603528.0,191364594960.0,607342200.0,1.2720860010274015,-0.13485225763612219,0.8715492641525802,0.4,1.1714046718270834,,0.09888451640320298,0.027176340657378936,0.5081521047795622,-0.16571582718559685,0.0,0.2325669119729437,0.11991660674186559,0.5555555555555556
2026-06-01,1637.0,1641.0,1614.0,1621.0,183200.0,9882.T,イエローハット,卸売業,TOPIX Small 1,85548280.0,138673761880.0,289177710.0,1.0808409742335339,-0.031865696806204546,0.9410156016371217,0.4166666666666667,1.2126259020858723,,-0.2761425387645719,0.027624278046074657,0.9388443495626293,-0.08447795811736433,0.0,0.13570178972671929,0.11975270050163286,0.6226415094339622
2026-06-01,831.0,838.0,808.0,834.0,111300.0,6191.T,エアトリ,サービス業,TOPIX Small 2,22771756.0,18991644504.0,206050235.0,1.6443124027526865,0.05129879705900953,0.7844520882076711,0.36666666666666664,1.601071975497703,,0.8288118438478659,0.0279859998660285,-0.031851580175416866,-0.3281915653220622,0.0,-0.7771015436740429,0.11974533291137873,0.717948717948718
2026-06-01,2832.0,2866.0,2801.0,2850.0,194300.0,3076.T,あい　ホールディングス,卸売業,TOPIX Small 1,53273182.0,151828568700.0,321880895.0,0.9819027484143763,-0.10918398656395845,0.9608900876601484,0.4166666666666667,1.014547012691753,,-0.4701581013887224,0.02728798414002118,1.0620664353832883,-0.08447795811736433,0.0,0.6011642641628585,0.11908227725502063,0.6132075471698113
2026-06-01,1822.0,1824.0,1785.5,1795.5,938500.0,9048.T,名古屋鉄道,陸運業,TOPIX Mid400,196130264.0,352151889012.0,1583161110.0,1.0299350485528145,0.42378654885775746,0.9298291040911445,0.5,1.4110067660248167,,-0.37596787654554864,0.029606125730192695,0.8694879114114263,0.3217113872237983,0.0,-0.33047028995448663,0.1190403381642917,0.6111111111111112
2026-06-01,3785.0,3785.0,3675.0,3700.0,136700.0,6250.T,やまびこ,機械,TOPIX Small 1,40907066.0,151356144200.0,453553775.0,1.0563188022897403,-0.045368907942238246,0.8904933814681107,0.5166666666666667,1.2086342478060337,,-0.32422994832796465,0.027565546177697468,0.625605891858452,0.4029492562920311,0.0,0.14508171549200602,0.11865155205252856,0.5673076923076923
2026-06-01,1295.0,1295.0,1250.0,1250.0,874500.0,8425.T,みずほリース,その他金融業,TOPIX Small 1,280186810.0,350233512500.0,829640290.0,1.515188105020667,-0.11957445685171986,0.8245992322647592,0.3,1.0830541541711511,,0.5756020953860616,0.027242791057637283,0.21706126339322873,-0.6531430415949923,0.0,0.44018040724057705,0.11816103841235046,0.6111111111111112
2026-06-01,3185.0,3185.0,3105.0,3160.0,26400.0,8159.T,立花エレテック,卸売業,TOPIX Small 2,21976781.0,69446627960.0,117713330.0,1.0538616030673726,-0.022727272727272707,0.9209855492645929,0.4666666666666667,1.214332474082417,,-0.32904845892546286,0.027664025385783098,0.8146577502422523,0.15923564908733323,0.0,0.13169154296723426,0.11805536617499224,0.6037735849056604
2026-06-01,2750.0,2757.0,2680.0,2680.0,109600.0,5975.T,東プレ,金属製品,TOPIX Small 1,49418395.0,132441298600.0,292191275.0,1.1655666701041558,0.014883712866566645,0.9109730573955649,0.4,1.1609479498657926,,-0.109997417230783,0.027827613397047986,0.7525801633836751,-0.16571582718559685,0.0,0.2571389988494447,0.11797315758293396,0.6785714285714286
2026-06-01,1557.0,1561.0,1502.0,1512.0,342300.0,9119.T,飯野海運,海運業,TOPIX Small 1,105802797.0,159973829064.0,573908390.0,1.2641584293098758,-0.02748625808463978,0.782608695652174,0.5666666666666667,1.2568076144966969,,0.08333873241238829,0.02764332630177989,-0.04328063929228965,0.6466628634967284,0.0,0.031879876919796775,0.1176828101905832,0.3333333333333333
2026-06-01,418.0,418.0,411.0,416.0,1016600.0,8897.T,ＭＩＲＡＲＴＨホールディングス,不動産業,TOPIX Small 1,133618692.0,55585375872.0,327470150.0,0.8609351460258109,-0.03306462918827979,0.9519450800915332,0.55,1.2591408917753226,,-0.7073727597515125,0.027619063320618035,1.0066072658224101,0.5654249944284961,0.0,0.026396945250618056,0.11751662548356373,0.8076923076923077
2026-06-01,2550.0,2634.0,2542.0,2558.0,92300.0,6932.T,遠藤照明,電気機器,-,14768618.0,37778124844.0,200288815.0,1.3349857962457528,-0.09853462213202158,0.8404420360539971,0.38333333333333336,1.023642071771553,,0.22222955374537523,0.027334303275804234,0.3152868640903001,-0.24695369625382937,0.0,0.5797919275278154,0.11739487901167127,0.35344827586206895
2026-06-01,1805.0,1805.0,1697.0,1697.0,127400.0,4691.T,ワシントンホテル,サービス業,-,11994553.0,20354756441.0,332304380.0,1.7893460372455607,0.13759981483624584,0.6639280125195618,0.5333333333333333,1.9996114706816517,,1.1132194321443585,0.028361363915797678,-0.7791025018188302,0.4841871253602633,0.0,-1.7136232505367532,0.1165216049284748,0.7094017094017094
2026-06-01,10330.0,11200.0,10210.0,11050.0,175200.0,6387.T,サムコ,機械,TOPIX Small 2,8032340.0,88757357000.0,1762632150.0,1.104752728794006,0.13128487496678565,0.7636489288182446,0.8333333333333334,2.0649795918367344,,-0.22925214351066497,0.02833389724779652,-0.16083145359980525,1.9464687685884492,0.0,-1.8672307728484645,0.11621292436016599,0.5576923076923077
2026-06-01,405.0,405.0,388.0,393.0,192100.0,9268.T,オプティマスグループ,卸売業,-,68443408.0,26898259344.0,153281540.0,1.113219803153982,0.44424537766948546,0.7987521590372022,0.65,1.335697463245125,,-0.2126484073699552,0.02969511087815616,0.05680905502070477,1.0528522088378913,0.0,-0.15350214091489298,0.11587621116113024,0.5943396226415094
2026-06-01,450.0,453.0,442.0,445.0,883800.0,2337.T,いちご,不動産業,TOPIX Small 1,394768866.0,175672145370.0,466569690.0,0.8871053649875947,-0.10374467803945375,0.8412098298676749,0.6833333333333333,1.0510027881521675,,-0.6560535682678448,0.02731164227208368,0.3200471962615048,1.2153279469743563,0.0,0.5154974093799147,0.11489802026850987,0.7884615384615384
2026-06-01,1772.5,1781.5,1710.5,1733.5,752500.0,6544.T,ジャパンエレベーターサービスホールディングス,サービス業,TOPIX Mid400,178763918.0,309887251853.0,1426196980.0,1.2473003620122782,-0.02145567210000987,0.8138024804283668,0.5333333333333333,1.3358361208784841,,0.05028045403293244,0.027669556179896908,0.1501212539848397,0.4841871253602633,0.0,-0.15382797031205986,0.11444842363861177,0.7008547008547008
2026-06-01,1800.0,1804.0,1771.5,1784.0,493700.0,7313.T,テイ・エス　テック,輸送用機器,TOPIX Mid400,116685153.0,208166312952.0,723081327.5,1.1308690985886236,-0.11651544946041559,0.9067681400218349,0.4166666666666667,1.1055840863884259,,-0.17803854899296362,0.027256096131346125,0.7265096180174092,-0.08447795811736433,0.0,0.38723767300570644,0.11429650032075814,0.7419354838709677
2026-06-01,3545.0,3725.0,3515.0,3705.0,401100.0,3186.T,ネクステージ,小売業,TOPIX Small 1,78238979.0,289875417195.0,1372755850.0,0.7932028518484492,-0.04911259139282087,0.9573643410852714,0.5666666666666667,1.1721717113591898,,-0.8401942152995941,0.027549263123137303,1.0402067582812975,0.6466628634967284,0.0,0.23076445781088398,0.11341776602719875,0.7614678899082569
2026-06-01,3940.0,3955.0,3820.0,3870.0,107000.0,1975.T,朝日工業社,建設業,TOPIX Small 1,25875683.0,100138893210.0,514122675.0,1.3608779857972886,-0.0933569143334062,0.8231266487816361,0.43333333333333335,1.2940178400479474,,0.2730035360138107,0.027356823582260253,0.2079312256088432,-0.0032400890491318048,0.0,-0.05555984829468708,0.11341232924868228,0.7076923076923077
2026-06-01,2339.0,2352.0,2107.0,2154.0,1599800.0,6232.T,ＡＣＳＬ,機械,-,19125617.0,41196579018.0,9704466990.0,1.917041237225602,0.3969573701499294,0.5215496368038741,0.8,2.720449238296453,,1.3636267531106288,0.029489432909747097,-1.6618503832542428,1.7839930304519842,0.0,-3.4075086110984003,0.11313249386712296,0.5480769230769231
2026-06-01,3120.0,3160.0,3095.0,3110.0,36200.0,9790.T,福井コンピュータホールディングス,情報・通信業,TOPIX Small 2,20675187.0,64299831570.0,144038600.0,1.038280318655742,0.006184613606149858,0.8962536023054755,0.5,1.1449742019414892,,-0.35960299572355503,0.027789776889300618,0.6613193400223613,0.3217113872237983,0.0,0.29467545847726273,0.11230104430334154,0.6931818181818182
2026-06-01,2451.0,2524.0,2403.0,2463.0,606300.0,2980.T,ＳＲＥホールディングス,不動産業,TOPIX Small 2,16115946.0,39693574998.0,1899018040.0,1.757763098713279,0.020717167595992514,0.5934939759036144,0.5666666666666667,1.3776533973428227,,1.0512860233134302,0.027852985857857594,-1.2157944944837047,0.6466628634967284,0.0,-0.2520937321850615,0.11102059631133718,0.7692307692307693
2026-06-01,2645.0,2645.0,2565.0,2605.0,147400.0,4919.T,ミルボン,化学,TOPIX Small 1,31780546.0,82788322330.0,420875510.0,1.1102046436378032,-0.11367457757931587,0.9156414762741653,0.45,1.3545701990541945,,-0.2185610651429198,0.027268452430282454,0.7815244244347125,0.07799778001910071,0.0,-0.19785088668956413,0.11028885437717005,0.5454545454545454
2026-06-01,2260.0,2260.0,2203.0,2211.0,123700.0,5943.T,ノーリツ,金属製品,TOPIX Small 1,45709397.0,101063476767.0,246485025.0,1.0085670790956793,-0.1907848682552572,0.8503846153846154,0.5833333333333334,1.0796016489201308,,-0.4178699683006547,0.02693306321086777,0.3769309922522408,0.7279007325649611,0.0,0.44829339516200173,0.10925175182084568,0.6428571428571429
2026-06-01,4056.0,4080.0,3945.0,3975.0,294000.0,6457.T,グローリー,機械,TOPIX Mid400,52094382.0,207075168450.0,811114715.0,1.1605904146303012,-0.023747873048753476,0.8719017328361482,0.4666666666666667,1.2205449944698246,,-0.11975573862302355,0.02765958631102206,0.5103374154500068,0.15923564908733323,0.0,0.1170928387799646,0.10878343431409919,0.5384615384615384
2026-06-01,6400.0,6620.0,6350.0,6520.0,97600.0,9824.T,泉州電業,卸売業,TOPIX Small 1,17106017.0,111531230840.0,333420500.0,0.845941571364131,0.041668244053252534,0.9829044237858079,0.4666666666666667,1.0891198511390503,,-0.7367748113816901,0.027944112024252534,1.1985556211774748,0.15923564908733323,0.0,0.42592672110322966,0.10768513281439705,0.5849056603773585
2026-06-01,2479.0,2479.0,2425.0,2440.0,290100.0,7184.T,富山第一銀行,銀行業,TOPIX Small 1,62850695.0,153355695800.0,722819925.0,1.1193753934601511,-0.06522050030580673,0.8605911039878614,0.5,1.14843030297701,,-0.20057743776597092,0.027479202188995154,0.44021136152265233,0.3217113872237983,0.0,0.28655402087825654,0.1073521225377691,0.20930232558139536
2026-06-01,1905.0,1909.0,1869.0,1892.0,636400.0,9069.T,センコーグループホールディングス,陸運業,TOPIX Mid400,167418605.0,316756000660.0,814234045.0,1.0526669822367274,-0.015533529208980767,0.8944188050755273,0.5,1.2294049828874771,,-0.33139108262485906,0.027695314387576758,0.6499435720417335,0.3217113872237983,0.0,0.09627289100576966,0.10713512498288436,0.5555555555555556
2026-06-01,5410.0,5410.0,5150.0,5170.0,18500.0,6643.T,戸上電機製作所,電気機器,-,4636552.0,23970973840.0,121847750.0,1.3720277316220708,-1.8278481012658228,0.7232183654018502,0.6,1.361749496322449,,0.2948679285820119,0.019812698924351124,-0.4115015010818107,0.8091386016331934,0.0,-0.21472140470092757,0.10700457667016122,0.3448275862068966
2026-06-01,2706.0,2743.0,2607.0,2611.0,163500.0,1968.T,太平電業,建設業,TOPIX Small 1,63104386.0,164765551846.0,502345695.0,1.130234002899151,-0.02503560824552331,0.834185303514377,0.6,1.542012727366539,,-0.17928395688756651,0.02765398534001454,0.2764950365652646,0.8091386016331934,0.0,-0.6383191430984181,0.10684634751622302,0.6923076923076923
2026-06-01,1320.0,1323.0,1291.0,1296.0,186100.0,7575.T,日本ライフライン,卸売業,TOPIX Small 1,70154478.0,90920203488.0,330373935.0,1.4242532849875025,-0.14219188418099082,0.818782675445837,0.35,1.0591640426413256,,0.3972810255994625,0.027144417141125785,0.18099853137130087,-0.40942943439029467,0.0,0.49631940550153,0.10570762207593955,0.5754716981132075
2026-06-01,1455.0,1465.0,1423.0,1431.0,92900.0,6272.T,レオン自動機,機械,TOPIX Small 2,27003985.0,38642702535.0,162291500.0,1.211577791243751,0.020337814546708133,0.8688524590163934,0.43333333333333335,1.2242237039412116,,-0.01977067745496226,0.02785133587155918,0.4914318759621837,-0.0032400890491318048,0.0,0.10844829711012266,0.10524294129472235,0.5288461538461539
2026-06-01,2979.0,3025.0,2823.0,2858.0,229800.0,6023.T,ダイハツインフィニアース,輸送用機器,-,25431475.0,72683155550.0,808368235.0,1.27496924608986,0.015865244754748486,0.8119318181818181,0.6,1.939741491363874,,0.10453849299662474,0.027831882544666574,0.138523122409582,0.8091386016331934,0.0,-1.5729357254656406,0.10352122233893618,0.7096774193548387
2026-06-01,2254.5,2266.0,2224.0,2260.5,354700.0,8595.T,ジャフコ　グループ,証券、商品先物取引業,TOPIX Mid400,52620094.0,118947722487.0,978218117.5,1.280857195712074,-1.3208200581798033,0.8888520633485043,0.31666666666666665,1.0081091707413758,,0.11608462543632024,0.02201800431357112,0.6154296970145288,-0.5719051725267598,0.0,0.6162924479557768,0.10264044335915347,0.6842105263157895
2026-06-01,3195.0,3217.0,3168.0,3177.0,341700.0,6005.T,三浦工業,機械,TOPIX Mid400,115712314.0,367618021578.0,1192985450.0,0.8939079397413329,0.13606050039229367,0.9010925149956855,0.55,0.9898476847542906,,-0.6427138771907911,0.028354668707346698,0.691320665042838,0.5654249944284961,0.0,0.6592048273639477,0.10244832142017832,0.5192307692307693
2026-06-01,2477.0,2480.0,2400.0,2413.0,521600.0,8386.T,百十四銀行,銀行業,TOPIX Small 1,113088596.0,272882782148.0,896474555.0,0.8080626909166216,-0.09367716566190543,0.9164451196353969,0.6166666666666667,1.2127699354858128,,-0.8110544160617796,0.027355430657371237,0.7865070242922461,0.8903764707014262,0.0,0.13536332790000555,0.10170129550756132,0.18604651162790697
2026-06-01,1783.0,1802.0,1652.0,1660.0,95500.0,7320.T,Ｓｏｌｖｖｙ,その他金融業,-,11213614.0,18614599240.0,109657910.0,1.3001449151819964,-0.0704424515312767,0.6842243021634691,0.7166666666666667,1.4433324456531893,,0.15390739528802275,0.02745648944689576,-0.6532652277658114,1.3778036851108213,0.0,-0.40643189734069474,0.10103688353015579,0.5555555555555556
2026-06-01,2525.0,2577.0,2477.0,2502.0,25200.0,3914.T,ＪＩＧ－ＳＡＷ,情報・通信業,-,6577463.0,16456812426.0,109692010.0,1.8291823308270676,0.012360125795363164,0.5832167832167832,0.5333333333333333,1.4695676122280363,,1.1913374785120379,0.02781663712020456,-1.279513230041693,0.4841871253602633,0.0,-0.46808150365929285,0.09810987652079686,0.6875
2026-06-01,1135.0,1135.0,1052.0,1060.0,197100.0,9708.T,帝国ホテル,サービス業,-,118327967.0,125427645020.0,238328140.0,1.7957291491861052,1.3424471427358409,0.6362846842112946,0.45,1.3994579214536946,,1.1257365663883188,0.03360181627664177,-0.9504915163182964,0.07799778001910071,0.0,-0.3033318412919588,0.09626936734084802,0.6923076923076923
2026-06-01,5950.0,6100.0,5870.0,6070.0,171400.0,6524.T,湖北工業,電気機器,-,25905502.0,157246397140.0,1974628850.0,1.0909269471485072,0.016108871676196124,0.7842377260981912,0.7333333333333333,1.7715686614841877,,-0.25636418016243495,0.02783294219367446,-0.033180628193082595,1.4590415541790536,0.0,-1.1777490310724992,0.09619984644242643,0.33620689655172414
2026-06-01,398.0,398.0,381.0,386.0,1003700.0,3668.T,コロプラ,情報・通信業,TOPIX Small 1,128567663.0,49627117918.0,281074495.0,1.6256087742313257,-0.032740723320829446,0.7369312232692898,0.3333333333333333,1.0146750524109014,,0.792134462778614,0.027620472140829914,-0.3264815943013076,-0.4906673034585272,0.0,0.6008633856357061,0.09608548863260569,0.6818181818181818
2026-06-01,1397.0,1397.0,1327.0,1346.0,170100.0,7513.T,コジマ,小売業,TOPIX Small 1,77531108.0,104356871368.0,221694790.0,0.8633862251067295,-0.0035195145936434136,0.9539333805811481,0.5,1.1623704491097528,,-0.702566250609233,0.027747569034116844,1.0189347561174908,0.3217113872237983,0.0,0.25379629019430966,0.09602880342300438,0.7522935779816514
2026-06-01,2675.0,2675.0,2492.0,2508.0,50000.0,4125.T,三和油化工業,化学,-,4320314.0,10835347512.0,220112145.0,1.3539114043355325,1.1335573288534229,0.6192592592592593,0.7333333333333333,1.144951284806877,,0.25934223159199776,0.03269325542169532,-1.0560493844383694,1.4590415541790536,0.0,0.2947293110923305,0.09539169354722393,0.5353535353535354
2026-06-01,4155.0,4260.0,4135.0,4210.0,180100.0,4686.T,ジャストシステム,情報・通信業,TOPIX Small 1,64223780.0,270382113800.0,529583375.0,1.0973179158428694,0.02709681183944679,0.7903126345307033,0.5833333333333334,0.9452873799687125,,-0.2438316390067402,0.027880733955863702,0.004483887375086892,0.7279007325649611,0.0,0.7639163884523931,0.09428998051966209,0.6761363636363636
2026-06-01,939.0,945.0,909.0,910.0,460000.0,3673.T,ブロードリーフ,情報・通信業,TOPIX Small 1,90513373.0,82367169430.0,478879020.0,0.9761565705187247,0.3069522414775039,0.8425925925925926,0.65,1.4178521392741485,,-0.48142622276580316,0.029097957925226244,0.32862034411358015,1.0528522088378913,0.0,-0.3465561251528718,0.0932420276806119,0.6704545454545454
2026-06-01,2356.0,2363.0,2316.0,2340.0,312200.0,2730.T,エディオン,小売業,TOPIX Small 1,105739714.0,247430930760.0,776990215.0,0.8623593570967923,0.1473524495521068,0.974188176519567,0.5,1.4078383217417467,,-0.7045799149239018,0.028403782748821344,1.1445147686276058,0.3217113872237983,0.0,-0.323024812444885,0.09196438814307654,0.7431192660550459
2026-06-01,4030.0,4160.0,4030.0,4070.0,194300.0,2326.T,デジタルアーツ,情報・通信業,TOPIX Small 1,13443785.0,54716204950.0,1273487500.0,2.0833654959475107,-0.1079299850743376,0.4992544555678194,0.4666666666666667,1.2824065327540937,,1.689784760966552,0.027293438387139976,-1.8000808125832477,0.15923564908733323,0.0,-0.028274619460018496,0.09172500371187245,0.6647727272727273
2026-06-01,2722.0,2735.0,2603.0,2610.0,53000.0,6357.T,三精テクノロジーズ,機械,-,18179216.0,47447753760.0,146213195.0,1.226041741893551,0.03352530882640803,0.9161109161109161,0.35,1.3817129735202691,,0.008592793790400385,0.027908694537617018,0.784434957858557,-0.40942943439029467,0.0,-0.2616332665518789,0.0915162851675776,0.5096153846153846
2026-06-01,1800.0,1811.0,1768.0,1779.0,115100.0,5981.T,東京製綱,金属製品,TOPIX Small 2,15420292.0,27432699468.0,248500710.0,1.1810673046915634,-0.022977798478497125,0.8669590643274854,0.43333333333333335,1.1937998888849062,,-0.07960103286460078,0.027662935730493124,0.47969280293263744,-0.0032400890491318048,0.0,0.17994074277766095,0.09146506008451386,0.6071428571428571
2026-06-01,4345.0,4370.0,4290.0,4345.0,92900.0,4928.T,ノエビアホールディングス,化学,TOPIX Small 1,34156207.0,148408719415.0,478939375.0,1.663868714030811,0.6047882794354118,0.9128151260504201,0.05,1.3139956490210296,,0.867161315996412,0.030393388086474887,0.7640010142984175,-1.8717110776184804,0.0,-0.102505388159469,0.09130694782965967,0.5252525252525253
2026-06-01,2823.0,2826.0,2740.0,2753.0,479900.0,3543.T,コメダホールディングス,卸売業,TOPIX Small 1,45510203.0,125289588859.0,667850175.0,0.8665689702885608,0.05174429935685043,0.861120886689672,0.65,1.1758296346736683,,-0.696324961238722,0.027987937566776484,0.4434960215371639,1.0528522088378913,0.0,0.22216876120503792,0.090651217775382,0.5660377358490566
2026-06-01,2308.0,2312.0,2245.0,2280.0,452500.0,7994.T,オカムラ,その他製品,TOPIX Small 1,94673559.0,215855714520.0,597792955.0,1.3896627582609484,-0.08806274772731759,0.8428684864580639,0.3333333333333333,1.1966905149230276,,0.32944980618195585,0.027379850423294085,0.3303308898619891,-0.4906673034585272,0.0,0.17314810600304528,0.0903309019050835,0.5
2026-06-01,2490.0,2518.5,2480.0,2514.5,511900.0,2201.T,森永製菓,食料品,TOPIX Mid400,83969462.0,211141212199.0,1076682580.0,1.4043673166304558,-0.0931751957749044,0.8765905525535994,0.2833333333333333,1.3053806407547022,,0.3582851035766582,0.02735761396244109,0.5394081619816133,-0.7343809106632248,0.0,-0.08226111539926634,0.09002211941165046,0.7441860465116279
2026-06-01,2195.0,2195.0,2054.0,2081.0,60500.0,6505.T,東洋電機製造,電気機器,-,9017451.0,18765315531.0,122281841.46972656,1.1598768147822263,-0.14329536597017922,0.811146113321555,0.5166666666666667,1.0570323296932385,,-0.12115509134909559,0.027139617575559764,0.13365174150398834,0.4029492562920311,0.0,0.5013286843128117,0.08873530251685896,0.3275862068965517
2026-06-01,1862.0,1897.0,1859.0,1880.0,258500.0,2154.T,オープンアップグループ,サービス業,TOPIX Small 1,84946782.0,159699950160.0,417454300.0,1.0907047193877553,-0.04974086678183698,0.951417004048583,0.35,1.2140656335520412,,-0.25679996363920565,0.027546530455545823,1.0033331871162308,-0.40942943439029467,0.0,0.13231858734298024,0.08855479333593601,0.6837606837606838
2026-06-01,1176.0,1176.0,1142.0,1147.0,137000.0,8043.T,スターゼン,卸売業,TOPIX Small 2,57145728.0,65546150016.0,198946010.0,1.511170293604672,-0.19956754006614097,0.8561988299943855,0.25,1.346151596048985,,0.5677232605278659,0.026894863206468788,0.4129792025453143,-0.8968566487996898,0.0,-0.17806814357096956,0.08781846694414458,0.5566037735849056
2026-06-01,2067.5,2080.0,2032.5,2066.0,655600.0,2222.T,寿スピリッツ,食料品,TOPIX Mid400,154433036.0,319058652376.0,1123742640.0,0.9475552270744797,0.021692881449321133,0.8633147066742133,0.6166666666666667,1.3563403312158662,,-0.537512792887695,0.027857229700083728,0.4570977355184472,0.8903764707014262,0.0,-0.20201049248385602,0.08746160228780772,0.7209302325581395
2026-06-01,1261.0,1264.0,1207.0,1214.0,352400.0,4569.T,杏林製薬,医薬品,TOPIX Small 1,57446295.0,69739802130.0,379321485.0,1.9513063220191678,-1.3915691271109576,0.7041763341067285,0.25,1.5729575641361409,,1.4308197884571412,0.02171028306398,-0.5295623561765597,-0.8968566487996898,0.0,-0.7110359295154817,0.08713975284924078,0.8055555555555556
2026-06-01,750.0,750.0,727.0,732.0,226500.0,9534.T,北海道瓦斯,電気・ガス業,TOPIX Small 2,88271270.0,64614569640.0,213792350.0,1.4106235928582649,-0.6919198222710367,0.7870967741935484,0.43333333333333335,1.3395090457985561,,0.3705535159341744,0.02475338966048385,-0.015454490804506985,-0.0032400890491318048,0.0,-0.16245891895552303,0.08712686893261724,0.875
2026-06-01,9090.0,9200.0,8874.0,8904.0,173500.0,9065.T,山九,陸運業,TOPIX Mid400,50127429.0,446334627816.0,1799054940.0,1.1801577458238053,-0.05928461335517998,0.8976533930833202,0.38333333333333336,1.2463536920155753,,-0.08138465667639655,0.02750502017610755,0.6699980620360376,-0.24695369625382937,0.0,0.056445385341770384,0.08630891811114941,0.5
2026-06-01,2227.0,2235.0,2159.0,2163.0,524700.0,2784.T,アルフレッサ　ホールディングス,卸売業,TOPIX Mid400,181717982.0,393055995066.0,1301352515.0,1.597600652087586,-0.011589448157946713,0.8164989260354341,0.25,1.3087776981639352,,0.7372111858472484,0.0277124690663287,0.16683925371674838,-0.8968566487996898,0.0,-0.0902438073072217,0.08555807678642942,0.5471698113207547
2026-06-01,1015.0,1015.0,980.0,986.0,351000.0,7241.T,フタバ産業,輸送用機器,TOPIX Small 1,89090943.0,87843669798.0,293830170.0,1.1378539856828302,-0.059951834371250845,0.8560301105358343,0.43333333333333335,0.9546526761820439,,-0.16434134765113137,0.027502118115516214,0.41193313958916467,-0.0032400890491318048,0.0,0.7419090258171397,0.08478625846741636,0.6774193548387096
2026-06-01,4495.0,4700.0,4380.0,4665.0,40800.0,4229.T,群栄化学工業,化学,TOPIX Small 2,6635949.0,30956702085.0,210753900.0,1.4674995779165962,-0.08036454018227013,0.7346456692913386,0.5,1.4680276030400166,,0.48208600147787867,0.027413333578354102,-0.3406520602993999,0.3217113872237983,0.0,-0.46446266023028,0.08427799677623395,0.5151515151515151
2026-06-01,2402.0,2422.0,2282.0,2282.0,302800.0,4275.T,カーリット,化学,TOPIX Small 2,22419037.0,51160242434.0,816296070.0,1.3491310793490374,-0.16051231777499408,0.7490884333277883,0.5333333333333333,1.3449692540893485,,0.2499681253342571,0.027064732887979163,-0.2511067252640683,0.4841871253602633,0.0,-0.17528977675032859,0.08290044946926847,0.5050505050505051
2026-06-01,4075.0,4075.0,3975.0,3995.0,30400.0,8014.T,蝶理,卸売業,TOPIX Small 2,24645748.0,98459763260.0,167577550.0,1.286431889381009,0.05066522444564625,0.8567791290387989,0.35,1.0840176368201788,,0.12701647022816684,0.027983244158296422,0.41657706457653954,-0.40942943439029467,0.0,0.4379163344801508,0.08254674307738707,0.5377358490566038
2026-06-01,421.0,453.0,416.0,451.0,168200.0,4572.T,カルナバイオサイエンス,医薬品,-,19185564.0,8652689364.0,108531630.0,0.5058546062816237,0.07372051576220673,0.880859375,0.8166666666666667,0.987146529562982,,-1.4036774501274745,0.028083522552921274,0.5658749196745715,1.8652308995202165,0.0,0.6655522295683336,0.08233874844772515,0.7777777777777778
2026-06-01,4720.0,4810.0,4705.0,4735.0,56000.0,6947.T,図研,電気機器,TOPIX Small 1,21075766.0,99793752010.0,279171000.0,1.012844190732035,0.032358920254239365,0.8421475517813966,0.5833333333333334,1.2445638298854385,,-0.40948265173354126,0.027903621360621772,0.3258610849826847,0.7279007325649611,0.0,0.060651354279406114,0.08199513700202153,0.31896551724137934
2026-06-01,15640.0,16260.0,15580.0,15790.0,193300.0,6622.T,ダイヘン,電気機器,TOPIX Small 1,23606814.0,372751593060.0,4527044350.0,1.215369255528402,0.15137632097261222,0.797877716018191,0.5833333333333334,1.626673510431621,,-0.012335704063581046,0.028421284473726258,0.05138749631427926,0.7279007325649611,0.0,-0.8372621889409612,0.08162089480308826,0.3103448275862069
2026-06-01,2566.0,2599.0,2547.0,2585.0,94900.0,6282.T,オイレス工業,機械,TOPIX Small 1,29204047.0,75492461495.0,241086540.0,1.0046161674905496,0.1340389776518096,0.9025837988826816,0.5,1.3364659915276067,,-0.42561761418373967,0.02834587614635365,0.7005666455876172,0.3217113872237983,0.0,-0.1553080934681017,0.0812866980183416,0.5
2026-06-01,2354.0,2354.0,2279.0,2291.0,27900.0,3611.T,マツオカコーポレーション,繊維製品,-,10498438.0,24051921458.0,104254235.0,1.278769259632748,-0.12505313872750456,0.8820917156728872,0.35,1.3316369141930127,,0.11199023128482072,0.027218961672199445,0.5735154487417818,-0.40942943439029467,0.0,-0.14396032040516193,0.08089295680880912,0.7058823529411765
2026-06-01,1820.0,1833.0,1807.0,1829.0,122300.0,1379.T,ホクト,水産・農林業,TOPIX Small 2,31346374.0,57332518046.0,209738395.0,1.3302092972887831,-0.11177853225385215,0.8816874991196961,0.3,1.2397552866428854,,0.2128629502426602,0.027276699230496897,0.5710093005702146,-0.6531430415949923,0.0,0.07195087460162773,0.07986285997316477,0.8
2026-06-01,5010.0,5030.0,4835.0,4980.0,35600.0,4025.T,多木化学,化学,TOPIX Small 2,8347446.0,41570281080.0,212822250.0,0.7143306276437635,0.28317019261130416,0.8877005347593583,0.7333333333333333,1.4339911620466854,,-0.9948608148650696,0.028994518517393673,0.6082902039744423,1.4590415541790536,0.0,-0.3844809615534804,0.0798236517571535,0.494949494949495
2026-06-01,823.9000244140625,823.9000244140625,808.0,812.5999755859375,1047500.0,7984.T,コクヨ,その他製品,TOPIX Mid400,429278491.0,348831691306.1681,1141875249.2147827,1.4506613223049258,0.0019138407506462674,0.8334358723958334,0.3,1.2354012416394866,,0.449066573354326,0.027771201272975624,0.2718485533556428,-0.6531430415949923,0.0,0.08218237664249317,0.07971681692082977,0.4642857142857143
2026-06-01,4020.0,4117.0,3995.0,4114.0,180800.0,4665.T,ダスキン,サービス業,TOPIX Mid400,47078737.0,193681924018.0,538910880.0,1.1075630603331175,0.00012928856031302338,0.9439146927085345,0.35,1.2836877429022004,,-0.22374114864283978,0.02776343940927528,0.9568187539517358,-0.40942943439029467,0.0,-0.03128531508555738,0.07939064256913397,0.6752136752136753
2026-06-01,712.0,730.0,709.0,723.0,356000.0,5852.T,アーレスティ,非鉄金属,-,24940307.0,18031841961.0,205405565.0,1.6220622236453621,-0.06175713880437861,0.7771806096325672,0.3,1.3702278858971764,,0.7851797594613296,0.027494265990471358,-0.0769348470325532,-0.6531430415949923,0.0,-0.23464463934121288,0.0780778487501301,0.6923076923076923
2026-06-01,1657.0,1698.0,1621.0,1682.0,226900.0,3558.T,ジェイドグループ,小売業,-,10371137.0,17444252434.0,401419205.0,1.3995561181338796,-0.0009358824254375175,0.7221983683984543,0.5833333333333334,1.635896378305111,,0.3488504550828002,0.027758806475560175,-0.4178254964869573,0.7279007325649611,0.0,-0.8589348614550454,0.07682558290419052,0.7339449541284404
2026-06-01,889.0,891.0,837.0,839.0,1456300.0,8585.T,オリエントコーポレーション,その他金融業,TOPIX Small 1,171185864.0,143624939896.0,840404955.0,1.6645566624860975,0.7396966337024784,0.744159390265903,0.3,1.218706455017224,,0.8685103669370744,0.030980168491963205,-0.28166685982461237,-0.6531430415949923,0.0,0.12141319379393685,0.07663846534278493,0.5
2026-06-01,1975.0,1980.0,1952.0,1968.0,93000.0,2613.T,Ｊ－オイルミルズ,食料品,TOPIX Small 2,33115266.0,65170843488.0,186227040.0,1.0949408672798948,-0.2970526548184126,0.9235100891600188,0.38333333333333336,1.2469015551595786,,-0.248492976022965,0.026470854215519462,0.8303099322051684,-0.24695369625382937,0.0,0.05515797033535486,0.07627130006786564,0.6976744186046512
2026-06-01,2898.0,2898.0,2697.0,2717.0,85900.0,4886.T,あすか製薬ホールディングス,医薬品,TOPIX Small 2,28396114.0,77152241738.0,344081740.0,0.9749863211721236,0.12996441535683,0.8922824302134647,0.5833333333333334,1.66705471625044,,-0.4837210545511069,0.02832815394279832,0.6366980186073865,0.7279007325649611,0.0,-0.9321533509352318,0.07606882090738273,0.75
2026-06-01,3500.0,3600.0,3415.0,3415.0,80000.0,4417.T,グローバルセキュリティエキスパート,情報・通信業,-,15051988.0,51402539020.0,371585380.0,1.2116134343899072,0.1110931715699277,0.7522227479089322,0.6166666666666667,1.383590683263539,,-0.019700782073294367,0.028246073954931693,-0.23167393188972987,0.8903764707014262,0.0,-0.266045667217334,0.07605572383681058,0.6590909090909091
2026-06-01,3190.0,3270.0,3160.0,3225.0,125000.0,6908.T,イリソ電子工業,電気機器,TOPIX Small 1,21350505.0,68855378625.0,564477725.0,1.449170204554226,-0.0551338247177805,0.8365758754863813,0.2833333333333333,1.1916376306620209,,0.4461425260819435,0.027523073924172164,0.2913166155662756,-0.7343809106632248,0.0,0.18502179945095204,0.07577367648784791,0.3017241379310345
2026-06-01,422.0,424.0,419.0,420.0,580800.0,3632.T,グリーホールディングス,情報・通信業,TOPIX Small 2,171803378.0,72157418760.0,302157620.0,1.3212003480798473,-0.03532449857358466,0.7954545454545454,0.48333333333333334,1.4749262536873158,,0.1951966101101931,0.027609234077044027,0.03636380559816776,0.24047351815556575,0.0,-0.48067369115025493,0.07501156533226495,0.6534090909090909
2026-06-01,1810.0,1832.0,1765.0,1832.0,228300.0,3696.T,セレス,情報・通信業,TOPIX Small 2,11748812.0,21523823584.0,624541250.0,1.7440843092172948,0.027331625863258546,0.6682646976271808,0.4666666666666667,1.8005028358255812,,1.0244622348524204,0.027881755273400744,-0.7522149946959255,0.15923564908733323,0.0,-1.2457409933957266,0.07424129628558383,0.6477272727272727
2026-06-01,1628.0,1651.5,1587.5,1617.0,823100.0,3401.T,帝人,繊維製品,TOPIX Mid400,192915902.0,311945013534.0,1916450990.0,1.091060191963056,-6.33973535815979,0.9120135363790186,0.45,1.491266193392019,,-0.25610289017620974,0.00018836173262456573,0.7590311473459864,0.07799778001910071,0.0,-0.5190706590974828,0.07357373140629198,0.6470588235294118
2026-06-01,1500.0,1500.0,1471.0,1472.0,92200.0,2908.T,フジッコ,食料品,TOPIX Small 2,28473316.0,41912721152.0,125763625.0,1.4422418710781517,0.2666177374883463,0.8909942986666268,0.2,1.2412465009077722,,0.43255622507160113,0.028922524040983052,0.6287115853567934,-1.1405702560043873,0.0,0.06844669359691885,0.07344880062869259,0.6744186046511628
2026-06-01,2660.0,2669.0,2586.0,2615.0,171600.0,7287.T,日本精機,輸送用機器,-,57476059.0,150299894285.0,490921855.0,0.8520708734567786,-0.0010579284336081907,0.9169004207573632,0.5333333333333333,1.12500754256788,,-0.7247553923537804,0.027758275639597114,0.7893298974905858,0.4841871253602633,0.0,0.3415947980731742,0.07332450902726956,0.6451612903225806
2026-06-01,1745.0,1796.0,1705.0,1722.0,79100.0,6459.T,大和冷機工業,機械,TOPIX Small 2,49113258.0,84573030276.0,137918980.0,1.1474903474903475,-0.06943965382082717,0.825503355704698,0.5,1.1938911740961518,,-0.14544466598683045,0.027460851089659524,0.22266684111632234,0.3217113872237983,0.0,0.17972623309197078,0.07228043423714002,0.49038461538461536
2026-06-01,1052.0,1052.0,1028.0,1034.0,102900.0,8281.T,ゼビオホールディングス,小売業,TOPIX Small 1,41381923.0,42788908382.0,155165785.0,1.300123061777012,-0.16498883787540541,0.8786429719841908,0.3333333333333333,1.370529311893145,,0.15386454126847493,0.027045262379321887,0.5521331905898154,-0.4906673034585272,0.0,-0.23535295555992797,0.07028634573313682,0.7247706422018348
2026-06-01,2754.0,2758.0,2701.0,2701.0,96900.0,9347.T,日本管財ホールディングス,サービス業,TOPIX Small 2,36320947.0,98102877847.0,180229675.0,1.1215605331627831,0.046371171535429134,0.8726978998384491,0.45,1.2936088852948608,,-0.19629242956708295,0.02796456728597421,0.5152736617796695,0.07799778001910071,0.0,-0.05459885193668882,0.06994249119168738,0.6666666666666666
2026-06-01,1481.0,1490.0,1451.0,1464.0,198900.0,4095.T,日本パーカライジング,化学,TOPIX Small 1,108253057.0,158482475448.0,206901655.0,0.9243872338777068,-0.11606469300263111,0.919209896387428,0.4666666666666667,1.0706083185330741,,-0.5829446893840037,0.027258056684927198,0.8036486780597462,0.15923564908733323,0.0,0.4694266811380356,0.0691647588571819,0.48484848484848486
2026-06-01,3590.0,3590.0,3465.0,3485.0,172500.0,6331.T,三菱化工機,機械,TOPIX Small 1,22781090.0,79392098650.0,1110674925.0,1.0038252433941606,-0.02041715907752284,0.8981958762886598,0.4666666666666667,1.1870987825399641,,-0.4271685979646132,0.027674073165488724,0.6733614653465526,0.15923564908733323,0.0,0.19568756744089047,0.06846838760467391,0.4807692307692308
2026-06-01,5150.0,5310.0,5020.0,5200.0,1805700.0,6590.T,芝浦メカトロニクス,電気機器,TOPIX Small 1,65639000.0,341322800000.0,11191489675.0,1.0531566973457032,0.03594838447681625,0.8458122938326081,0.5333333333333333,1.266505563348799,,-0.3304307626716071,0.02791923364262945,0.3485825359435686,0.4841871253602633,0.0,0.009090819067836901,0.06717123468890064,0.29310344827586204
2026-06-01,1430.0,1430.0,1387.0,1410.0,166500.0,7421.T,カッパ・クリエイト,小売業,TOPIX Small 1,49352376.0,69586850160.0,201246880.0,1.4213858688797518,0.6632753888380605,0.8298999411418482,0.3333333333333333,1.3985130111524164,,0.3916580892185367,0.03064777625952448,0.24992573110354996,-0.4906673034585272,0.0,-0.30111141140011893,0.06690594650144024,0.7155963302752294
2026-06-01,350.0,350.0,342.0,346.0,141800.0,9514.T,エフオン,電気・ガス業,TOPIX Small 2,21155584.0,7319832064.0,102266880.0,1.296085141903172,0.2692213260100573,0.7554585152838428,0.55,1.4599627560521415,,0.14594627419153872,0.028933848282070965,-0.21161212980312666,0.5654249944284961,0.0,-0.44551120282657847,0.06393579368072258,0.8125
2026-06-01,3295.0,3295.0,3100.0,3140.0,55300.0,1799.T,第一建設工業,建設業,-,17701427.0,55582480780.0,171262725.0,1.8080784221093658,-0.23723253194927285,0.7259364886850123,0.23333333333333334,1.3127416511049248,,1.1499532037331708,0.02673104029624229,-0.3946490994609152,-0.9780945178679223,0.0,-0.09955863813096628,0.06354913152843351,0.676923076923077
2026-06-01,572.0,572.0,550.0,551.0,491400.0,6240.T,ヤマシンフィルタ,機械,TOPIX Small 2,69618020.0,38359529020.0,406155765.0,1.592049016009261,-0.05870597419295587,0.6622979900804234,0.5,1.402394943373716,,0.72632455645499,0.02750753695221149,-0.7892086632889882,0.3217113872237983,0.0,-0.31023350302152464,0.06336132362649621,0.47115384615384615
2026-06-01,371.70001220703125,373.5,337.3999938964844,348.70001220703125,28974600.0,7211.T,三菱自動車工業,輸送用機器,TOPIX Mid400,1338352676.0,466683594458.51294,6832798156.897125,1.5310270609617933,0.016714870478673483,0.7729104608959465,0.35,1.3864497774038362,,0.606661920068118,0.02783557796982765,-0.10340982774305922,-0.40942943439029467,0.0,-0.2727642076799713,0.06288978341833179,0.6129032258064516
2026-06-01,992.0,992.0,970.0,982.0,122200.0,6413.T,理想科学工業,機械,TOPIX Small 2,62905384.0,61773087088.0,163334360.0,1.7441872791519435,-0.4436068312965086,0.7899355215239771,0.15,1.2072514582115854,,1.024664156502408,0.025833420606852155,0.0021457815631895413,-1.384283863209085,0.0,0.14833111106477595,0.06282752666182899,0.46153846153846156
2026-06-01,1600.0,1606.0,1566.0,1580.0,136800.0,5288.T,アジアパイルホールディングス,ガラス・土石製品,TOPIX Small 2,38088805.0,60180311900.0,323761185.0,1.0499526709572569,0.1012454108435934,0.8977272727272727,0.4666666666666667,1.4239241403333025,,-0.33671378399395496,0.02820324137378026,0.6704561168414286,0.15923564908733323,0.0,-0.3608246251753511,0.06280770381757447,0.5714285714285714
2026-06-01,2113.0,2150.0,2100.0,2105.0,50700.0,6564.T,ミダックホールディングス,サービス業,TOPIX Small 2,27680228.0,58266879940.0,120596180.0,0.8610223433811157,-0.0058544312879175164,0.8976545842217484,0.5666666666666667,1.2605256413000547,,-0.7072017677632417,0.027737413374209118,0.670005447110623,0.6466628634967284,0.0,0.023142944068424372,0.06229157755279692,0.6581196581196581
2026-06-01,3814.0,3823.0,3718.0,3735.0,387100.0,4540.T,ツムラ,医薬品,TOPIX Mid400,74545456.0,278427278160.0,1491417045.0,1.243676704140947,-0.22637725479767756,0.8659485422101171,0.35,1.1819607513512564,,0.04317454512014489,0.02677825504408579,0.47342755195076236,-0.40942943439029467,0.0,0.20776134631829238,0.06114736258858057,0.7222222222222222
2026-06-01,1543.0,1561.0,1520.0,1520.0,239500.0,2975.T,スター・マイカ・ホールディングス,不動産業,TOPIX Small 2,34114957.0,51854734640.0,335173354.4055176,1.0048599625312566,-0.04102186720518208,0.8375554708193945,0.55,1.1337681094645438,,-0.4251395377719571,0.02758445351920513,0.2973901200611447,0.5654249944284961,0.0,0.3210084793712809,0.06095342608187941,0.75
2026-06-01,1384.0,1384.0,1285.0,1336.0,182800.0,6062.T,チャーム・ケア・コーポレーション,サービス業,TOPIX Small 2,32681388.0,43662334368.0,189976285.0,1.2659268155050425,0.0380459137293061,0.9169526424159231,0.26666666666666666,1.302556172584894,,0.08680649666378262,0.027928356791985073,0.7896536724896126,-0.8156187797314572,0.0,-0.07562394196141856,0.060490433804074956,0.6495726495726496
2026-06-01,4300.0,4300.0,4160.0,4160.0,38000.0,1964.T,中外炉工業,建設業,TOPIX Small 2,7211713.0,30000726080.0,212367275.0,1.4385208481282339,-0.07955423597836253,0.827851230053439,0.26666666666666666,1.0825239885721123,,0.4252593855013701,0.027416857975578583,0.23722369426771886,-0.8156187797314572,0.0,0.44142623506374573,0.06034229451624966,0.6615384615384615
2026-06-01,4720.0,4720.0,4615.0,4625.0,98900.0,5302.T,日本カーボン,ガラス・土石製品,TOPIX Small 1,10984543.0,50803511375.0,266413725.0,0.9140226861745849,-0.04897824876394252,0.9104330708661418,0.48333333333333334,1.1153905412600784,,-0.6032693266747673,0.02754984744293481,0.749232239498072,0.24047351815556575,0.0,0.3641936385608059,0.06019728774303143,0.5238095238095238
2026-06-01,874.0,874.0,854.0,857.0,463400.0,8600.T,トモニホールディングス,銀行業,TOPIX Small 1,192077616.0,164610516912.0,590814405.0,1.1385497091935648,1.7013498751560547,0.8773132653174184,0.36666666666666664,0.9949663101957836,,-0.1629770500073396,0.035162854449589144,0.5438889910256354,-0.3281915653220622,0.0,0.6471766497474599,0.059954347004753133,0.16279069767441862
2026-06-01,3124.0,3205.0,3124.0,3186.0,361200.0,4544.T,Ｈ．Ｕ．グループホールディングス,サービス業,TOPIX Mid400,55485682.0,176777382852.0,864241615.0,1.0838354858884378,0.26745359944086355,0.7936128762826814,0.5666666666666667,1.1172691293110872,,-0.2702703709679439,0.028926159600975575,0.02494543148344789,0.6466628634967284,0.0,0.3597791739737751,0.05964142167814551,0.6410256410256411
2026-06-01,4280.0,4280.0,4130.0,4170.0,40000.0,2108.T,日本甜菜製糖,食料品,TOPIX Small 2,12088264.0,50408060880.0,128719875.0,0.9637099976177241,0.05125240847784207,0.9144736842105263,0.45,1.168145562017708,,-0.5058336631068503,0.027985798100091795,0.7742840976297989,0.07799778001910071,0.0,0.24022544298031742,0.05910579242615113,0.6511627906976745
2026-06-01,1057.0,1057.0,991.0,992.0,213800.0,4997.T,日本農薬,化学,TOPIX Small 2,78325584.0,77698979328.0,190234160.0,1.1580765384965004,0.03396535781355747,0.899365367180417,0.36666666666666664,1.301099846720628,,-0.1246853913273108,0.02791060851933088,0.6806123249090904,-0.3281915653220622,0.0,-0.0722017446619486,0.05908994724841636,0.47474747474747475
2026-06-01,2522.0,2522.0,2475.0,2522.0,41000.0,2294.T,柿安本店,食料品,TOPIX Small 2,9577883.0,24155420926.0,104038605.0,1.1244444444444444,0.08166180584489013,0.8385424474238427,0.45,1.0441762258029004,,-0.19063714653328012,0.02811806298920584,0.30350938854010734,0.07799778001910071,0.0,0.5315390411393707,0.05834872588183654,0.627906976744186
2026-06-01,2205.0,2205.0,2125.0,2177.0,271700.0,5970.T,ジーテクト,金属製品,TOPIX Small 1,42812587.0,93203001899.0,461029070.0,0.897429947016967,0.034694481879218975,0.9749216300940439,0.4166666666666667,1.3294322833964398,,-0.6358073027349532,0.027913779825638963,1.1490621908449625,-0.08447795811736433,0.0,-0.13877969308576532,0.058228379069771026,0.5714285714285714
2026-06-01,2088.0,2145.0,2076.0,2106.0,63900.0,6351.T,鶴見製作所,機械,TOPIX Small 2,47965516.0,101015376696.0,154049760.0,1.2831242481526035,-0.027090189345161497,0.8441932706415811,0.35,1.170801340022313,,0.12053026261149803,0.027645048992541443,0.33854456996249976,-0.40942943439029467,0.0,0.2339846719150227,0.05503756033071676,0.4519230769230769
2026-06-01,1228.0,1236.0,1176.0,1195.0,372100.0,2220.T,亀田製菓,食料品,TOPIX Small 1,63249150.0,75582734250.0,275868100.0,1.1967785234899329,-0.9337091319052988,0.7769830949284785,0.55,1.3446721883415271,,-0.04879169775232159,0.023701733297757266,-0.07815944090581663,0.5654249944284961,0.0,-0.17459170661032467,0.05417978453895378,0.6046511627906976
2026-06-01,906.0,934.0,888.0,905.0,381300.0,3865.T,北越コーポレーション,パルプ・紙,TOPIX Small 1,158801963.0,143715776515.0,350891260.0,1.2727525127808106,-0.2510340073529411,0.8660193802865577,0.3333333333333333,1.2720571515569885,,0.1001915304694308,0.026671011135129926,0.4738667489958794,-0.4906673034585272,0.0,-0.003954770961158533,0.05269115113347906,0.3
2026-06-01,1623.0,1631.0,1581.0,1625.0,273900.0,7780.T,メニコン,精密機器,TOPIX Small 1,74196464.0,120569254000.0,533518270.0,1.2406880588320506,-0.4380287992190043,0.8558531192751377,0.38333333333333336,1.3485479976740522,,0.0373138810917698,0.02585768211342858,0.41083579134630727,-0.24695369625382937,0.0,-0.18369941015146418,0.05173202412491344,0.5172413793103449
2026-06-01,2366.0,2366.0,2318.0,2325.0,40100.0,4619.T,日本特殊塗料,化学,-,21292151.0,49504251075.0,140422905.0,1.2328671328671328,-0.21483584955770296,0.9444471827294852,0.25,1.4240627519037794,,0.021977226944576274,0.026828454088343723,0.9601201993820339,-0.8968566487996898,0.0,-0.36115034633007387,0.05163944549817963,0.46464646464646464
2026-06-01,2461.0,2472.0,2429.0,2440.0,42800.0,7989.T,立川ブラインド工業,金属製品,TOPIX Small 2,20101046.0,49046552240.0,117178355.0,0.8267706150441829,-0.28992672901650085,0.912490650710546,0.5,0.9512734437947553,,-0.7743686114085502,0.026501848245905808,0.7619892627426624,0.3217113872237983,0.0,0.7498498309856928,0.05118036139072579,0.5357142857142857
2026-06-01,1745.0,1746.0,1714.0,1739.0,482700.0,2602.T,日清オイリオグループ,食料品,TOPIX Small 1,91470969.0,159068015091.0,607524155.0,1.390685208596713,-3.373169302870533,0.853223150429339,0.25,1.0976895544813494,,0.3314548075401892,0.013091364235972501,0.3945299484456558,-0.8968566487996898,0.0,0.40578890967319126,0.05080348079687767,0.5813953488372093
2026-06-01,898.0,959.0,876.0,959.0,1093600.0,9552.T,クオンツ総研ホールディングス,サービス業,TOPIX Small 1,54061810.0,51845275790.0,591125760.0,1.5319803936552296,0.2384645396219871,0.660815815527036,0.5166666666666667,1.3628674989931535,,0.6085313833352592,0.028800072433374582,-0.7983981658405055,0.4029492562920311,0.0,-0.21734858163595627,0.04922819013606419,0.6324786324786325
2026-06-01,2226.0,2253.0,2226.0,2248.0,40400.0,3198.T,ＳＦＰホールディングス,小売業,TOPIX Small 2,22803137.0,51261451976.0,132666995.0,1.0504376071460795,-0.05661748013620882,0.9035369774919614,0.38333333333333336,1.0936781866525918,,-0.3357628353921152,0.027516620803216384,0.7064763660331678,-0.24695369625382937,0.0,0.41521515999778796,0.04795142312122386,0.7064220183486238
2026-06-01,1201.0,1201.0,1183.0,1194.0,138700.0,7860.T,エイベックス,情報・通信業,TOPIX Small 1,42508472.0,50755115568.0,168582170.0,0.7806991006847996,0.03378752842700705,0.9099274595041043,0.5333333333333333,0.9752575815977843,,-0.8647137808855186,0.02790983505500308,0.7460974421215409,0.4841871253602633,0.0,0.6934898818605607,0.04732106486374683,0.6420454545454546
2026-06-01,1337.0,1337.0,1318.0,1318.0,70500.0,7414.T,小野建,卸売業,TOPIX Small 2,24432503.0,32202038954.0,101940755.0,1.1803123396529267,-0.0777967169377849,0.9008885850991114,0.31666666666666665,1.1990709769606427,,-0.08108150176850445,0.02742450225929167,0.6900562968882128,-0.5719051725267598,0.0,0.16755429560902094,0.04718894840177644,0.5283018867924528
2026-06-01,395.0,396.0,381.0,381.0,1611600.0,2492.T,インフォマート,サービス業,TOPIX Small 1,266507867.0,101539497327.0,1100686645.0,1.1798845275557956,0.05606937452153948,0.7775510204081633,0.5166666666666667,1.1437339244699865,,-0.0819204313534559,0.028006749369593974,-0.0746382951455502,0.4029492562920311,0.0,0.29758996704826157,0.04691580727114221,0.6239316239316239
2026-06-01,1925.0,1940.0,1880.0,1925.0,47900.0,4026.T,神島化学工業,ガラス・土石製品,-,9086384.0,17491289200.0,143270360.0,0.7493408028651459,0.09280935038536464,0.909070100757022,0.5833333333333334,1.1524910942398103,,-0.9262066744970973,0.028166548946515123,0.740781806135299,0.7279007325649611,0.0,0.2770116312014301,0.04668202128422995,0.47619047619047616
2026-06-01,2966.0,2966.0,2675.0,2689.0,379800.0,4549.T,栄研化学,医薬品,TOPIX Small 1,32965573.0,88644425797.0,576975370.0,1.3653226778732712,-0.113660182327184,0.7682857142857142,0.43333333333333335,1.301940562516198,,0.2817194739303556,0.02726851504206012,-0.13208332013147056,-0.0032400890491318048,0.0,-0.0741773295195802,0.04663545338346104,0.6944444444444444
2026-06-01,1008.0,1008.0,981.0,993.0,283700.0,3457.T,Ａｎｄ　Ｄｏホールディングス,不動産業,TOPIX Small 2,19968606.0,19828825758.0,102269655.0,1.371713028047291,0.2985902854848992,0.8025862746681428,0.35,1.188727583262169,,0.2942508021820261,0.029061587813422024,0.08058062449800917,-0.40942943439029467,0.0,0.19186007417878723,0.04512281094885902,0.7307692307692307
2026-06-01,2886.0,2889.0,2819.0,2853.0,182800.0,6995.T,東海理化電機製作所,輸送用機器,TOPIX Small 1,85110626.0,242820615978.0,577532995.0,1.3206020177518054,-0.013989146440670952,0.8624395701635559,0.2833333333333333,1.1996376142664296,,0.19402329823534376,0.02770203164057374,0.4516718771543074,-0.7343809106632248,0.0,0.16622276349438653,0.04391970947507647,0.5806451612903226
2026-06-01,1809.0,1809.0,1743.0,1754.0,201400.0,5440.T,共英製鋼,鉄鋼,TOPIX Small 1,43458927.0,76226957958.0,388983415.0,2.018894932722588,-0.35372439212548934,0.6671761423637104,0.13333333333333333,1.122903123320198,,1.5633594840504053,0.026224361956552728,-0.758964052253463,-1.4655217322773177,0.0,0.34653993984609754,0.04310188820175413,0.631578947368421
2026-06-01,825.5,834.2999877929688,799.5999755859375,804.5,1433700.0,9505.T,北陸電力,電気・ガス業,TOPIX Mid400,208907213.0,168065852858.5,1279370376.0305786,1.482259147633584,-0.25300420588824357,0.7094356261022927,0.4166666666666667,1.1030141745901976,,0.5110291748471476,0.026662441807442858,-0.496954673699515,-0.08447795811736433,0.0,0.393276668419831,0.0420241091271315,0.75
2026-06-01,1070.0,1070.0,1046.0,1050.0,480400.0,287A.T,黒田グループ,卸売業,-,42449980.0,44572479000.0,586354685.0,1.0984100954696674,-0.25149020720976445,0.9601766454009936,0.2833333333333333,1.3195121212162457,,-0.2416899001285117,0.026669026905625202,1.0576430835952821,-0.7343809106632248,0.0,-0.11546845962052943,0.041842838832824636,0.5188679245283019
2026-06-01,1100.0,1138.5,1077.5,1127.5,1972600.0,6632.T,ＪＶＣケンウッド,電気機器,TOPIX Mid400,141332178.0,159352030695.0,1755709980.0,1.5398309349965211,-0.00198070265521455,0.7821902161121439,0.26666666666666666,1.1926078337886672,,0.6239261125475947,0.027754262056933016,-0.04587521817780286,-0.8156187797314572,0.0,0.18274193434561045,0.04053932977313329,0.28448275862068967
2026-06-01,1321.0,1325.5,1287.5,1298.5,1859600.0,4202.T,ダイセル,化学,TOPIX Mid400,255393823.0,331628879165.5,2549192310.0,1.73030531328514,0.006687879727982349,0.8019011651855397,0.13333333333333333,1.3693571929861705,,0.9974419438977463,0.027791965832310424,0.07633293631306383,-1.4655217322773177,0.0,-0.23259861173034316,0.040116874267012124,0.45454545454545453
2026-06-01,1680.0,1708.0,1673.0,1679.0,86900.0,5036.T,日本ビジネスシステムズ,情報・通信業,TOPIX Small 2,45058965.0,75654002235.0,277570665.0,1.124401106687361,0.05075942072093853,0.8726611226611226,0.4166666666666667,1.3611166107823374,,-0.1907221308682406,0.027983653862565006,0.5150456427760323,-0.08447795811736433,0.0,-0.2132341968998525,0.03899110574119029,0.6363636363636364
2026-06-01,2128.0,2150.0,2106.0,2128.0,115100.0,4212.T,積水樹脂,化学,TOPIX Small 1,29967147.0,63770088816.0,218468420.0,1.2514639175257734,-0.05994070780062999,0.8493662619689756,0.3333333333333333,1.1278521361930534,,0.05844508968087858,0.027502166510248,0.37061718711371566,-0.4906673034585272,0.0,0.33491033214352156,0.038755672558921775,0.4444444444444444
2026-06-01,5600.0,5680.0,5530.0,5630.0,52700.0,8074.T,ユアサ商事,卸売業,TOPIX Small 1,21054023.0,118534149490.0,275373350.0,1.346051712089448,-0.058871764289308404,0.8608562691131498,0.2833333333333333,1.3344269402533764,,0.24392955766792693,0.027506815852465723,0.44185538893483683,-0.7343809106632248,0.0,-0.15051655887040427,0.0385472066240616,0.5094339622641509
2026-06-01,4385.0,4440.0,4350.0,4380.0,147700.0,1950.T,日本電設工業,建設業,TOPIX Small 1,58372304.0,255670691520.0,821915375.0,1.2193636830981893,-0.13527727458657157,0.8156424581005587,0.45,1.3653096526340738,,-0.004502724384622007,0.027174492057120792,0.16152914077840214,0.07799778001910071,0.0,-0.22308736016067934,0.038519069068636266,0.6461538461538462
2026-06-01,2148.0,2148.0,2081.0,2094.0,56500.0,1967.T,ヤマト,建設業,-,22386681.0,46877710014.0,154059750.0,1.3585920312881936,-0.08083106419485997,0.8499385927704998,0.25,1.0738542794598853,,0.2685208323212467,0.027411304444200292,0.3741656459297832,-0.8968566487996898,0.0,0.4617990484835009,0.03737761848153997,0.6307692307692307
2026-06-01,1922.0,1930.0,1866.0,1866.0,173100.0,1939.T,四電工,建設業,TOPIX Small 2,47334679.0,88326511014.0,249638900.0,1.042192831875013,-0.11607263464618589,0.8699300699300699,0.4666666666666667,1.3130300319788137,,-0.3519306481831941,0.027258022142953493,0.49811307840095276,0.15923564908733323,0.0,-0.10023629982197729,0.03732799154213152,0.6153846153846154
2026-06-01,1035.0,1039.0,1024.0,1034.0,213300.0,8613.T,丸三証券,証券、商品先物取引業,TOPIX Small 1,66310521.0,68565078714.0,260592470.0,0.7408958033989002,-0.1114446755613121,0.941712204007286,0.48333333333333334,0.9212951079076671,,-0.9427671222839734,0.027278151331565713,0.9431632938080201,0.24047351815556575,0.0,0.8202954521428157,0.03684621635397777,0.631578947368421
2026-06-01,1670.0,1670.0,1616.0,1626.0,81100.0,6364.T,ＡＩＲＭＡＮ,機械,TOPIX Small 2,26938905.0,43802659530.0,185516530.0,1.5730427469192234,-0.7480138330685111,0.7178807947019867,0.36666666666666664,1.299323659994206,,0.6890537042605125,0.024509410208062025,-0.4445945125987071,-0.3281915653220622,0.0,-0.0680279113409425,0.036841745732045766,0.4423076923076923
2026-06-01,2887.0,2892.0,2827.0,2886.0,300700.0,167A.T,リョーサン菱洋ホールディングス,卸売業,TOPIX Small 1,40100944.0,115731324384.0,821906120.0,1.3453589046044092,2.7450625113245155,0.8553199913404779,0.23333333333333334,1.0028810292077739,,0.24257097828278915,0.03970245562693236,0.4075303908422672,-0.9780945178679223,0.0,0.6285779757188629,0.03678915775163862,0.5
2026-06-01,1282.0,1296.0,1263.0,1277.0,82500.0,4251.T,恵和,化学,TOPIX Small 2,18495531.0,23618793087.0,107505435.0,0.8928459366175087,-0.006714037934314354,0.9069602272727273,0.45,0.9893657112194375,,-0.6447964406476492,0.027733674537283315,0.7277005616064454,0.07799778001910071,0.0,0.6603374094115938,0.03599095826714242,0.43434343434343436
2026-06-01,1200.0,1225.0,1134.0,1143.0,156600.0,147A.T,ソラコム,情報・通信業,-,45579475.0,52097339925.0,131590285.0,1.0777392166584037,0.004227891603723721,0.8561797752808988,0.43333333333333335,1.1333580980683506,,-0.28222501331957933,0.027781266177445526,0.4128610630604584,-0.0032400890491318048,0.0,0.3219719587183371,0.03457386040510532,0.6306818181818182
2026-06-01,1728.0,1760.0,1685.0,1691.0,88500.0,1976.T,明星工業,建設業,TOPIX Small 2,45902096.0,77620444336.0,190086835.0,1.2902932346787155,-0.08208946588910493,0.8461444674267155,0.3333333333333333,1.292082219103739,,0.1345884786629046,0.027405831058505033,0.350642016781112,-0.4906673034585272,0.0,-0.051011363006742215,0.034476317117458626,0.6
2026-06-01,2097.0,2097.0,1962.0,1988.0,277700.0,8117.T,中央自動車工業,卸売業,-,55264839.0,109866499932.0,286129985.0,1.2244414423776369,0.18616726668512884,0.885595083087989,0.2833333333333333,1.1303216214585174,,0.005454643612583939,0.02857260679430026,0.5952363747463488,-0.7343809106632248,0.0,0.3291073274631014,0.03385231732466218,0.49056603773584906
2026-06-01,10490.0,11000.0,10480.0,11000.0,9900.0,6231.T,木村工機,機械,-,3526186.0,38788046000.0,152704600.0,1.8688060405851818,0.5974137931034482,0.6547793111974927,0.23333333333333334,1.077131013075443,,1.269038652940092,0.030361312948477343,-0.8358245754437511,-0.9780945178679223,0.0,0.45409910357048766,0.033675853881728196,0.4326923076923077
2026-06-01,3255.0,3255.0,3195.0,3225.0,88700.0,2109.T,ＤＭ三井製糖,食料品,TOPIX Small 1,31116649.0,100351193025.0,167069925.0,1.1552809159147774,0.06434228947317955,0.8983286908077994,0.31666666666666665,1.184991938762724,,-0.13016754227136718,0.028042732199688274,0.6741849171860964,-0.5719051725267598,0.0,0.20063840657778306,0.03355192536917474,0.5581395348837209
2026-06-01,4180.0,4180.0,4083.0,4094.0,296100.0,8424.T,芙蓉総合リース,その他金融業,TOPIX Mid400,90201481.0,369284863214.0,870619950.0,1.1290823828452952,-0.1680963870978155,0.8938245618627216,0.3333333333333333,1.1355559009551037,,-0.18154225706253135,0.027031746174171308,0.6462592559753031,-0.4906673034585272,0.0,0.31680737619709975,0.032864496764046534,0.4444444444444444
2026-06-01,17310.0,17410.0,16730.0,17060.0,15500.0,6492.T,岡野バルブ製造,機械,-,1606741.0,27411001460.0,463058850.0,0.5124648321723563,0.13543307086614176,0.8757700205338809,0.8,1.287055715498398,,-1.3907149507027587,0.028351939718813925,0.5343208522099184,1.7839930304519842,0.0,-0.03919966104768558,0.03191238921141086,0.4230769230769231
2026-06-01,1204.0,1205.0,1171.0,1176.0,106200.0,2060.T,フィード・ワン,食料品,TOPIX Small 2,38269144.0,45004513344.0,141900755.0,1.1490890964930616,-0.5584034105683042,0.900255088929396,0.36666666666666664,1.502340216809027,,-0.1423095563293829,0.025334115847708564,0.6861286119507864,-0.3281915653220622,0.0,-0.5450933329796461,0.03149846082244707,0.5348837209302325
2026-06-01,3125.0,3190.0,3025.0,3105.0,565500.0,9409.T,テレビ朝日ホールディングス,情報・通信業,TOPIX Small 1,100539334.0,312174632070.0,1067761850.0,1.327336832014558,0.8376481597005614,0.826184213609078,0.31666666666666665,1.1661690235690092,,0.20723011256356355,0.03140620612659015,0.2268881694579953,-0.5719051725267598,0.0,0.24487007967009072,0.03149444166862806,0.625
2026-06-01,1619.0,1619.0,1581.0,1586.0,129300.0,2153.T,Ｅ・Ｊホールディングス,サービス業,TOPIX Small 2,17976172.0,28510208792.0,152980500.7421875,1.536821285358188,-2.054869684499314,0.8412105988617559,0.08333333333333333,0.7256749145810741,,0.6180242595170978,0.018825274406514072,0.32005196403534963,-1.7092353394820152,0.0,1.2799802752654923,0.030836489128945224,0.6153846153846154
2026-06-01,1919.0,1919.0,1855.0,1873.0,240200.0,7283.T,愛三工業,輸送用機器,TOPIX Small 1,57027699.0,106812880227.0,349919930.0,1.3735852157986193,-0.03242995397038795,0.8219980826825055,0.25,0.8983936678932468,,0.29792211887387726,0.027621823824100056,0.20093410032166667,-0.8968566487996898,0.0,0.8741111867214415,0.030749867754946272,0.5483870967741935
2026-06-01,3506.0,3534.0,3450.0,3519.0,282000.0,2607.T,不二製油,食料品,TOPIX Mid400,85982487.0,302572371753.0,1434672425.0,1.1392184133736944,-0.08758188480599605,0.8219447691028153,0.45,1.1666821361498423,,-0.1616657366432399,0.027381941924161397,0.2006035553966619,0.07799778001910071,0.0,0.24366432446685113,0.030432645625770416,0.5116279069767442
2026-06-01,24480.0,25870.0,24030.0,25380.0,150300.0,6777.T,ｓａｎｔｅｃ　Ｈｏｌｄｉｎｇｓ,電気機器,-,11760380.0,298478444400.0,7072000950.0,1.3395370112921887,0.033446422208796234,0.7314121037463976,0.5833333333333334,1.8839334193874402,,0.23115438073258804,0.027908351422309435,-0.3607002110100041,0.7279007325649611,0.0,-1.4417932127268136,0.029721090085127036,0.27586206896551724
2026-06-01,2696.0,2696.0,2651.0,2673.0,70100.0,8052.T,椿本興業,卸売業,TOPIX Small 2,18369199.0,49100868927.0,184942375.0,1.295133890008638,-0.3693647866726013,0.8713599178141456,0.25,1.100509448489487,,0.1440808913227105,0.026156334464080437,0.5069781548853419,-0.8968566487996898,0.0,0.399162484986087,0.02938456435311701,0.4811320754716981
2026-06-01,1305.0,1317.0,1281.0,1307.0,161900.0,7187.T,ジェイリース,その他金融業,TOPIX Small 2,17830576.0,23304562832.0,140448545.0,1.1241081081081081,-0.0014124969310873592,0.7591248242931817,0.5666666666666667,1.186907595451,,-0.19129669427617674,0.027756733453067194,-0.18888096368037022,0.6466628634967284,0.0,0.19613683498162487,0.028145088331739072,0.3888888888888889
2026-06-01,962.0,967.0,952.0,955.0,3309900.0,8524.T,北洋銀行,銀行業,TOPIX Small 1,374117080.0,357281811400.0,2416559660.0,0.9803239840983479,-0.1002834302467247,0.8774362230907079,0.4166666666666667,0.9053886403825963,,-0.47325402153979784,0.027326696880038442,0.5446513309057733,-0.08447795811736433,0.0,0.8576738106160705,0.02766043182941371,0.13953488372093023
2026-06-01,1425.0,1447.0,1411.0,1433.0,70200.0,3843.T,フリービット,情報・通信業,TOPIX Small 2,21822315.0,31271377395.0,126746530.0,1.231347375154201,-0.08984051978735974,0.8356761018233538,0.3333333333333333,0.9941088989911178,,0.01899701737152612,0.027372118049595474,0.28573800651966735,-0.4906673034585272,0.0,0.6491914668849842,0.02759936298468401,0.6193181818181818
2026-06-01,1696.0,1720.0,1682.0,1701.0,224000.0,6750.T,エレコム,電気機器,TOPIX Small 1,80538615.0,136996184115.0,302098030.0,1.060808262496736,0.06286365616551981,0.8547763809951447,0.43333333333333335,1.1137295365602147,,-0.3154262211464088,0.028036300922273688,0.40415999924833984,-0.0032400890491318048,0.0,0.3680968074447465,0.026903346808501753,0.2672413793103448
2026-06-01,746.0,746.0,724.0,729.0,189100.0,4318.T,クイック,サービス業,TOPIX Small 2,56122264.0,40913130456.0,162168760.0,1.4253016186034144,-0.09917668556240788,0.7773483714713333,0.31666666666666665,1.090354912743706,,0.3993367834688297,0.027331510637482626,-0.07589472133219961,-0.5719051725267598,0.0,0.4230244692159007,0.026853576841919233,0.6068376068376068
2026-06-01,1284.0,1309.0,1279.0,1301.0,149100.0,7818.T,トランザクション,その他製品,TOPIX Small 2,56543188.0,73562687588.0,184188215.0,0.8386275958302553,0.05144640766958353,0.9454941860465116,0.4,0.9569580142593082,,-0.751117347509414,0.027986641894570004,0.9666116343019436,-0.16571582718559685,0.0,0.7364917480388893,0.0245068637807827,0.42857142857142855
2026-06-01,3485.0,3485.0,3380.0,3395.0,247900.0,8584.T,ジャックス,その他金融業,TOPIX Small 1,44777278.0,152018858810.0,605588800.0,1.543683247225633,-0.2842701923214209,0.7790633278134403,0.26666666666666666,1.3127770669517576,,0.6314804073446448,0.026526451206290512,-0.06526196849919744,-0.8156187797314572,0.0,-0.09964186127378301,0.024124410914486617,0.3333333333333333
2026-06-01,2200.0,2263.0,2175.0,2181.0,310200.0,7224.T,新明和工業,輸送用機器,TOPIX Small 1,66143345.0,144258635445.0,784954855.0,1.3505694582754133,-0.09002184398811741,0.7994868035190615,0.36666666666666664,1.3476587361392098,,0.2527887529971953,0.027371329384663464,0.0613638608801601,-0.3281915653220622,0.0,-0.1816097484227727,0.02400357055204875,0.5161290322580645
2026-06-01,4470.0,4470.0,4251.0,4300.0,375600.0,7988.T,ニフコ,化学,TOPIX Mid400,93125689.0,400440462700.0,1932616675.0,1.5087123231727375,-0.1721539595410695,0.7851802235047054,0.2833333333333333,1.3445669121500332,,0.5629032376063213,0.027014097867537622,-0.027337131351117233,-0.7343809106632248,0.0,-0.17434431973965986,0.02313755501177457,0.42424242424242425
2026-06-01,2701.0,2745.0,2662.0,2699.0,46300.0,4337.T,ぴあ,サービス業,TOPIX Small 2,15346889.0,41421253411.0,136664130.0,1.0113382831644782,0.06523275775017678,0.7225155224690067,0.7333333333333333,1.4135729062275695,,-0.412435701493232,0.028046605268479973,-0.4158591369013708,1.4590415541790536,0.0,-0.33650042255557766,0.022762110562616965,0.5982905982905983
2026-06-01,2706.0,2716.0,2681.0,2682.0,37500.0,6718.T,アイホン,電気機器,TOPIX Small 2,16366833.0,43895846106.0,111073750.0,1.0431971029487843,-0.0679269464915091,0.8817870791605458,0.38333333333333336,1.0525829116695173,,-0.3499612959354489,0.027467430571152016,0.5716266981887181,-0.24695369625382937,0.0,0.5117843019177815,0.02224803395448409,0.25862068965517243
2026-06-01,3360.0,3360.0,3240.0,3280.0,178900.0,9956.T,バローホールディングス,小売業,TOPIX Small 1,52673616.0,172769460480.0,525019725.0,1.232556196206234,0.034097864085727014,0.8210262828535669,0.38333333333333336,1.2090057925338633,,0.021367487375210673,0.02791118485194227,0.19490892805893587,-0.24695369625382937,0.0,0.14420862836541587,0.021468830648771805,0.6972477064220184
2026-06-01,2556.0,2602.0,2517.0,2602.0,52700.0,5304.T,ＳＥＣカーボン,ガラス・土石製品,-,20047645.0,52163972290.0,172037750.0,1.0202124015073655,-0.31152917325064844,0.860164151131043,0.45,1.1504711937675522,,-0.3950337615571391,0.02640788897217426,0.43756424795688287,0.07799778001910071,0.0,0.2817581636300387,0.021143956629502414,0.42857142857142855
2026-06-01,10.0,11.0,10.0,10.0,238632800.0,8918.T,ランド,不動産業,TOPIX Small 2,1537882893.0,15378828930.0,2324778630.0,1.1119687865822223,0.7700130660675852,0.7692307692307693,0.5333333333333333,1.1029411764705883,,-0.21510162180767642,0.031112029032200332,-0.1262239665154883,0.4841871253602633,0.0,0.3934482055557996,0.02105828758486279,0.7115384615384616
2026-06-01,269.0,271.70001220703125,266.20001220703125,271.70001220703125,5826600.0,8410.T,セブン銀行,銀行業,TOPIX Mid400,1167984779.0,317341478711.9267,1524160306.3542175,1.0342176040241966,-0.0033754875868214906,0.8755144600703771,0.4,1.0636856241438548,,-0.36756988474440144,0.027748195475866308,0.5327363738324783,-0.16571582718559685,0.0,0.48569421206991525,0.021019188975018126,0.11627906976744186
2026-06-01,2335.0,2335.0,2291.0,2313.0,245300.0,8803.T,平和不動産,不動産業,TOPIX Small 1,66395258.0,153572231754.0,510049280.0,0.9210862482237947,0.06680973524829725,0.9189511323003575,0.43333333333333335,1.2591254231194984,,-0.5894178455736916,0.028053464291413133,0.8020443371722706,-0.0032400890491318048,0.0,0.026433294802244572,0.020903423496626983,0.6923076923076923
2026-06-01,2148.0,2212.0,2146.0,2186.0,724600.0,4812.T,電通総研,情報・通信業,TOPIX Small 1,195178725.0,426660692850.0,870084800.0,0.8842089232392566,0.08900287763645065,0.7590277777777777,0.6666666666666666,0.8765646720926897,,-0.6617334232557346,0.028149992791522183,-0.18948265340637627,1.1340900779061236,0.0,0.9254068014679823,0.020091463461989284,0.6136363636363636
2026-06-01,3025.0,3070.0,2860.0,2885.0,59500.0,5885.T,ジーデップ・アドバンス,卸売業,-,5452292.0,15729862420.0,140505688.64990234,0.7914532333380502,-0.014718494061146559,0.7953096939175877,0.6833333333333333,0.9769369905953528,,-0.8436251765571081,0.02769885936191976,0.035465724083124636,1.2153279469743563,0.0,0.6895434650061973,0.019887930814291147,0.4716981132075472
2026-06-01,3980.0,4000.0,3870.0,3895.0,142700.0,4521.T,科研製薬,医薬品,TOPIX Small 1,37868315.0,147497086925.0,552655475.0,0.9814455427586832,-0.24176874896070066,0.8962762858529132,0.43333333333333335,1.2780006286077306,,-0.47105467105923954,0.02671131013741106,0.6614599783274652,-0.0032400890491318048,0.0,-0.017921254432743144,0.019824079356029003,0.6666666666666666
2026-06-01,1579.0,1602.0,1554.0,1590.0,160300.0,6741.T,日本信号,電気機器,TOPIX Small 2,62370947.0,99169805730.0,283190945.0,0.926141984482231,-0.09019443704577457,0.8887646730016769,0.48333333333333334,1.2889843623729929,,-0.5795036642091224,0.02737057869561306,0.6148878756660832,0.24047351815556575,0.0,-0.043731758078865396,0.018828743574230915,0.25
2026-06-01,1690.0,1696.0,1667.5,1686.5,1924000.0,5938.T,ＬＩＸＩＬ,金属製品,TOPIX Mid400,287569357.0,484985720580.5,3576678722.5,1.0682310075056591,-1.0698560897382077,0.891511838862287,0.35,1.0833949665601756,,-0.30087039060469156,0.02310956561802227,0.6319203416653286,-0.40942943439029467,0.0,0.4393795375547712,0.017498423805592765,0.5
2026-06-01,4580.0,4625.0,4470.0,4515.0,117300.0,1815.T,鉄建建設,建設業,TOPIX Small 2,13930927.0,62898135405.0,496562700.0,0.9785278005163404,0.0867890390171302,0.8020657530787852,0.5666666666666667,1.1246331944029424,,-0.47677629582108955,0.02814036375757697,0.07735338350767561,0.6466628634967284,0.0,0.3424744729526401,0.017434846857798236,0.5846153846153846
2026-06-01,799.0,800.0,773.0,775.0,587600.0,7198.T,ＳＢＩアルヒ,その他金融業,TOPIX Small 2,44452310.0,34450540250.0,156634705.0,1.2315395047896776,0.27091943825330533,0.8351669204622978,0.31666666666666665,0.9765672986196829,,0.01937377912377231,0.0289412341774521,0.28258107510027697,-0.5719051725267598,0.0,0.6904121983795558,0.01732980238532532,0.2777777777777778
2026-06-01,1712.0,1712.0,1616.0,1678.0,60700.0,3691.T,デジタルプラス,情報・通信業,-,4359305.0,7314913790.0,143749595.0,1.5782622065807905,0.021119298752588778,0.6793522267206478,0.43333333333333335,1.5053041980233928,,0.699288943415538,0.02785473491694596,-0.6834721623071368,-0.0032400890491318048,0.0,-0.5520583459320153,0.017002556467723102,0.6079545454545454
2026-06-01,575.0,575.0,541.0,561.0,352100.0,6262.T,ＰＥＧＡＳＵＳ,機械,TOPIX Small 2,23941524.0,13431194964.0,153996690.0,1.963986876956417,-0.33118417958840196,0.5430784123910939,0.48333333333333334,1.989571970698674,,1.4556860621361716,0.026322400029318196,-1.5283716794553854,0.24047351815556575,0.0,-1.6900315870411025,0.01639722802157509,0.41346153846153844
2026-06-01,2508.0,2564.0,2487.0,2509.0,134700.0,5121.T,藤倉コンポジット,ゴム製品,TOPIX Small 2,18818462.0,47215521158.0,296064635.0,0.8095976114232317,0.033452192181073315,0.922250161296182,0.4666666666666667,1.0773416051437112,,-0.8080444726025384,0.027908376518654958,0.8224983621758524,0.15923564908733323,0.0,0.45360423657334026,0.016031207605966633,0.5
2026-06-01,3960.0,3965.0,3930.0,3955.0,65600.0,8079.T,正栄食品工業,卸売業,TOPIX Small 1,16573321.0,65547484555.0,192256900.0,0.9394368259235762,-0.03752965096577432,0.9110972722076447,0.38333333333333336,0.9840070796170581,,-0.5534327889646421,0.027599642823619562,0.7533502969215468,-0.24695369625382937,0.0,0.6729295737399811,0.015815197097978385,0.46226415094339623
2026-06-01,1629.5,1630.0,1602.0,1624.0,389200.0,7458.T,第一興商,卸売業,TOPIX Mid400,103376893.0,167884074232.0,471788957.5,0.9084832987225137,0.1232455856671626,0.9052396878483835,0.45,1.2134943692998883,,-0.6141319367954622,0.028298930566446806,0.7170331935870317,0.07799778001910071,0.0,0.13366099224628594,0.015331103775331898,0.4528301886792453
2026-06-01,1788.5,1790.0,1757.5,1776.5,356400.0,7616.T,コロワイド,小売業,TOPIX Mid400,106305791.0,188852237711.5,679083332.5,0.9074590837845828,0.001991330112100398,0.8722014403006151,0.5166666666666667,1.2797323574975075,,-0.6161403984975541,0.02777153831095361,0.5121956058386707,0.4029492562920311,0.0,-0.02199061698093622,0.014689763715841875,0.6880733944954128
2026-06-01,738.0,739.0,726.0999755859375,728.5999755859375,2781100.0,9008.T,京王電鉄,陸運業,TOPIX Mid400,578883605.0,421774580470.0995,1778618673.7924194,1.2120204385778157,-0.15224622393642495,0.8723717754871028,0.3,1.2033069374371523,,-0.01890265631498746,0.027100686049818187,0.5132516863301786,-0.6531430415949923,0.0,0.15760027854520958,0.014608402387755055,0.4444444444444444
2026-06-01,2427.0,2431.5,2389.0,2419.0,866600.0,4613.T,関西ペイント,化学,TOPIX Mid400,176046309.0,425856021471.0,2997120067.5,1.2641165904971545,0.16129051105125702,0.8825731484325108,0.23333333333333334,1.1271092404413041,,0.08325668747250353,0.028464405987631315,0.5765003384518591,-0.9780945178679223,0.0,0.3366560512149228,0.013348965935963315,0.41414141414141414
2026-06-01,1215.0,1215.0,1172.0,1172.0,37600.0,8844.T,コスモスイニシア,不動産業,-,33895440.0,39725455680.0,117016985.0,1.1229887291099883,0.010588861553512574,0.8067268741631649,0.48333333333333334,1.316666778620916,,-0.1934917704897612,0.027808933052093237,0.10625239813449243,0.24047351815556575,0.0,-0.10878223369765729,0.010461686305933488,0.6730769230769231
2026-06-01,1319.0,1334.0,1267.0,1272.0,263200.0,4008.T,住友精化,化学,TOPIX Small 1,64683785.0,82277774520.0,252207170.0,0.9611252197694862,-0.07756886530199647,0.880909677920328,0.4666666666666667,1.331057656398092,,-0.5109023524261934,0.027425493294101676,0.566186798470255,0.15923564908733323,0.0,-0.14259913160112078,0.009123535694072012,0.40404040404040403
2026-06-01,1250.0,1274.0,1181.0,1183.0,110300.0,7885.T,タカノ,その他製品,-,15221580.0,18007129140.0,158809725.0,1.601686963365048,0.4935151758256451,0.689597241766663,0.43333333333333335,1.7930141826761017,,0.7452243473426172,0.02990940859379775,-0.619952928563361,-0.0032400890491318048,0.0,-1.2281435248526997,0.007899663671426777,0.39285714285714285
2026-06-01,3440.0,3450.0,3325.0,3400.0,140100.0,3465.T,ケイアイスター不動産,不動産業,TOPIX Small 1,31045460.0,105554564000.0,553310700.0,1.1309769900708257,-0.047088812807303815,0.8289306157960907,0.4166666666666667,1.2029041430691292,,-0.17782697630254501,0.02755806549587011,0.24391590067046717,-0.08447795811736433,0.0,0.15854679871100047,0.00647159865037009,0.6538461538461539
2026-06-01,1752.0,1770.0,1739.0,1753.0,198100.0,7730.T,マニー,精密機器,TOPIX Small 1,98502602.0,172675061306.0,476090115.0,0.8629545033644052,0.01472081443349249,0.8966751918158568,0.45,1.0207311382680908,,-0.7034128469175923,0.027826904874517028,0.6639332007666897,0.07799778001910071,0.0,0.5866322844966223,0.004921435870265334,0.4827586206896552
2026-06-01,2650.0,2657.0,2546.0,2568.0,162400.0,2590.T,ダイドーグループホールディングス,食料品,TOPIX Small 1,31698877.0,81402716136.0,345310420.0,1.0697090870055284,-0.1474203067743295,0.8708036622583927,0.4166666666666667,1.403056334799537,,-0.297971911039326,0.027121676251978845,0.503529362813447,-0.08447795811736433,0.0,-0.31178769635618636,0.004732235330438643,0.4883720930232558
2026-06-01,2550.0,2573.0,2491.0,2522.0,335900.0,7972.T,イトーキ,その他製品,TOPIX Small 1,49470136.0,124763682992.0,929203340.0,1.6076564212952218,-0.07469797243406606,0.6825439783491204,0.3333333333333333,1.1469466173893086,,0.7569303156808894,0.02743798016854551,-0.663683258451902,-0.4906673034585272,0.0,0.2900405103625682,0.0042573522713276555,0.35714285714285715
2026-06-01,2481.0,2493.0,2335.0,2373.0,104500.0,9270.T,バリュエンスホールディングス,卸売業,-,13173880.0,31261617240.0,206079650.0,0.6034443005870563,0.05247040994957275,0.8502328914367611,0.7333333333333333,1.220618556701031,,-1.2123063264770928,0.02799109576606178,0.3759903016954185,1.4590415541790536,0.0,0.1169199760470043,0.003821484590534229,0.44339622641509435
2026-06-01,914.0,934.0,910.0,927.0,192100.0,6222.T,島精機製作所,機械,TOPIX Small 1,33919616.0,31443484032.0,228858345.0,1.2034096159926069,0.11925642025031391,0.8157105027528628,0.4,1.2885707829562323,,-0.035788279386293316,0.028281579794409182,0.16195101855557553,-0.16571582718559685,0.0,-0.04275989429625805,0.0035181600204916472,0.40384615384615385
2026-06-01,2587.0,2587.0,2503.0,2503.0,142900.0,2733.T,あらた,卸売業,TOPIX Small 1,33476712.0,83792210136.0,273784045.0,1.576827030883702,-0.1353420150023703,0.7926595623779692,0.16666666666666666,1.1523111833872977,,0.6964745972108255,0.027174210470352945,0.0190348722043614,-1.3030459941408528,0.0,0.2774344008910452,0.003133997284591246,0.4339622641509434
2026-06-01,2440.0,2440.0,2353.0,2383.0,79800.0,8075.T,神鋼商事,卸売業,TOPIX Small 2,26422358.0,62964479114.0,140178495.0,1.1133795461019846,-0.07500891689454281,0.8505775421454211,0.36666666666666664,1.07680442599372,,-0.2123351551595443,0.02743662772363879,0.37812714081424953,-0.3281915653220622,0.0,0.4548665454298532,0.002915388777056868,0.42452830188679247
2026-06-01,2084.0,2134.0,2012.0,2077.0,292200.0,6226.T,守谷輸送機工業,機械,-,35280968.0,73278570536.0,813146100.0,1.7523247290952675,-0.12619914460429116,0.6492864374347512,0.31666666666666665,1.309518413949244,,1.0406215068188127,0.02721397714921178,-0.8698804680796853,-0.5719051725267598,0.0,-0.091984403709687,0.002597781311570708,0.3942307692307692
2026-06-01,1275.0,1282.0,1226.0,1254.0,842600.0,8179.T,ロイヤルホールディングス,小売業,TOPIX Small 1,98525544.0,123551032176.0,690023160.0,1.40286057224856,-0.1955869902638634,0.806949806949807,0.25,1.1013116670306373,,0.355330412843487,0.026912176505113163,0.10763458446806722,-0.8968566487996898,0.0,0.3972773642226149,0.0024229351219407502,0.6788990825688074
2026-06-01,1540.5,1545.0,1507.0,1520.5,1720000.0,6592.T,マブチモーター,電気機器,TOPIX Mid400,245633322.0,373485466101.0,2120325625.0,1.345147165662,-0.43003479454435933,0.797325642370215,0.2833333333333333,0.9680262383186853,,0.24215576313514683,0.025892451830470547,0.04796463212793443,-0.7343809106632248,0.0,0.7104827019762338,0.0019719786663192004,0.2413793103448276
2026-06-01,4000.0,4145.0,3960.0,4095.0,660500.0,6103.T,オークマ,機械,TOPIX Small 1,59044475.0,241787125125.0,2692533525.0,1.212937924603703,-0.1538674919165388,0.7875,0.4666666666666667,1.469074198048231,,-0.01710348753023787,0.02709363438657654,-0.012954485276307959,0.15923564908733323,0.0,-0.46692203741957083,0.00044588515094451733,0.38461538461538464
2026-06-01,1301.0,1307.0,1244.0,1246.0,199800.0,3950.T,ザ・パック,パルプ・紙,TOPIX Small 2,55602849.0,69281149854.0,139533560.0,0.7429718640436878,-0.007758901054653045,0.8906361686919227,0.5666666666666667,1.223797554785413,,-0.9386960155837527,0.02772912993210476,0.6264911746036897,0.6466628634967284,0.0,0.10944969832528313,2.842794859938668e-05,0.2
2026-06-01,4540.0,4540.0,4455.0,4510.0,93300.0,8850.T,スターツコーポレーション,不動産業,TOPIX Small 1,47344176.0,213522233760.0,394036475.0,1.2881739860780597,-0.08037793149991568,0.8560670019468729,0.25,1.1713810429124552,,0.13043268138442676,0.027413275333163574,0.41216186684338263,-0.8968566487996898,0.0,0.2326224371887037,-0.0010035129124441721,0.6346153846153846
2026-06-01,891.0,891.0,868.0,870.0,267200.0,9474.T,ゼンリン,情報・通信業,TOPIX Small 2,53386561.0,46446308070.0,218206405.0,1.5429186418962204,0.7857068634072844,0.7565108969675748,0.21666666666666667,0.9858342508071953,,0.6299810340544612,0.031180288798740883,-0.20508734893590466,-1.0593323869361548,0.0,0.6686359328276097,-0.0011952004729231594,0.6022727272727273
2026-06-01,2857.0,2915.0,2796.0,2857.0,474100.0,6258.T,平田機工,機械,TOPIX Small 1,30625673.0,87497547761.0,1629182305.0,1.3859464499800187,-0.049519001713144606,0.7608521970705726,0.4166666666666667,1.6151413708271727,,0.3221622119680948,0.027547495451936733,-0.17817122877837982,-0.08447795811736433,0.0,-0.810162995017528,-0.0013866623691491317,0.375
2026-06-01,1092.0,1098.0,1061.0,1080.0,121100.0,332A.T,ミーク,情報・通信業,-,11480200.0,12398616000.0,388941320.0,1.6782746734397678,0.8082014255299454,0.6118980169971672,0.45,1.4926489553778697,,0.8954110677655428,0.03127812831620685,-1.1016891873854868,0.07799778001910071,0.0,-0.5223199897932423,-0.0030818709434569797,0.5965909090909091
2026-06-01,26500.0,27520.0,26070.0,27400.0,157400.0,6834.T,精工技研,電気機器,-,8939271.0,244936025400.0,9689816400.0,1.1712428171938976,0.2626497468905331,0.7182175622542595,0.6166666666666667,1.5402148418829478,,-0.09886662463736622,0.028905265368274397,-0.44250654915755516,0.8903764707014262,0.0,-0.6340943202083822,-0.004139895053989186,0.23275862068965517
2026-06-01,3790.0,3990.0,3750.0,3765.0,100400.0,5532.T,リアルゲイト,不動産業,-,5786730.0,21787038450.0,213399025.0,0.7356235917260233,-0.01212383632820957,0.857630979498861,0.6166666666666667,1.1980464974309406,,-0.9531058069078162,0.02771014475877237,0.4218585491077381,0.8903764707014262,0.0,0.16996170398233576,-0.004922649911382616,0.6153846153846154
2026-06-01,2140.0,2141.0,2100.0,2119.0,77200.0,7388.T,ＦＰパートナー,保険業,TOPIX Small 2,22933853.0,48596834507.0,168983759.98413086,0.8124383905367865,-0.12841231363974837,0.8440822891343015,0.5333333333333333,0.8564251621582345,,-0.8024737707484879,0.0272043510276043,0.337856483095817,0.4841871253602633,0.0,0.9727323198848936,-0.004981373512773335,1.0
2026-06-01,643.0,656.0,620.0,620.0,222000.0,6986.T,双葉電子工業,電気機器,TOPIX Small 2,42415125.0,26297377500.0,255742605.0,1.4039172987218669,0.5421879507960239,0.748792270531401,0.4,1.5123923104341845,,0.35740262891125024,0.03012110957249935,-0.2529429386620422,-0.16571582718559685,0.0,-0.5687145900774684,-0.007000756693183993,0.22413793103448276
2026-06-01,5430.0,5438.0,5311.0,5368.0,299400.0,2206.T,江崎グリコ,食料品,TOPIX Mid400,62602263.0,336048947784.0,1385807150.0,1.288660277090001,-0.31589778017776093,0.8534181240063593,0.21666666666666667,0.9871408034857007,,0.13138628676293165,0.02638888782907948,0.3957387872962563,-1.0593323869361548,0.0,0.6655656851874979,-0.007030022673794288,0.46511627906976744
2026-06-01,1211.0,1239.0,1190.0,1218.0,535300.0,8715.T,アニコム　ホールディングス,保険業,TOPIX Small 1,73638428.0,89691605304.0,785057860.0,1.09461368016019,-0.061596180509809084,0.712280701754386,0.65,1.3870357099928377,,-0.24913458236457187,0.027494966074419955,-0.47931516565073723,1.0528522088378913,0.0,-0.27414108147789895,-0.007052159950896676,0.6666666666666666
2026-06-01,3785.0,4080.0,3780.0,3865.0,200800.0,5821.T,平河ヒューテック,非鉄金属,TOPIX Small 2,15545574.0,60083643510.0,518447075.0,1.1887351778656126,-0.2591184269775354,0.8257352312833242,0.38333333333333336,1.3182214912651529,,-0.06456451168508197,0.02663584816059637,0.2241044728828033,-0.24695369625382937,0.0,-0.1124356285477452,-0.007326107170022401,0.6153846153846154
2026-06-01,3195.0,3245.0,3165.0,3220.0,46800.0,6677.T,エスケーエレクトロニクス,電気機器,-,10396907.0,33478040540.0,185380825.0,1.0112596440302497,-0.07782255400673843,0.8773841961852861,0.38333333333333336,1.124831004957188,,-0.41258991100876846,0.027424389881626998,0.5443287633788726,-0.24695369625382937,0.0,0.34200964103475967,-0.007368199992347255,0.21551724137931033
2026-06-01,880.0,880.0,863.0,867.0,460700.0,7630.T,壱番屋,小売業,TOPIX Small 1,159605320.0,138377812440.0,363272425.0,1.127433696238592,0.11854556126714222,0.8659540791625367,0.35,1.2853057739681644,,-0.18477529320141545,0.02827848793160605,0.4734618811316756,-0.40942943439029467,0.0,-0.035087500901429945,-0.007600615294732917,0.6697247706422018
2026-06-01,1023.0,1023.0,971.0,994.0,204400.0,4620.T,藤倉化成,化学,TOPIX Small 2,29031574.0,28857384556.0,248951710.0,1.0238785289114105,-0.11253588003326453,0.7541729893778453,0.5833333333333334,1.1246171433830185,,-0.3878445708772119,0.027273405165874186,-0.21958240804478668,0.7279007325649611,0.0,0.34251219099252733,-0.007748553602421233,0.3939393939393939
2026-06-01,1791.0,1821.0,1774.0,1818.0,116800.0,7979.T,松風,精密機器,TOPIX Small 2,35589321.0,64701385578.0,224726195.0,1.016310872174957,-0.1193114211982137,0.8599439757272715,0.43333333333333335,1.2795246604065853,,-0.40268456995050417,0.027243935124424405,0.4361991574349093,-0.0032400890491318048,0.0,-0.021502552845633727,-0.008181468219189534,0.4482758620689655
2026-06-01,1220.0,1231.5,1199.0,1210.0,577800.0,9533.T,東邦瓦斯,電気・ガス業,TOPIX Mid400,361810025.0,437790130250.0,1068234695.0,1.0513673800232988,-0.16733101162254016,0.8566043952211717,0.38333333333333336,1.0832641299388701,,-0.3339395723773114,0.027035075155050013,0.4154937125116616,-0.24695369625382937,0.0,0.43968698847842097,-0.008686086817386376,0.6875
2026-06-01,4530.0,4625.0,4495.0,4570.0,37800.0,3817.T,ＳＲＡホールディングス,情報・通信業,TOPIX Small 2,12633889.0,57736872730.0,156881975.0,1.1745831300404672,-0.13178097513854292,0.7970314782454663,0.38333333333333336,0.972036830930528,,-0.09231634873639688,0.02718969912134575,0.04614081052152174,-0.24695369625382937,0.0,0.7010582733217029,-0.009043641071447693,0.5909090909090909
2026-06-01,1477.0,1478.0,1439.0,1446.0,188400.0,6349.T,小森コーポレーション,機械,TOPIX Small 1,53062716.0,76728687336.0,266182075.0,1.2464956220968129,-0.1326009898708339,0.8130996161029203,0.31666666666666665,1.0270599189469396,,0.04870237775177385,0.027186132488428657,0.14576348553084761,-0.5719051725267598,0.0,0.5717603820745562,-0.009072932109066012,0.36538461538461536
2026-06-01,562.0,570.0,554.0,566.0,264600.0,3968.T,セグエグループ,情報・通信業,-,36346977.0,20572388982.0,271062900.0,1.1013405723989051,-0.5712258380229998,0.7067371465701275,0.65,1.369356401154859,,-0.23594330294147112,0.0252783450303853,-0.5136852837949157,1.0528522088378913,0.0,-0.23259675101836735,-0.00910530246198926,0.5852272727272727
2026-06-01,1142.0,1152.0,1095.0,1096.0,107900.0,9310.T,日本トランスシティ,倉庫・運輸関連業,TOPIX Small 2,61864140.0,67803097440.0,109554515.0,1.454636552840515,-0.7512782638336553,0.7732315187096553,0.2833333333333333,1.264528632740253,,0.45686190809514454,0.02449521165068975,-0.10141926489638296,-0.7343809106632248,0.0,0.013736377287882502,-0.009414890777907615,0.42857142857142855
2026-06-01,3565.0,3565.0,3450.0,3450.0,50600.0,1762.T,高松コンストラクショングループ,建設業,TOPIX Small 2,34818467.0,120123711150.0,263115650.0,1.2028093863995208,0.011279891713039447,0.7992320971651755,0.38333333333333336,1.121261027350077,,-0.03696531567577671,0.027811938669939626,0.05978467799405941,-0.24695369625382937,0.0,0.35039867540268366,-0.009854529320587606,0.5692307692307692
2026-06-01,3015.0,3030.0,2871.0,2915.0,671700.0,1419.T,タマホーム,建設業,TOPIX Small 1,28988158.0,84500480570.0,614874724.9169922,1.1220248888447304,-0.09355035236777975,0.7317257701962039,0.55,1.1087799353799577,,-0.19538183886116722,0.027355982228521536,-0.35875547472085906,0.5654249944284961,0.0,0.3797277976016554,-0.009957420057976039,0.5538461538461539
2026-06-01,1297.0,1297.0,1270.0,1281.0,205300.0,5949.T,ユニプレス,輸送用機器,TOPIX Small 1,44585433.0,57113939673.0,233316390.0,1.1399127897857388,0.6540506506226389,0.8707147756254551,0.2833333333333333,1.0093553562188529,,-0.16030408062868817,0.030607653498706765,0.502978264470604,-0.7343809106632248,0.0,0.6133640562542325,-0.011317387675146631,0.4838709677419355
2026-06-01,762.0,762.0,731.0,733.0,619600.0,4996.T,クミアイ化学工業,化学,TOPIX Small 1,120422372.0,88269598676.0,344030715.0,0.7161654209633878,0.9597449974716463,0.8703502023215269,0.5666666666666667,1.027043360984573,,-0.991262827785166,0.03193726317168857,0.5007179049879735,0.6466628634967284,0.0,0.5717992913705358,-0.014098416062738595,0.3838383838383838
2026-06-01,3795.0,3795.0,3660.0,3710.0,205000.0,2782.T,セリア,小売業,-,62671538.0,232511405980.0,1194760750.0,1.1754547682111478,-0.26383992728434036,0.8449667784205216,0.31666666666666665,1.1091123759921029,,-0.09060708653072132,0.02661531211685325,0.34334032879667137,-0.5719051725267598,0.0,0.37894660062298957,-0.014168323691997223,0.6605504587155964
2026-06-01,1860.0,1886.0,1803.0,1819.0,146200.0,3093.T,トレジャー・ファクトリー,小売業,TOPIX Small 2,23441209.0,42639559171.0,194295825.0,0.7916603807742207,0.022209603656415,0.8627608307184697,0.55,1.1542657445186448,,-0.843218965246545,0.027859477169989134,0.4536636969992338,0.5654249944284961,0.0,0.27284140835450404,-0.014651313037292576,0.6513761467889908
2026-06-01,1036.5,1072.0,1020.5,1039.0,3537000.0,3923.T,ラクス,情報・通信業,TOPIX Mid400,354109341.0,367919605299.0,3228418444.5162964,1.0618599087153155,0.27613331546975983,0.75177756755061,0.5666666666666667,1.2181288793283054,,-0.31336396734015803,0.02896391180185764,-0.23443405621472085,0.6466628634967284,0.0,0.12277042984347512,-0.014848874110836251,0.5795454545454546
2026-06-01,1600.0,1647.0,1581.0,1584.0,146000.0,4658.T,日本空調サービス,サービス業,TOPIX Small 2,34660252.0,54901839168.0,178595735.0,0.5480626949024724,-0.044469561624190246,0.9317237658581962,0.6166666666666667,1.283428191755366,,-1.3209083687813814,0.027569457861299614,0.8812348403428346,0.8903764707014262,0.0,-0.030675399917828933,-0.015065059052131017,0.5897435897435898
2026-06-01,452.0,453.0,427.0,431.0,359100.0,3694.T,オプティム,情報・通信業,TOPIX Small 2,54498640.0,23488913840.0,131568410.0,1.4656499503732965,-0.033559438814906306,0.6661514683153014,0.4666666666666667,1.3762057877813503,,0.478458924829927,0.027616911158915902,-0.7653170454018124,0.15923564908733323,0.0,-0.24869201718877193,-0.0150937035794904,0.5738636363636364
2026-06-01,2761.0,2853.0,2748.0,2797.0,227400.0,7552.T,ハピネット,卸売業,TOPIX Small 1,43312589.0,121145311433.0,719612585.0,1.1949578902751414,-0.25891997053434823,0.7957244829722661,0.36666666666666664,0.9936877660421332,,-0.052361917195569145,0.026636711341774713,0.03803742190886132,-0.3281915653220622,0.0,0.6501810805944539,-0.015543497850262968,0.41509433962264153
2026-06-01,884.0,884.0,870.0,882.0,297100.0,8103.T,明和産業,卸売業,TOPIX Small 2,39097687.0,34484159934.0,449795815.0,0.9545071674440899,-3.4804806820851937,0.8926512854840506,0.4166666666666667,1.2956817235899174,,-0.5238801993074865,0.012624616161317046,0.6389849263420009,-0.08447795811736433,0.0,-0.05946978212452568,-0.01566209334197311,0.4056603773584906
2026-06-01,1776.0,1777.0,1729.5,1752.0,414300.0,3048.T,ビックカメラ,小売業,TOPIX Mid400,171252728.0,300034779456.0,853608755.0,0.8410671154144009,0.31978357477171726,0.9289501590668081,0.4,1.1395350856849031,,-0.7463335062717938,0.029153767478268672,0.8640384402102623,-0.16571582718559685,0.0,0.30745675243180953,-0.01597178311257785,0.6422018348623854
2026-06-01,1075.0,1075.0,1061.0,1070.0,309800.0,9757.T,船井総研ホールディングス,サービス業,TOPIX Small 1,91173882.0,97556053740.0,440523195.0,1.0570828469386426,-0.12462574850299402,0.8226120557933481,0.4166666666666667,1.0229409340107165,,-0.3227316745192377,0.02722082059495188,0.20474074202642137,-0.08447795811736433,0.0,0.5814395201515313,-0.01652928278581525,0.5811965811965812
2026-06-01,5270.0,5340.0,5210.0,5240.0,60100.0,6277.T,ホソカワミクロン,機械,TOPIX Small 1,14664955.0,76844364200.0,318093000.0,1.4236561850148088,-0.048615428762733726,0.76227019518315,0.3,1.1951771472409587,,0.3961101264228715,0.02755142551916727,-0.16937962103973947,-0.6531430415949923,0.0,0.17670434497521503,-0.017096775212926282,0.3557692307692308
2026-06-01,3180.0,3183.0,3137.0,3163.0,325700.0,9861.T,吉野家ホールディングス,小売業,TOPIX Mid400,64726665.0,204730441395.0,1018955825.0,0.7021870304562475,0.2749000135247406,0.9047482837528604,0.5166666666666667,1.0505690915454493,,-1.018674126869708,0.028958547586873926,0.713986481457671,0.4029492562920311,0.0,0.5165165462315756,-0.018363382773790866,0.6330275229357798
2026-06-01,1120.0,1127.0,1096.0,1100.0,135000.0,6118.T,アイダエンジニアリング,機械,TOPIX Small 1,54341230.0,59775353000.0,238771225.0,1.0911367785616646,0.09501022408668347,0.8076358296622613,0.48333333333333334,1.4586114834337207,,-0.25595270563534617,0.02817612158988406,0.11188793469061023,0.24047351815556575,0.0,-0.44233586850129103,-0.020612324774973167,0.34615384615384615
2026-06-01,3690.0,3695.0,3600.0,3635.0,34500.0,7769.T,リズム,精密機器,-,7961648.0,28940590480.0,191422650.0,1.3250801639810044,-0.3518714956811638,0.8715582313566292,0.2,1.3453313513390532,,0.20280483896924906,0.02623242108182214,0.5082077015676063,-1.1405702560043873,0.0,-0.17614066339629883,-0.020991716244183983,0.41379310344827586
2026-06-01,2561.0,2596.0,2530.0,2569.0,58700.0,7942.T,ＪＳＰ,化学,TOPIX Small 2,26207151.0,67326170919.0,162105835.0,0.7873854292685927,-0.2776491708791987,0.8941866382759733,0.48333333333333334,1.121280541077547,,-0.8516020458474789,0.026555249168193767,0.6485041347015075,0.24047351815556575,0.0,0.3503528204006615,-0.022972203486151855,0.37373737373737376
2026-06-01,2212.0,2219.0,2125.0,2149.0,325600.0,7226.T,極東開発工業,輸送用機器,TOPIX Small 1,38507221.0,82752017929.0,922411970.0,2.1506680897631627,-0.34117785578147186,0.619595702677675,0.016666666666666666,1.0075577470583348,,1.8217635840867052,0.026278932792609642,-1.0539634306315746,-2.0341868157549454,0.0,0.6175882298170143,-0.023030667778877356,0.45161290322580644
2026-06-01,1599.0,1610.5,1574.0,1594.5,966500.0,4912.T,ライオン,化学,TOPIX Mid400,276666621.0,441144927184.5,2326190042.5,1.2989889852488425,-1.4227630232182298,0.8458885941644563,0.21666666666666667,1.0867635352244926,,0.15164064353986767,0.02157460601783984,0.34905559904709954,-1.0593323869361548,0.0,0.4314637909015209,-0.02421173629650039,0.36363636363636365
2026-06-01,563.0,565.0,549.0,554.0,303300.0,2170.T,リンクアンドモチベーション,サービス業,TOPIX Small 2,106584367.0,59047739318.0,258681385.0,0.8905847417609757,0.09731913089490485,0.8536209553158706,0.48333333333333334,1.138197665836982,,-0.6492305912366739,0.0281861641204636,0.39699634419602997,0.24047351815556575,0.0,0.3105995343490425,-0.024260833499059588,0.5726495726495726
2026-06-01,3825.0,3825.0,3750.0,3785.0,126600.0,8098.T,稲畑産業,卸売業,TOPIX Small 1,53381913.0,202050540705.0,393997000.0,1.0517220417875193,-0.10044273750466737,0.8761798650257259,0.31666666666666665,1.0127632019023023,,-0.3332440888960098,0.027326003977231048,0.5368618936782985,-0.5719051725267598,0.0,0.6053560131499582,-0.024625117715551037,0.39622641509433965
2026-06-01,2076.0,2077.0,2006.0,2006.0,444000.0,7172.T,ジャパンインベストメントアドバイザー,証券、商品先物取引業,TOPIX Small 1,60545110.0,121453490660.0,870525535.0,0.8864710184774891,-0.047915679015201995,0.8036858974358975,0.55,1.0152458438603151,,-0.6572975070391117,0.027554469062636668,0.08739830073384375,0.5654249944284961,0.0,0.5995220917641392,-0.02516624559486863,0.5789473684210527
2026-06-01,1431.0,1482.0,1430.0,1482.0,106600.0,4371.T,コアコンセプト・テクノロジー,情報・通信業,-,15964612.0,23659554984.0,103139460.0,0.6201942588133438,-0.427425056561086,1.0,0.43333333333333335,1.250671996888516,,-1.1794600474752421,0.025903802818482837,1.3045484280846893,-0.0032400890491318048,0.0,0.04629786847272488,-0.025650495480985466,0.5681818181818182
2026-06-01,2111.0,2153.0,2098.5,2144.0,251500.0,7476.T,アズワン,卸売業,TOPIX Mid400,71267610.0,152797755840.0,552095185.0,1.233529172241289,0.08067283431454997,0.8284621665245778,0.2833333333333333,1.0823519943573623,,0.02327547077897711,0.02811376148305567,0.24101150876467853,-0.7343809106632248,0.0,0.44183040157049014,-0.027016006702515305,0.3867924528301887
2026-06-01,2899.0,2926.0,2875.0,2898.0,226100.0,3252.T,地主,不動産業,TOPIX Small 2,20679542.0,59929312716.0,470831045.0,1.2494786146534924,-0.1476080048097569,0.7875,0.3333333333333333,1.0294293799602456,,0.054551956864357584,0.02712085986421742,-0.012954485276307959,-0.4906673034585272,0.0,0.5661924228149555,-0.027463167251149143,0.5961538461538461
2026-06-01,1328.0,1338.0,1308.5,1308.5,1287700.0,1332.T,ニッスイ,水産・農林業,TOPIX Mid400,303271829.0,396831188246.5,2375181642.5,1.234669296070793,-0.04237146456655305,0.8444178635929136,0.2833333333333333,1.2590105474635673,,0.025511227125030057,0.027578583480309067,0.3399370493399157,-0.7343809106632248,0.0,0.026703239303779762,-0.027562112114976802,0.6
2026-06-01,3420.0,3430.0,3225.0,3240.0,267700.0,1952.T,新日本空調,建設業,TOPIX Small 1,45448458.0,147253003920.0,828147100.0,1.4169615679675318,-0.07334079965578988,0.7514574729163477,0.31666666666666665,1.276164607421977,,0.3829821379004699,0.027443883156521916,-0.23641864733562348,-0.5719051725267598,0.0,-0.013606817054524527,-0.031143340934616934,0.5384615384615384
2026-06-01,779.0,779.0,758.0,762.0,115700.0,7727.T,オーバル,精密機器,-,20360479.0,15514684998.0,112685305.0,0.9422295330616692,-0.021362114156625922,0.843672993838392,0.4666666666666667,1.2040032565910492,,-0.547956355137822,0.027669963107757333,0.3353188466497666,0.15923564908733323,0.0,0.15596400909033978,-0.03132428085994587,0.3793103448275862
2026-06-01,1051.0,1052.0,1050.0,1051.0,79600.0,7940.T,ウェーブロックホールディングス,化学,-,8445125.0,8875826375.0,140735195.0,1.5599338100813827,0.02264010426363816,0.7443342776203966,0.1,0.45302013422818793,,0.6633473836251806,0.027861349621270914,-0.2805825558290582,-1.6279974704137827,0.0,1.920687465810071,-0.03147957512576259,0.35353535353535354
2026-06-01,5160.0,5160.0,4990.0,4995.0,30600.0,2325.T,ＮＪＳ,サービス業,TOPIX Small 2,9523112.0,47567944440.0,160243775.0,1.009268634628865,0.01942735332590484,0.7480197306734254,0.6,1.3103400045752753,,-0.4164942341963065,0.02784737584397433,-0.2577326963729611,0.8091386016331934,0.0,-0.09391504663148366,-0.03203321594927043,0.5641025641025641
2026-06-01,2898.0,2898.0,2861.0,2876.0,250100.0,8130.T,サンゲツ,卸売業,TOPIX Small 1,58791702.0,169084934952.0,627803100.0,1.4627440197965356,-0.26048833022567996,0.8749037610440519,0.016666666666666666,0.9194437899979973,,0.4727604624699135,0.02662988980176979,0.5289500314966182,-2.0341868157549454,0.0,0.8246458350525679,-0.033258136243368965,0.37735849056603776
2026-06-01,692.0,695.0,682.0,684.0,141700.0,6099.T,エラン,サービス業,TOPIX Small 2,60483466.0,41370690744.0,109292465.0,1.0904612786319974,-0.08668614700798416,0.7969323966863476,0.43333333333333335,1.1425200153056045,,-0.2572773453064325,0.027385837912598764,0.04552650349658452,-0.0032400890491318048,0.0,0.3004425131480616,-0.03383146384910821,0.5555555555555556
2026-06-01,1760.0,1760.0,1700.0,1722.0,77900.0,8131.T,ミツウロコグループホールディングス,卸売業,TOPIX Small 2,54644841.0,94098416202.0,144165875.0,1.6368653038558985,-0.06256693895167609,0.6885245901639344,0.25,1.14031955655342,,0.8142082558977547,0.0274907437856281,-0.6266033832062613,-0.8968566487996898,0.0,0.30561333664580703,-0.03414375720806969,0.36792452830188677
2026-06-01,2878.5,2878.5,2827.5,2861.5,428700.0,7240.T,ＮＯＫ,輸送用機器,TOPIX Mid400,158845095.0,454535239342.5,1056909302.5,1.1236857890370748,-0.04224540676291655,0.8721490278327291,0.2833333333333333,1.1520065039720837,,-0.1921248521645464,0.027579131765472987,0.511870647819206,-0.7343809106632248,0.0,0.2781503622686005,-0.035011919021980836,0.41935483870967744
2026-06-01,3600.0,3605.0,3475.0,3475.0,46200.0,6517.T,デンヨー,電気機器,TOPIX Small 2,20217314.0,70255166150.0,135803300.0,1.070040515296344,-0.003043926196497182,0.86875,0.3333333333333333,1.2064448740814877,,-0.2973219878596879,0.02774963759357737,0.4907966286558383,-0.4906673034585272,0.0,0.15022649045722195,-0.03532253283127795,0.20689655172413793
2026-06-01,1395.0,1440.0,1383.0,1433.0,346600.0,6058.T,ベクトル,サービス業,TOPIX Small 2,46904439.0,67214061087.0,342181710.0,0.7981128495718496,-0.4562583320989483,0.9069608061386095,0.4,0.8964982200766639,,-0.8305658238169124,0.025778393230592004,0.7277041505828514,-0.16571582718559685,0.0,0.8785652698070742,-0.0365851381174956,0.5470085470085471
2026-06-01,2363.0,2363.0,2261.0,2266.0,231900.0,8934.T,サンフロンティア不動産,不動産業,TOPIX Small 1,57184719.0,129580573254.0,456269590.0,1.0687457937769378,-0.09884543324276862,0.7854419410745234,0.48333333333333334,1.2654555361592452,,-0.2998609066845344,0.02733295141089872,-0.025714478830115215,0.24047351815556575,0.0,0.011558261486208051,-0.036625943786786706,0.5769230769230769
2026-06-01,1759.0,1762.0,1727.5,1735.0,304000.0,4045.T,東亞合成,化学,TOPIX Mid400,106215697.0,184284234295.0,504048302.5,0.9380122786152808,-0.06419600161318195,0.9024707412223667,0.31666666666666665,0.9183929673806625,,-0.5562262931458151,0.02748365821962088,0.6998656865436518,-0.5719051725267598,0.0,0.827115146634202,-0.03664253997012205,0.3434343434343434
2026-06-01,3920.0,3920.0,3850.0,3875.0,84700.0,5192.T,三ツ星ベルト,ゴム製品,TOPIX Small 1,27911606.0,108157473250.0,264536400.0,0.9718979470863628,-0.06850563286945,0.9238944234687885,0.3,1.195064416836355,,-0.48977728439434215,0.02746491358968453,0.8326928101887386,-0.6531430415949923,0.0,0.17696924838431416,-0.03816252448344978,0.3333333333333333
2026-06-01,2113.0,2113.0,2062.0,2087.0,75300.0,5889.T,Ｊａｐａｎ　Ｅｙｅｗｅａｒ　Ｈｏｌｄｉｎｇｓ,小売業,TOPIX Small 2,24200180.0,50505775660.0,178160130.0,0.5772842319143563,-0.3683211824627983,0.8328365828863045,0.6833333333333333,0.9718503727478041,,-1.2636056134796454,0.0261608735936601,0.2681329501803438,1.2153279469743563,0.0,0.7014964284798574,-0.0383605814652813,0.6238532110091743
2026-06-01,2185.0,2230.0,2174.0,2219.0,99400.0,6287.T,サトー,機械,TOPIX Small 1,32464609.0,72038967371.0,177109315.0,1.081830515204659,-0.08250747305359518,0.8796019509734043,0.25,0.8912929316632475,,-0.27420207190595436,0.027404012947130026,0.5580788734704777,-0.8968566487996898,0.0,0.8907970953815894,-0.040072382596484546,0.33653846153846156
2026-06-01,1550.0,1554.0,1534.0,1535.0,131200.0,6809.T,ＴＯＡ,電気機器,TOPIX Small 2,34695901.0,53258208035.0,335309285.0,1.0487175130238013,0.020416518525701033,0.8185521383877046,0.4,1.0473621000103486,,-0.3391359000103375,0.027851678192484804,0.17956919845023164,-0.16571582718559685,0.0,0.5240526053239388,-0.04056195957605943,0.19827586206896552
2026-06-01,2557.0,2610.0,2473.0,2483.0,148400.0,277A.T,グロービング,サービス業,-,28432500.0,70597897500.0,503856844.00878906,0.9995521285996151,13.776543209876543,0.7303899944859086,0.5666666666666667,1.0812746858437983,,-0.4355480768177785,0.08768359625087586,-0.36703730243808697,0.6466628634967284,0.0,0.44436195194412387,-0.04115605350762762,0.5384615384615384
2026-06-01,3905.0,3905.0,3790.0,3810.0,294900.0,4023.T,クレハ,化学,TOPIX Small 1,38219074.0,145614671940.0,2016522775.0,1.4885174914775516,-0.07423580786026196,0.7962215883145568,0.18333333333333332,1.3148549907930556,,0.5233016417519225,0.02743999034143282,0.04111948184634545,-1.2218081250726198,0.0,-0.10452474190694318,-0.04258815146363219,0.3333333333333333
2026-06-01,1723.0,1767.0,1641.0,1670.0,261300.0,7157.T,ライフネット生命保険,保険業,TOPIX Small 1,80340321.0,134168336070.0,722408440.0,1.4604970394056924,-0.41374169685990336,0.6347396427213987,0.48333333333333334,1.3591533438414771,,0.46835418611792284,0.025963318238395292,-0.9600707947380679,0.24047351815556575,0.0,-0.20862074671812603,-0.042794792471105486,0.3333333333333333
2026-06-01,2393.0,2451.0,2371.0,2451.0,388400.0,7947.T,エフピコ,化学,TOPIX Small 1,80876774.0,198228973074.0,658749720.0,1.1731938268375621,-0.2322912987673038,0.8550511723563999,0.25,1.0352450992542344,,-0.0950407400455745,0.02675253206245558,0.40586370945549344,-0.8968566487996898,0.0,0.5525261552915152,-0.04280149966005876,0.32323232323232326
2026-06-01,2801.0,2828.0,2697.0,2748.0,256500.0,6794.T,フォスター電機,電気機器,TOPIX Small 2,22467807.0,61741533636.0,672923455.0,1.1733052076023514,-0.016147460870283403,0.7851428571428571,0.38333333333333336,1.1332286173974602,,-0.09482232495305415,0.02769264410765882,-0.027568803306866785,-0.24695369625382937,0.0,0.32227622331538064,-0.04322542414502756,0.1896551724137931
2026-06-01,3125.0,3125.0,3045.0,3070.0,38800.0,7931.T,未来工業,化学,TOPIX Small 2,16161781.0,49616667670.0,145064900.0,1.3122352124088434,-0.22094175960346962,0.7922654520720077,0.2833333333333333,1.1712540662651636,,0.17761618730787862,0.02680189659016657,0.016591382904173894,-0.7343809106632248,0.0,0.23292081761997893,-0.044088298163138695,0.31313131313131315
2026-06-01,615.0,640.0,611.0,629.7999877929688,3901200.0,6753.T,シャープ,電気機器,TOPIX Mid400,649306663.0,408933328431.2933,3049537082.1429443,1.4278977901361043,0.31751154228108613,0.6932305864534604,0.4,1.3455062466079473,,0.40442781553872253,0.02914388533158192,-0.5974261416923013,-0.16571582718559685,0.0,-0.1765516470446603,-0.044777259550956704,0.1810344827586207
2026-06-01,1549.0,1566.0,1492.0,1498.0,62800.0,5290.T,ベルテクスコーポレーション,ガラス・土石製品,-,49340560.0,73912158880.0,134030645.0,1.1865176862769307,0.0034668284519945303,0.7072710103871577,0.55,1.4226445847323108,,-0.06891296118102122,0.0277779559529068,-0.5103753208100911,0.5654249944284961,0.0,-0.357817817544119,-0.04543595718197836,0.38095238095238093
2026-06-01,3485.0,3565.0,3355.0,3375.0,83500.0,5842.T,インテグラル,証券、商品先物取引業,-,34054206.0,114932945250.0,326992400.0,1.0788695553281018,-0.11132672862833215,0.7724619855396984,0.4666666666666667,1.1517497490613204,,-0.28000844544460884,0.027278664338707015,-0.1061903811003653,0.15923564908733323,0.0,0.27875370660505683,-0.0465974888031957,0.5263157894736842
2026-06-01,1330.0,1346.0,1309.0,1333.0,1184900.0,7389.T,あいちフィナンシャルグループ,銀行業,TOPIX Small 1,243726290.0,324887144570.0,1185651255.0,1.0685196308633211,0.07606488890892571,0.7795321637426901,0.48333333333333334,1.2898888051783421,,-0.30030440690466426,0.028093719343424882,-0.06235517931013939,0.24047351815556575,0.0,-0.04585709403693516,-0.046745534730849615,0.09302325581395349
2026-06-01,1749.0,1760.0,1717.5,1732.0,485600.0,4887.T,サワイグループホールディングス,医薬品,TOPIX Mid400,115485634.0,200021118088.0,1142209067.5,1.5196136526466404,-0.14448061240455035,0.7164335023362642,0.26666666666666666,1.1578369100395003,,0.584280491480839,0.02713446237677951,-0.45356774510846953,-0.8156187797314572,0.0,0.2644495825267096,-0.04698014839067237,0.6388888888888888
2026-06-01,2140.5,2150.0,2023.0,2041.5,953900.0,8020.T,兼松,卸売業,TOPIX Mid400,166410767.0,339727580830.5,1549070067.5,0.9598847670825212,-0.04671449438259567,0.8395394495578525,0.43333333333333335,1.170936414198308,,-0.5133348513312177,0.027559693584198852,0.30969081543980215,-0.0032400890491318048,0.0,0.23366726322809286,-0.04830827654475941,0.3584905660377358
2026-06-01,1550.0,1554.0,1506.0,1529.0,185400.0,4220.T,リケンテクノス,化学,TOPIX Small 2,47581114.0,72751523306.0,197398970.0,1.151590973468039,-0.08844103300941508,0.830524268366666,0.31666666666666665,1.149319260845747,,-0.13740343369682345,0.027378205081221494,0.25379656845690585,-0.5719051725267598,0.0,0.2844650727297817,-0.0483095157050442,0.30303030303030304
2026-06-01,2330.0,2340.0,2298.0,2323.0,224700.0,4633.T,サカタインクス,化学,TOPIX Small 1,48732112.0,113204696176.0,549903010.0,0.960224131188219,-0.15299094779207156,0.8478102189781022,0.38333333333333336,0.950577128921116,,-0.5126693662029342,0.027097446892626127,0.3609696992370536,-0.24695369625382937,0.0,0.7514860903824524,-0.04866778989911809,0.29292929292929293
2026-06-01,2831.0,2837.0,2792.0,2795.0,97600.0,7504.T,高速,卸売業,TOPIX Small 2,19553496.0,54652021320.0,208686060.0,1.4694353394383808,-0.6252729740895946,0.8227389715929343,0.1,1.0450922705702912,,0.4858819848568578,0.025043268406784527,0.20552762172386327,-1.6279974704137827,0.0,0.5293864419127281,-0.048893460805747746,0.3490566037735849
2026-06-01,2543.0,2543.0,2438.0,2464.0,200100.0,3395.T,サンマルクホールディングス,小売業,TOPIX Small 1,21437599.0,52822243936.0,304594420.0,1.4890704908525332,0.6315921297971223,0.7777705817240829,0.18333333333333332,1.1831860137974926,,0.5243860606808001,0.03050997074193266,-0.07327701197667749,-1.2218081250726198,0.0,0.20488212131959008,-0.048958507234565796,0.6146788990825688
2026-06-01,2820.0,2820.0,2704.0,2721.0,129600.0,7231.T,トピー工業,輸送用機器,TOPIX Small 2,21615040.0,58814523840.0,293685000.0,1.5452317372059845,-0.3513046247639846,0.7552801672698005,0.15,0.9668897828675914,,0.6345169602266916,0.026234886672247947,-0.2127178899353282,-1.384283863209085,0.0,0.7131532408103852,-0.04934053370317426,0.3870967741935484
2026-06-01,1926.0,1964.0,1894.0,1960.0,506200.0,6412.T,平和,機械,TOPIX Small 1,98627010.0,193308939600.0,645875695.0,0.9829716193656094,0.06695754417918365,0.8958764136537016,0.3333333333333333,1.2509415080878816,,-0.4680620702818461,0.02805410718254372,0.6589807652101319,-0.4906673034585272,0.0,0.04566454833382128,-0.049522705834887236,0.3269230769230769
2026-06-01,1003.5,1007.0,989.5,989.5,3766600.0,9506.T,東北電力,電気・ガス業,TOPIX Mid400,500315532.0,495062218914.0,3224336136.9171143,1.3216411804312367,-0.3514420321870858,0.7604651977255439,0.3,1.0260917427038743,,0.19606107211130142,0.026234289022207057,-0.18057063002329346,-0.6531430415949923,0.0,0.5740354842379716,-0.049809967748631834,0.625
2026-06-01,4025.0,4040.0,3930.0,3935.0,145900.0,7242.T,カヤバ,輸送用機器,TOPIX Small 1,40230807.0,158308225545.0,643962875.0,1.2994945419020516,0.02415265747140305,0.7534695824674315,0.35,1.1760342881146109,,0.15263202839338247,0.02786792843241568,-0.22394354053301474,-0.40942943439029467,0.0,0.2216878492950693,-0.04999374159394415,0.3548387096774194
2026-06-01,890.0,890.0,867.0,870.0,136800.0,8864.T,空港施設,不動産業,TOPIX Small 2,49380509.0,42961042830.0,135296560.0,1.3440508669477575,-0.26984944759287877,0.7812951812058349,0.26666666666666666,1.1352317111732049,,0.24000594682212079,0.026589173863350773,-0.05142444686778852,-0.8156187797314572,0.0,0.31756918467922074,-0.050100466927947354,0.5576923076923077
2026-06-01,1282.0,1282.0,1260.0,1275.0,141100.0,4611.T,大日本塗料,化学,TOPIX Small 2,28562533.0,36417229575.0,164181310.0,0.9619163947277268,-0.5411796832332059,0.8850059815165442,0.35,1.156304145343851,,-0.509350876711056,0.025409030005283283,0.5915839369268475,-0.40942943439029467,0.0,0.2680514022367633,-0.050680519337779714,0.2828282828282828
2026-06-01,5260.0,5300.0,5190.0,5260.0,54900.0,4471.T,三洋化成工業,化学,TOPIX Small 1,22121273.0,116357895980.0,375979200.0,0.9093679078759351,-0.0686479567945556,0.8782056720601521,0.4,1.1833565288030474,,-0.6123972387939308,0.027464294555445044,0.549421925065422,-0.16571582718559685,0.0,0.20448143078332529,-0.0509821535852103,0.2727272727272727
2026-06-01,1628.5,1629.0,1604.0,1610.0,1616800.0,3405.T,クラレ,化学,TOPIX Mid400,301297333.0,485088706130.0,3331505437.5,1.1937678654038129,-0.0918218467529589,0.8415075807634433,0.26666666666666666,1.1671125639404136,,-0.05469552832550351,0.02736350031908801,0.3218932558974143,-0.8156187797314572,0.0,0.24265286895496777,-0.05266452933409119,0.26262626262626265
2026-06-01,3440.0,3440.0,3385.0,3406.0,288200.0,4206.T,アイカ工業,化学,TOPIX Mid400,63275660.0,215516897960.0,1067260450.0,1.255424379407783,-0.19083259985104672,0.8666189138179521,0.15,0.9746918216101417,,0.06621146343508463,0.02693285560352363,0.47758386511009,-1.384283863209085,0.0,0.6948193523790526,-0.05409875908074006,0.25252525252525254
2026-06-01,1982.0,1998.0,1956.0,1970.0,300800.0,6810.T,マクセル,電気機器,TOPIX Small 1,36861232.0,72616627040.0,497003670.0,1.1601944123393857,-0.05659930658220791,0.7824571158867518,0.31666666666666665,0.7354922822882123,,-0.12053228991688705,0.027516699848620534,-0.04422043591605543,-0.5719051725267598,0.0,1.2569105969197005,-0.055038230733306645,0.1724137931034483
2026-06-01,2376.0,2378.0,2292.0,2292.0,97500.0,6328.T,荏原実業,機械,TOPIX Small 2,23641518.0,54186359256.0,265457915.0,1.375996254402673,-0.021169904382814853,0.7678391959798995,0.25,1.0719140073554683,,0.3026501095711134,0.02767079911920843,-0.13485173974925865,-0.8968566487996898,0.0,0.4663584634598461,-0.05560069492423245,0.3173076923076923
2026-06-01,1390.0,1425.0,1371.0,1417.0,136800.0,6247.T,日阪製作所,機械,TOPIX Small 2,26293933.0,37258503061.0,118692845.0,1.2666143585719891,-0.10630197237303274,0.7844551659888307,0.2833333333333333,0.9989920204361592,,0.0881547526473274,0.02730051938637239,-0.03183249789003117,-0.7343809106632248,0.0,0.637716696414827,-0.05577398334832365,0.3076923076923077
2026-06-01,807.0,807.0,781.0,795.0,284400.0,9517.T,イーレックス,電気・ガス業,TOPIX Small 2,78026678.0,62031209010.0,436295535.0,0.9584695138698159,0.01974947013223316,0.7110912343470484,0.7,1.543230671825595,,-0.5161101300068283,0.027848776882711024,-0.4866898798837501,1.2965658160425886,0.0,-0.6411811716738613,-0.05697750043508412,0.5625
2026-06-01,1222.0,1223.0,1200.0,1205.0,304800.0,6458.T,新晃工業,機械,TOPIX Small 1,67146121.0,80911075805.0,343339775.0,1.3103935781465286,-0.17838115139877253,0.7616478543941877,0.31666666666666665,1.1580913819748386,,0.1740047852982648,0.02698701285724921,-0.17323814246355682,-0.5719051725267598,0.0,0.26385160291838566,-0.05699287468692754,0.2980769230769231
2026-06-01,2643.0,2644.0,2596.0,2621.0,138000.0,7864.T,フジシールインターナショナル,その他製品,TOPIX Small 1,53343865.0,139814270165.0,530640500.0,1.0756861147969574,0.03378579952267313,0.7666363442895452,0.45,1.0684514547042734,,-0.28625109837897056,0.027909827535178292,-0.1423094367204726,0.07799778001910071,0.0,0.4744950616093026,-0.057622784971712346,0.32142857142857145
2026-06-01,3015.0,3028.0,3000.0,3018.0,436500.0,9744.T,メイテックグループホールディングス,サービス業,TOPIX Mid400,77206709.0,233009847762.0,1367211840.0,1.3098228632365216,-0.16952150437534907,0.8380798867126633,0.15,0.953251674732212,,0.17288562661671153,0.027025547663348738,0.3006415057891186,-1.384283863209085,0.0,0.7452012171431415,-0.060276423896366886,0.5299145299145299
2026-06-01,1944.0,1948.0,1910.0,1910.0,80800.0,8713.T,フィデアホールディングス,銀行業,TOPIX Small 2,18060107.0,34494804370.0,122407905.0,0.8910721098817246,-0.5079000057586114,0.8481334280261863,0.43333333333333335,1.074314283173376,,-0.6482748736728174,0.025553779103655687,0.36297359976634996,-0.0032400890491318048,0.0,0.4607180929743795,-0.06053566239767125,0.06976744186046512
2026-06-01,1258.0,1264.0,1243.0,1254.0,170300.0,7917.T,ＺＡＣＲＯＳ,化学,TOPIX Small 2,71609828.0,89798724312.0,244437755.0,1.0900053773598617,-0.16202359108781128,0.8211323937489838,0.38333333333333336,1.3134867502102092,,-0.2581713571110928,0.02705815964370444,0.19556681706529402,-0.24695369625382937,0.0,-0.10130953482827044,-0.0607734671332762,0.24242424242424243
2026-06-01,2200.0,2277.0,2142.0,2175.0,432500.0,6862.T,ミナトホールディングス,電気機器,-,7440310.0,16182674250.0,2244718125.0,1.7115422388587398,0.09581164422315269,0.5222088835534213,0.55,1.7938495742346459,,0.9606479907895638,0.02817960734608647,-1.6577630443688205,0.5654249944284961,0.0,-1.230106598369279,-0.06103729009404111,0.16379310344827586
2026-06-01,1718.0,1724.0,1688.0,1724.0,345200.0,417A.T,ブルーゾーンホールディングス,小売業,TOPIX Mid400,203584770.0,350980143480.0,540055417.5,1.0879274575164923,-0.042799164428528824,0.8827444956477215,0.2833333333333333,1.3364229726821992,,-0.26224610965654555,0.02757672321079647,0.5775626935353246,-0.7343809106632248,0.0,-0.15520700415822122,-0.06107229471176712,0.6055045871559633
2026-06-01,898.0,952.0,884.0,924.0,454600.0,336A.T,ダイナミックマッププラットフォーム,情報・通信業,-,23624850.0,21829361400.0,450982290.0,1.1826079601052735,-2.0741860878847183,0.5965138799225307,0.7333333333333333,1.498024459078081,,-0.076579843385751,0.01874125820846139,-1.1970710481637388,1.4590415541790536,0.0,-0.5349518015996106,-0.06176521288019268,0.5625
2026-06-01,1855.0,1856.0,1792.0,1804.0,284400.0,5445.T,東京鐵鋼,鉄鋼,TOPIX Small 1,25290786.0,45624577944.0,515307615.0,1.2653717726345388,-0.1574336957274427,0.8334860779355842,0.21666666666666667,1.1605937306772822,,0.08571807048765401,0.02707812327512918,0.2721598283904122,-1.0593323869361548,0.0,0.257971372963017,-0.06337027527349413,0.5789473684210527
2026-06-01,1300.0,1300.0,1269.0,1269.0,105000.0,5976.T,高周波熱錬,金属製品,TOPIX Small 2,32604720.0,41375389680.0,126174545.0,1.051737989395319,-0.20474987367357256,0.8639897435601765,0.3,1.1212616816291276,,-0.33321281600755703,0.026872322780176695,0.4612829734661307,-0.6531430415949923,0.0,0.3503971379226077,-0.0647801279567374,0.4642857142857143
2026-06-01,2576.0,2576.0,2524.0,2533.0,377600.0,2811.T,カゴメ,食料品,TOPIX Mid400,90408542.0,229004836886.0,1046642885.0,1.2893064702582995,-0.1542456406368461,0.8568794257291015,0.16666666666666666,1.2092642066222732,,0.132653456555732,0.02709198963847593,0.41719890543147625,-1.3030459941408528,0.0,0.14360138515343937,-0.06490068722860871,0.4418604651162791
2026-06-01,4658.0,4822.0,4658.0,4767.0,684700.0,8056.T,ＢＩＰＲＯＧＹ,情報・通信業,TOPIX Mid400,96576742.0,460381329114.0,2435044155.0,1.0695478385396333,0.06784528140675827,0.7410217297311007,0.5,1.14810673910724,,-0.2982881155353526,0.02805796837270643,-0.3011203981575062,0.3217113872237983,0.0,0.2873143585392864,-0.06515919041162872,0.5568181818181818
2026-06-01,9230.0,9460.0,9210.0,9460.0,25200.0,6736.T,サン電子,電気機器,-,21518042.0,203560677320.0,351937900.0,0.7175416367716427,0.026302368993322167,0.7799232738853378,0.6666666666666666,1.1303466318302833,,-0.9885641005528939,0.02787727854720559,-0.05993029106362937,1.1340900779061236,0.0,0.3290485559828881,-0.065591824229085,0.15517241379310345
2026-06-01,1855.0,1890.0,1799.0,1820.0,116200.0,6638.T,ミマキエンジニアリング,電気機器,TOPIX Small 2,28962385.0,52711540700.0,201234890.0,1.152857968877008,0.05347788296647793,0.8405665285199023,0.3,1.3102246390871586,,-0.13491888513050238,0.027995477743950326,0.3160587190856957,-0.6531430415949923,0.0,-0.0936439510809805,-0.06617276182279673,0.14655172413793102
2026-06-01,2813.0,2820.0,2762.0,2765.0,159900.0,5911.T,横河ブリッジホールディングス,金属製品,TOPIX Small 1,39356465.0,108820625725.0,362122515.0,1.2086024252197305,-0.031943581741330496,0.8640267192119085,0.2,1.1750101742355548,,-0.025605301114156282,0.027623939287559195,0.4615122230138028,-1.1405702560043873,0.0,0.22409439843166798,-0.06707371433296341,0.42857142857142855
2026-06-01,1944.0,1953.0,1938.0,1951.0,66900.0,2594.T,キーコーヒー,食料品,TOPIX Small 2,21423453.0,41797156803.0,155147180.0,1.033549678710969,0.15369977411184887,0.9444417984593306,0.18333333333333332,1.194586943396621,,-0.36887967076859823,0.028431390273197174,0.9600868168332571,-1.2218081250726198,0.0,0.17809125572904377,-0.06746136273163962,0.4186046511627907
2026-06-01,1844.0,1866.0,1794.0,1813.0,163400.0,4493.T,サイバーセキュリティクラウド,情報・通信業,-,10249587.0,18582501231.0,259141270.0,0.7844322064147672,0.0169418709427247,0.8483498654324159,0.5,1.1111068218000344,,-0.8573932472642776,0.02783656530248815,0.3643155146523159,0.3217113872237983,0.0,0.37425988371071195,-0.06755636529087886,0.5511363636363636
2026-06-01,1267.0,1267.0,1238.0,1241.0,370200.0,6395.T,タダノ,機械,TOPIX Small 1,126405259.0,156868926419.0,660603370.0,1.1363538148362957,-0.05354001759014948,0.8001289490651193,0.4,1.4649244644564547,,-0.16728314783415413,0.027530006147144584,0.06534517206949153,-0.16571582718559685,0.0,-0.4571706435593413,-0.06958515726366067,0.28846153846153844
2026-06-01,4780.0,4800.0,4685.0,4685.0,105800.0,9672.T,東京都競馬,サービス業,TOPIX Small 1,26036675.0,121981822375.0,387946700.0,1.091201754283648,-0.13120076877156706,0.7705592105263158,0.4,0.9644450377450889,,-0.2558252897538386,0.02719222271396632,-0.1179876122702571,-0.16571582718559685,0.0,0.7188981090170194,-0.06966825784100805,0.5213675213675214
2026-06-01,5300.0,5430.0,5280.0,5380.0,67400.0,2815.T,アリアケジャパン,食料品,TOPIX Small 1,31849534.0,171350492920.0,473752000.0,1.3407094962755934,-0.3504946043165468,0.8050866049716177,0.23333333333333334,1.3426668189296116,,0.23345359654973266,0.026238409835280984,0.09608270665891694,-0.9780945178679223,0.0,-0.16987932049243046,-0.07106860077677307,0.3953488372093023
2026-06-01,3700.0,3705.0,3600.0,3605.0,87200.0,9960.T,東テク,卸売業,TOPIX Small 1,41006207.0,147827376235.0,340709000.0,1.2343098163044228,-0.1578958124706219,0.8046399893195355,0.2833333333333333,1.2075996237114,,0.024806295653428866,0.02707611331027994,0.09331368349293645,-0.7343809106632248,0.0,0.14751296241929096,-0.07114814953900468,0.33962264150943394
2026-06-01,629.0,632.0,625.0,630.0,272500.0,8622.T,水戸証券,証券、商品先物取引業,TOPIX Small 2,60233891.0,37947351330.0,125722345.0,0.6541195753148233,-0.08805648166307123,0.8455593550564735,0.5333333333333333,0.7801704810926269,,-1.112933289857132,0.027379877677378824,0.3470143120637599,0.4841871253602633,0.0,1.1519219985260851,-0.07176132190184256,0.47368421052631576
2026-06-01,2793.5,2793.5,2722.0,2725.0,381400.0,8174.T,日本瓦斯,小売業,TOPIX Mid400,106506178.0,290229335050.0,1168931890.0,1.3563372524604296,-0.08304269016813548,0.8753633021726387,0.1,1.3339885835182566,,0.26409926341560175,0.02740168503410195,0.531799192794135,-1.6279974704137827,0.0,-0.1494864712561273,-0.07243886845362082,0.5963302752293578
2026-06-01,325.0,325.0,316.0,317.0,775800.0,1786.T,オリエンタル白石,建設業,TOPIX Small 2,128632331.0,40776448927.0,185156225.0,1.6208629405164963,-0.6869335691159453,0.734999378741576,0.13333333333333333,1.1812198552261532,,0.782827993103422,0.02477507723990847,-0.33845905685859484,-1.4655217322773177,0.0,0.20950236649841117,-0.07514418530256343,0.5230769230769231
2026-06-01,420.0,425.0,413.0,417.0,2041300.0,2317.T,システナ,情報・通信業,TOPIX Small 1,357455827.0,149059079859.0,522260585.0,1.1284953666991413,-0.03782413330519807,0.7659761994576655,0.36666666666666664,0.913104693409779,,-0.18269338208951205,0.027598361980283544,-0.14640234372866892,-0.3281915653220622,0.0,0.8395419786682106,-0.0753058596379397,0.5454545454545454
2026-06-01,376.0,377.0,358.0,368.0,331300.0,7256.T,河西工業,輸送用機器,-,38692951.0,14239005968.0,627740820.0,1.0897714292397478,-1.1628091282940924,0.6943396226415094,0.65,1.748936170212766,,-0.2586301239403234,0.022705268775536004,-0.5905501021215843,1.0528522088378913,0.0,-1.1245652949253848,-0.07539166763609928,0.3225806451612903
2026-06-01,3350.0,3550.0,3295.0,3515.0,80000.0,4258.T,網屋,情報・通信業,-,8210604.0,28860273060.0,231113920.0,0.8056292286874154,0.055503835555224645,0.8028921908069777,0.55,1.0985429956256902,,-0.8158263789670681,0.028004289572454082,0.08247730875287568,0.5654249944284961,0.0,0.4037834217181367,-0.0754571403478971,0.5397727272727273
2026-06-01,2652.0,2670.0,2558.0,2583.0,257900.0,2001.T,ニップン,食料品,TOPIX Small 1,82661080.0,213513569640.0,613813195.0,0.9433109530700281,-0.05396949300028153,0.9083607738910706,0.31666666666666665,1.336748230294175,,-0.5458357156214205,0.0275281381549311,0.7363839698415758,-0.5719051725267598,0.0,-0.15597132191748656,-0.0758844423731955,0.37209302325581395
2026-06-01,4730.0,4737.0,4619.0,4635.0,327700.0,9364.T,上組,倉庫・運輸関連業,TOPIX Mid400,98720944.0,457571575440.0,1666778190.0,1.2762342106348092,-0.04740854959034135,0.8135222793666579,0.23333333333333334,1.210750098739689,,0.10701905908577726,0.0275566748089833,0.14838400356070644,-0.9780945178679223,0.0,0.14010971057957086,-0.07638795796537837,0.2857142857142857
2026-06-01,1640.0,1661.0,1617.0,1636.0,397100.0,2695.T,くら寿司,小売業,TOPIX Small 1,79486274.0,130039544264.0,953251335.0,1.2743721161252242,0.16048910626945312,0.7846889859032874,0.3,1.3188455008488964,,0.10336753500653169,0.028460920298213618,-0.030382811214744006,-0.6531430415949923,0.0,-0.11390197887820983,-0.0767860035999218,0.5871559633027523
2026-06-01,2258.0,2258.0,2197.0,2197.0,103600.0,2288.T,丸大食品,食料品,TOPIX Small 2,24179929.0,53123304013.0,193866660.0,0.8806594113365942,-0.25682554372975475,0.8866020984665053,0.36666666666666664,1.169276544961799,,-0.6686939336462778,0.02664582099711327,0.6014798838992645,-0.3281915653220622,0.0,0.2375677639045111,-0.07756639798552198,0.3488372093023256
2026-06-01,2006.0,2014.0,1969.0,1969.0,100900.0,5946.T,長府製作所,金属製品,TOPIX Small 2,34001808.0,66949559952.0,158420325.0,1.0360460552139212,-1.2558343057176196,0.8861386138613861,0.2,0.7773322376675288,,-0.3639843344339113,0.022300658166906524,0.5986062729931825,-1.1405702560043873,0.0,1.1585915422202122,-0.07885562575776218,0.39285714285714285
2026-06-01,1826.0,1839.0,1766.0,1805.0,170500.0,3034.T,クオールホールディングス,小売業,TOPIX Small 1,37577566.0,67827506630.0,351913360.0,1.1266726137377343,-0.00717233575184717,0.7619706346231475,0.4166666666666667,1.2055422135115579,,-0.18626775830663378,0.02773168118275262,-0.17123690061871027,-0.08447795811736433,0.0,0.1523476383682418,-0.07893571120390491,0.5779816513761468
2026-06-01,6760.0,6860.0,6650.0,6650.0,208900.0,6432.T,竹内製作所,機械,TOPIX Small 1,46192915.0,307182884750.0,1797923600.0,0.7207731316684473,-0.07256467721229787,0.881179670047592,0.45,0.9772344344000116,,-0.9822272141237135,0.02744725888106155,0.5678607533608659,0.07799778001910071,0.0,0.6888445064763628,-0.07898094581180654,0.27884615384615385
2026-06-01,4070.0,4070.0,3995.0,4055.0,96900.0,7516.T,コーナン商事,小売業,TOPIX Small 1,28165719.0,114211990545.0,291594475.0,0.6812469811305815,-0.1632338127183488,0.8796095444685467,0.48333333333333334,1.0039454241776853,,-1.0597370771870351,0.02705289581595296,0.5581259532444666,0.24047351815556575,0.0,0.6260767706788519,-0.07917098843659974,0.5688073394495413
2026-06-01,4400.0,4400.0,4300.0,4300.0,71800.0,1301.T,極洋,水産・農林業,TOPIX Small 1,11877283.0,51072316900.0,293707325.0,1.3421840382891643,0.6168879056047198,0.8125662242129309,0.16666666666666666,1.0995189541626604,,0.2363451391866384,0.03044601509825971,0.14245644850014597,-1.3030459941408528,0.0,0.40149003206437434,-0.08019331924665546,0.4
2026-06-01,2100.0,2101.0,2069.0,2085.0,149900.0,8200.T,リンガーハット,小売業,TOPIX Small 1,25914402.0,54031528170.0,270132970.0,1.0780007814997692,0.07960585682011279,0.8747008971462108,0.23333333333333334,1.0706781249428428,,-0.281712090741475,0.02810912069197765,0.5276922725487528,-0.9780945178679223,0.0,0.4692626441509453,-0.08111333347526485,0.5596330275229358
2026-06-01,977.0,977.0,955.0,962.0,143000.0,6418.T,日本金銭機械,機械,TOPIX Small 2,27125037.0,26094285594.0,201565160.0,1.4963552561809146,-0.2810755370109209,0.7781323572440068,0.11666666666666667,1.0719338459759633,,0.5386713162740648,0.026540346277123414,-0.07103399879323083,-1.54675960134555,0.0,0.4663118449968021,-0.0816022320728415,0.2692307692307692
2026-06-01,2450.0,2451.0,2385.0,2422.0,410100.0,8194.T,ライフコーポレーション,小売業,TOPIX Small 1,86517652.0,209545753144.0,495356675.0,1.008404843811036,-0.019916443911599413,0.8736688269213433,0.26666666666666666,0.982178300158476,,-0.41818810792532407,0.027676251013181635,0.5212934230049595,-0.8156187797314572,0.0,0.6772269938971386,-0.08185074689190533,0.5504587155963303
2026-06-01,1251.0,1254.0,1217.0,1240.0,643700.0,5451.T,ヨドコウ,鉄鋼,TOPIX Small 1,143244680.0,177623403200.0,767120670.0,1.3189588978226525,-1.5173751857247955,0.7840243244650427,0.25,1.2151121444179978,,0.190801178221829,0.021163092858544844,-0.034503721244325845,-0.8968566487996898,0.0,0.1298594078782609,-0.08194520340481215,0.5263157894736842
2026-06-01,3425.0,3440.0,3325.0,3365.0,75500.0,4534.T,持田製薬,医薬品,TOPIX Small 2,35449637.0,119288028505.0,296539875.0,1.1133926830853207,-0.15354067550033423,0.8579764562930022,0.23333333333333334,1.050048899027146,,-0.21230939384037745,0.027095055866145114,0.4240005099678777,-0.9780945178679223,0.0,0.5177389384687963,-0.08233071325673108,0.6111111111111112
2026-06-01,1885.0,1887.0,1848.0,1855.0,260700.0,1870.T,矢作建設工業,建設業,TOPIX Small 1,43181716.0,80102083180.0,461435925.0,1.470987320043731,-0.8216535433070866,0.7513362670186099,0.16666666666666666,0.9967534448216677,,0.4889253827734441,0.02418911618869912,-0.23717012556332262,-1.3030459941408528,0.0,0.6429770901292747,-0.0824634449867929,0.5076923076923077
2026-06-01,440.0,440.0,428.0,434.0,1168300.0,7593.T,ＶＴホールディングス,小売業,TOPIX Small 1,116255169.0,50454743346.0,229558005.0,1.644030756778632,-0.4692906800480895,0.772970116059687,0.016666666666666666,1.0230811743545776,,0.8282595426350173,0.02572170936949528,-0.10303996490999967,-2.0341868157549454,0.0,0.5811099715677878,-0.08318520376572423,0.5412844036697247
2026-06-01,1260.0,1260.0,1237.0,1243.0,134400.0,3333.T,あさひ,小売業,TOPIX Small 2,26041919.0,32370105317.0,159536440.0,0.7804622979561079,-0.3770519262981574,0.8531228551818806,0.45,0.9633776951911992,,-0.8651781455358617,0.026122899448650632,0.39390811653637203,0.07799778001910071,0.0,0.7214062405383751,-0.08321220918474448,0.5321100917431193
2026-06-01,572.0,574.0,552.0,556.0,390300.0,6440.T,ＪＵＫＩ,機械,TOPIX Small 2,29557119.0,16433758164.0,330260325.0,1.3584230103634158,0.002743782936283301,0.6275395033860045,0.5166666666666667,1.4142913330247793,,0.26818938621389526,0.027774811085094865,-1.0047117573309479,0.4029492562920311,0.0,-0.3381886424146114,-0.08341834581836795,0.25961538461538464
2026-06-01,2026.0,2029.0,1987.0,2015.0,243700.0,3028.T,アルペン,小売業,TOPIX Small 1,37499672.0,75561839080.0,428737830.0,1.3207221397631237,1.2870189448644975,0.8122279135158433,0.18333333333333332,1.1515833929812977,,0.19425885470925972,0.03336073276036043,0.1403589175399857,-1.2218081250726198,0.0,0.2791446241474649,-0.08433730717811755,0.5229357798165137
2026-06-01,2032.0,2043.0,1983.0,1998.0,246800.0,9010.T,富士急行,陸運業,TOPIX Small 1,53097903.0,106089610194.0,461390970.0,1.1367594675255341,-1.3885129735201662,0.7484859547840033,0.43333333333333335,1.2566527966303498,,-0.1664876723333457,0.02172357572515715,-0.2548421004954767,-0.0032400890491318048,0.0,0.032243680994916826,-0.0860332735587664,0.3888888888888889
2026-06-01,1603.0,1608.0,1550.0,1561.0,258900.0,8923.T,トーセイ,不動産業,TOPIX Small 1,96969600.0,151369545600.0,477723520.0,1.0627710731886417,0.023823985962070582,0.8033968090581575,0.35,1.0326576576576578,,-0.31157719497313946,0.027866498884167416,0.08560594882847314,-0.40942943439029467,0.0,0.5586063437037452,-0.08729058222990532,0.5384615384615384
2026-06-01,937.0,937.0,907.0,914.0,750000.0,8550.T,栃木銀行,銀行業,TOPIX Small 2,104132576.0,95177174464.0,658088980.0,0.7511475281666005,-0.0447044670159894,0.8579457005930766,0.45,0.9534410961829718,,-0.9226637281488405,0.027568436146359863,0.4238098242066803,0.07799778001910071,0.0,0.7447560986479215,-0.0900743862240229,0.046511627906976744
2026-06-01,1737.0,1738.0,1686.0,1693.0,284100.0,4595.T,ミズホメディー,医薬品,-,19048650.0,32249364450.0,198241505.0,1.0416875484076724,0.6959629384513568,0.8772020725388601,0.21666666666666667,0.9256834549969818,,-0.35292149732556677,0.030789949913044404,0.5431995942741281,-1.0593323869361548,0.0,0.8099833441684378,-0.0902936588303063,0.5833333333333334
2026-06-01,1419.0,1435.0,1400.0,1418.0,94400.0,8708.T,アイザワ証券グループ,証券、商品先物取引業,TOPIX Small 2,31156826.0,44180379268.0,166598110.0,0.7491333260656273,-0.7167922189377325,0.8614823815309842,0.45,0.9787631595074652,,-0.926613531681535,0.024645207813030146,0.44573729450937,0.07799778001910071,0.0,0.6852521793312312,-0.09038234609582554,0.42105263157894735
2026-06-01,1786.0,1792.0,1749.5,1753.5,768100.0,1719.T,安藤・間,建設業,TOPIX Mid400,156883072.0,275094466752.0,1722003415.0,1.2212652818836467,-0.16214294323249367,0.7888850194403628,0.2833333333333333,1.1536109404782333,,-0.0007737333380241761,0.0270576405246311,-0.004367345757533061,-0.7343809106632248,0.0,0.2743801220955443,-0.09074062284956137,0.49230769230769234
2026-06-01,3470.0,3570.0,3465.0,3560.0,106000.0,4694.T,ビー・エム・エル,サービス業,TOPIX Small 1,37483599.0,133441612440.0,325238425.0,1.2613498632129376,-0.06854622561492796,0.8247452534795751,0.2,1.187267019035886,,0.07783119953565608,0.027464737032585597,0.21796659692702844,-1.1405702560043873,0.0,0.19529223113866362,-0.0914036233162588,0.5128205128205128
2026-06-01,693.0,693.0,684.0,687.0,1050900.0,8616.T,東海東京フィナンシャル・ホールディングス,証券、商品先物取引業,TOPIX Small 1,253695999.0,174289151313.0,731354140.0,1.0590430595430178,-0.22023455669931058,0.8573492872428778,0.23333333333333334,0.8962098372406762,,-0.3188877431352653,0.026804972550948387,0.42011205325866013,-0.9780945178679223,0.0,0.8792429361087905,-0.09175031286909602,0.3684210526315789
2026-06-01,1810.0,1815.0,1789.0,1794.0,88700.0,8008.T,ヨンドシーホールディングス,小売業,TOPIX Small 1,21474780.0,38525755320.0,130745050.0,0.6652146809607733,-0.020674646354733373,0.9304979253112033,0.4,1.0678996007279375,,-1.0911760454104,0.027672953231221122,0.873634612145286,-0.16571582718559685,0.0,0.47579185461000245,-0.09221663196307689,0.5137614678899083
2026-06-01,2062.0,2126.0,1988.0,2024.0,45200.0,5582.T,グリッド,情報・通信業,-,4785840.0,9686540160.0,101603110.0,1.4264134011367036,0.06358974358974367,0.6315132605304212,0.4,1.1065232477446219,,0.40151696319133723,0.028039459020788197,-0.9800744085556155,-0.16571582718559685,0.0,0.3850307524697174,-0.0942316126124454,0.5340909090909091
2026-06-01,3190.0,3277.0,3171.0,3250.0,475200.0,9468.T,ＫＡＤＯＫＡＷＡ,情報・通信業,TOPIX Mid400,146972883.0,477661869750.0,1771276980.0,0.8516313617900567,0.049388340631577377,0.7956501539325534,0.5166666666666667,1.169107877270776,,-0.7256172645229335,0.027977690385097932,0.03757658084359693,0.4029492562920311,0.0,0.23796411346534102,-0.0945539832486678,0.5284090909090909
2026-06-01,1170.0,1172.0,1136.0,1161.0,644900.0,3608.T,ＴＳＩホールディングス,繊維製品,TOPIX Small 1,56970397.0,66142630917.0,536497895.0,1.0409841811341916,-0.054840661905832255,0.7543859649122807,0.45,1.108118587011234,,-0.3543007842105493,0.02752434902825748,-0.21826195681140637,0.07799778001910071,0.0,0.38128188975711946,-0.09458273866713315,0.5882352941176471
2026-06-01,4550.0,4715.0,4516.0,4642.0,133200.0,3591.T,ワコールホールディングス,繊維製品,TOPIX Mid400,49437079.0,229486920718.0,651240110.0,1.029137556927919,0.3002720835516197,0.7829453309068709,0.43333333333333335,1.2653203938479556,,-0.37753173909726795,0.029068902750713353,-0.041193496097921334,-0.0032400890491318048,0.0,0.011875830283197487,-0.09524663014943281,0.5294117647058824
2026-06-01,2775.0,2778.5,2635.0,2635.0,506300.0,9044.T,南海電気鉄道,陸運業,TOPIX Mid400,108229911.0,285185815485.0,1105386855.0,1.1291385176783866,0.050102106034388694,0.7941531042796866,0.36666666666666664,1.3899825005175857,,-0.18143217795877875,0.027980794889298288,0.028294852471370056,-0.3281915653220622,0.0,-0.2810656982984479,-0.09598589498632783,0.3333333333333333
2026-06-01,2380.0,2381.0,2333.0,2369.0,320500.0,4816.T,東映アニメーション,情報・通信業,-,204312971.0,484017428299.0,1367750115.0,1.078292890802605,0.15818085800378978,0.6655546326272952,0.6166666666666667,1.3861164665040233,,-0.2811392711839358,0.02845088063194794,-0.7690174348500286,0.8903764707014262,0.0,-0.2719809656259694,-0.09701816228408726,0.5227272727272727
2026-06-01,2245.0,2245.0,2193.0,2209.0,60200.0,9324.T,安田倉庫,倉庫・運輸関連業,TOPIX Small 2,28824250.0,63672768250.0,170676130.0,1.0548914196788568,-0.2222903657448706,0.842391692542619,0.31666666666666665,1.2873437247167783,,-0.3270290124716524,0.026796030862556188,0.3273747610494178,-0.5719051725267598,0.0,-0.03987644939124802,-0.09736289154096685,0.14285714285714285
2026-06-01,2588.0,2589.0,2521.0,2541.0,66400.0,2117.T,ウェルネオシュガー,食料品,TOPIX Small 2,32738556.0,83188670796.0,104404025.0,1.1998792118573693,3.1594672426205905,0.8520359146843214,0.18333333333333332,1.1991578228384518,,-0.0427113198887652,0.04150489831172575,0.38716907054962246,-1.2218081250726198,0.0,0.16735021784332224,-0.09777149915306221,0.32558139534883723
2026-06-01,2683.0,2683.0,2536.0,2609.0,50100.0,4979.T,ＯＡＴアグリオ,化学,TOPIX Small 2,10086833.0,26316547297.0,117556265.0,0.8149062425824828,0.21056766843449215,0.7788059701492537,0.5666666666666667,1.1807155525371913,,-0.7976343702118934,0.02867873571204116,-0.06685758954551137,0.6466628634967284,0.0,0.21068741947496528,-0.09807662603580782,0.23232323232323232
2026-06-01,4585.0,4585.0,4480.0,4495.0,111200.0,5480.T,日本冶金工業,鉄鋼,TOPIX Small 1,13854063.0,62274013185.0,426387275.0,1.0362367112287265,-0.035008341131952614,0.8645327910904498,0.25,1.0455299319645484,,-0.36361046241757117,0.02761060919567776,0.46464987559897053,-0.8968566487996898,0.0,0.5283579882690348,-0.09918058609218097,0.47368421052631576
2026-06-01,14230.0,14780.0,13950.0,14370.0,112900.0,2737.T,トーメンデバイス,卸売業,TOPIX Small 2,6800843.0,97728113910.0,1421382950.0,0.7328396282895593,1.5938009787928222,0.8216123499142367,0.5666666666666667,1.3179378143039147,,-0.9585650945388468,0.03469507330022526,0.19854255187002923,0.6466628634967284,0.0,-0.11176902050727029,-0.09984801643650378,0.330188679245283
2026-06-01,2091.0,2099.0,2039.0,2079.0,138800.0,8097.T,三愛オブリ,卸売業,TOPIX Small 1,61882413.0,128653536627.0,289931895.0,1.2108105623606737,-0.02158801644801256,0.7953328232593726,0.26666666666666666,1.153497176930965,,-0.021275195472940767,0.027668980551570504,0.03560912631929304,-0.8156187797314572,0.0,0.27464745327038137,-0.09989017276268347,0.32075471698113206
2026-06-01,903.0,903.0,888.0,898.0,291400.0,9511.T,沖縄電力,電気・ガス業,TOPIX Small 1,54315401.0,48775230098.0,256970630.0,1.4459731308819928,0.13298348402206162,0.7539468366811031,0.16666666666666666,1.0804082351175464,,0.4398731388745867,0.02834128530404875,-0.22098455786512688,-1.3030459941408528,0.0,0.4463980109115979,-0.10028030410391453,0.5
2026-06-01,2200.0,2202.0,2178.0,2197.0,122500.0,9536.T,西部ガスホールディングス,電気・ガス業,TOPIX Small 2,35991524.0,79073378228.0,202447875.0,0.8364264530528633,-0.3268701283592508,0.834092634776006,0.45,1.1602727339335501,,-0.7554337373661753,0.026341163883812545,0.27592048911688216,0.07799778001910071,0.0,0.258725678174847,-0.10245309463560677,0.4375
2026-06-01,3590.0,3594.0,3524.0,3534.0,254500.0,6436.T,アマノ,機械,TOPIX Mid400,69260743.0,244767465762.0,1035091370.0,1.1205449569925479,-0.04474150473199756,0.801588522156398,0.2833333333333333,0.9688097905191055,,-0.19828395084639144,0.02756827505176987,0.07439454524607002,-0.7343809106632248,0.0,0.7086414449539783,-0.10252507425122617,0.25
2026-06-01,2033.0,2097.0,2015.0,2063.0,127900.0,9692.T,シーイーシー,情報・通信業,TOPIX Small 1,31210464.0,64387187232.0,172518340.0,0.7817128523650262,0.0580935349265701,0.8402455374229815,0.45,1.0059796088629143,,-0.8627258373887368,0.0280155534030409,0.31406856988401965,0.07799778001910071,0.0,0.6212966720022947,-0.10309935641664021,0.5170454545454546
2026-06-01,3430.0,3470.0,3410.0,3445.0,147300.0,9746.T,ＴＫＣ,情報・通信業,TOPIX Small 1,49794295.0,171541346275.0,435653475.0,1.3222197695465983,-0.11390277396319692,0.7649444533307233,0.21666666666666667,1.0174837997216606,,0.1971956719266475,0.027267459895999515,-0.1527991838608822,-1.0593323869361548,0.0,0.5942631543978858,-0.10363075413704363,0.5113636363636364
2026-06-01,2999.0,3019.0,2961.5,3010.0,868100.0,2593.T,伊藤園,食料品,TOPIX Mid400,115175420.0,346678014200.0,1366170760.0,0.9418077456602799,0.3695196121639488,0.8267776931502867,0.4,1.233721814189049,,-0.5487834704343698,0.02937009308943595,0.23056775075005462,-0.16571582718559685,0.0,0.08612883685896446,-0.10429072642111385,0.3023255813953488
2026-06-01,1285.0,1286.0,1260.5,1281.5,771200.0,4927.T,ポーラ・オルビスホールディングス,化学,TOPIX Mid400,221282069.0,283572971423.5,856422305.0,1.021921259202637,0.31059994299828997,0.9069355980184005,0.18333333333333332,1.0666753347869018,,-0.3916827313112691,0.029113823508859632,0.7275478598919539,-1.2218081250726198,0.0,0.47866873793676906,-0.1044704368362661,0.2222222222222222
2026-06-01,658.5,659.5999755859375,652.0999755859375,654.4000244140625,1165800.0,2127.T,日本Ｍ＆Ａセンターホールディングス,サービス業,TOPIX Mid400,317323937.0,207656792119.96643,1402135330.2838135,1.0223068677229563,0.14885282387560306,0.8239070103366654,0.35,1.2287560905114017,,-0.39092656196011083,0.02841030858822327,0.21276947794873005,-0.40942943439029467,0.0,0.09779771301953746,-0.10459969726079321,0.5042735042735043
2026-06-01,1027.0,1034.0,956.0,956.0,95300.0,8289.T,Ｏｌｙｍｐｉｃグループ,小売業,-,22970511.0,21959808516.0,105238505.0,0.9488828835686827,-1.7522008253094912,0.8305821025195482,0.5,1.909199522102748,,-0.5349092893423089,0.020141724798996893,0.25415514099767783,0.3217113872237983,0.0,-1.5011656310859705,-0.10466243640702122,0.5045871559633027
2026-06-01,498.0,524.0,478.0,510.0,2238700.0,2334.T,イオレ,サービス業,-,34296700.0,17491317000.0,1579722005.0,1.4372529712226898,0.04981497242744637,0.5151515151515151,0.6333333333333333,1.4652265542676501,,0.42277310834074133,0.027979546009084557,-1.7015188252166946,0.9716143397696585,0.0,-0.4578805196670429,-0.10476747647378583,0.49572649572649574
2026-06-01,330.0,380.0,330.0,361.0,4113500.0,6085.T,アーキテクツ・スタジオ・ジャパン,サービス業,-,114740760.0,41421414360.0,2986839725.0,1.4645016364794963,0.3052565126475102,0.5013888888888889,0.75,2.1768117383177414,,0.47620710795803367,0.02909058239643955,-1.7868472967296767,1.5402794232472863,0.0,-2.1300233792780308,-0.10650429223412564,0.48717948717948717
2026-06-01,2814.0,2820.5,2754.0,2754.0,184900.0,9031.T,西日本鉄道,陸運業,TOPIX Mid400,75513614.0,207964492956.0,531220270.0,0.9474121228895654,-0.0775692181615969,0.8347984237647772,0.36666666666666664,1.1495438807624874,,-0.5377934168701866,0.02742549175934795,0.28029639052358385,-0.3281915653220622,0.0,0.283937241911599,-0.10656457587572225,0.2777777777777778
2026-06-01,3180.0,3180.0,3120.0,3150.0,58500.0,2004.T,昭和産業,食料品,TOPIX Small 2,32496840.0,102365046000.0,225175925.0,0.6045097613427012,-0.11469841889517862,0.9299565701399019,0.43333333333333335,1.1536540260643087,,-1.2102169826845508,0.027263999258899985,0.870278202661273,-0.0032400890491318048,0.0,0.27427887595281547,-0.1084546748838871,0.27906976744186046
2026-06-01,237.0,237.0,221.0,229.0,7577500.0,3656.T,ＫＬａｂ,情報・通信業,TOPIX Small 2,79218983.0,18141147107.0,5342645100.0,1.7240516352924462,0.6398946045437435,0.5134529147982063,0.38333333333333336,1.1255386383223211,,0.9851786266189375,0.03054608214159242,-1.7120501706949083,-0.24695369625382937,0.0,0.34034678449241945,-0.10850457216230264,0.5056818181818182
2026-06-01,420.0,433.0,415.0,415.0,428500.0,9204.T,スカイマーク,空運業,-,60157170.0,24965225550.0,126033090.0,1.366206307016255,-0.5609468366116995,0.7810452155699867,0.21666666666666667,1.4196216962938804,,0.2834522501541827,0.02532305328176755,-0.052974237237059234,-1.0593323869361548,0.0,-0.35071437943014294,-0.10983659860035466,1.0
2026-06-01,2235.0,2242.0,2173.0,2173.0,189600.0,6379.T,レイズネクスト,建設業,TOPIX Small 2,54008244.0,117359914212.0,351977030.0,1.1476276697721335,-0.13693670939361413,0.8098944796113478,0.2833333333333333,1.2310233425500914,,-0.14517538018206744,0.027167274388250336,0.125891595340888,-0.7343809106632248,0.0,0.09246993302578399,-0.10985734732847119,0.47692307692307695
2026-06-01,12740.0,12740.0,12050.0,12050.0,39400.0,1766.T,東建コーポレーション,建設業,TOPIX Small 1,11100980.0,133766809000.0,497743600.0,1.1859785783836416,-0.1806173725771716,0.8013033187571441,0.25,1.1098704354255036,,-0.06997013923698087,0.02697728647094088,0.07262628026057626,-0.8968566487996898,0.0,0.3771652486539856,-0.11189319202664894,0.46153846153846156
2026-06-01,1863.0,1910.0,1851.0,1854.0,364500.0,4046.T,大阪ソーダ,化学,TOPIX Small 1,122852020.0,227767645080.0,867260370.0,1.0822745503195212,-0.053082672280805765,0.7381135972989128,0.4,0.9449594930988056,,-0.2733313293600718,0.027531995358765486,-0.3191508591073752,-0.16571582718559685,0.0,0.764686884663619,-0.11190303516646019,0.21212121212121213
2026-06-01,2400.0,2420.0,2235.0,2235.0,94900.0,4112.T,保土谷化学工業,化学,TOPIX Small 2,15906116.0,35550169260.0,152773820.0,0.858074119142556,0.5962509629376016,0.8443520967132603,0.43333333333333335,1.3513792804681914,,-0.7129831670116155,0.030356255248678566,0.33952929378440555,-0.0032400890491318048,0.0,-0.1903525971681097,-0.11275451239962836,0.20202020202020202
2026-06-01,2659.0,2659.0,2601.0,2609.0,159100.0,3087.T,ドトール・日レスホールディングス,小売業,TOPIX Small 1,42022363.0,109636345067.0,400110190.0,0.9090413715052187,-0.35232575643534547,0.84297253634895,0.38333333333333336,1.2299232888548925,,-0.6130375690318877,0.02623044528639432,0.33097600061199994,-0.24695369625382937,0.0,0.09505493194488167,-0.11279688865480367,0.4954128440366973
2026-06-01,1756.0,1773.0,1743.0,1754.0,94500.0,9837.T,モリト,卸売業,TOPIX Small 2,25052351.0,43941823654.0,144177528.93920898,0.9385372395499502,-0.10467717807167354,0.843845313494889,0.3,0.8551358907511294,,-0.5551968569470931,0.027307586387257297,0.33638723088253913,-0.6531430415949923,0.0,0.9757619585364758,-0.11387822977587617,0.3113207547169811
2026-06-01,1450.5,1457.5,1398.0,1416.0,629800.0,9507.T,四国電力,電気・ガス業,TOPIX Mid400,205441666.0,290905399056.0,1031321570.0,1.0510959068353491,-0.1427661048256753,0.7562082777036048,0.4166666666666667,1.1264804093171954,,-0.33447192499290906,0.027141919583249862,-0.20696359252140895,-0.08447795811736433,0.0,0.3381337316074442,-0.11399022699392904,0.375
2026-06-01,6217.0,6449.0,6205.0,6379.0,269500.0,4733.T,オービックビジネスコンサルタント,情報・通信業,TOPIX Mid400,75176703.0,479552188437.0,1645603335.0,0.9449301492432468,0.009588965820419793,0.6904213411581749,0.55,0.8293674043128098,,-0.5426605095375747,0.0278045840314051,-0.6148435010376392,0.5654249944284961,0.0,1.0363149205242081,-0.11505318639358542,0.5
2026-06-01,3350.0,3352.0,3290.0,3350.0,407700.0,5947.T,リンナイ,金属製品,TOPIX Mid400,138072392.0,462542513200.0,1930406300.0,1.5345095096247254,-0.1658327579520842,0.7619520273533498,0.11666666666666667,1.3548487560777052,,0.6134909210033427,0.027041591770726268,-0.17135226594656072,-1.54675960134555,0.0,-0.19850546346870213,-0.11607653837106252,0.35714285714285715
2026-06-01,1612.0,1613.0,1580.0,1587.0,133200.0,3196.T,ホットランドホールディングス,小売業,TOPIX Small 2,25930924.0,41152376388.0,256939935.0,1.0231718200430469,2.5337818075460663,0.7393231224829823,0.43333333333333335,0.985406746733631,,-0.3892304105521387,0.03878349565808156,-0.3116517863836339,-0.0032400890491318048,0.0,0.6696405179427697,-0.11694607346047235,0.48623853211009177
2026-06-01,4880.0,4880.0,4755.0,4775.0,68500.0,4221.T,大倉工業,化学,TOPIX Small 2,11296161.0,53939168775.0,283256275.0,0.8832681842569173,-0.17990213822975043,0.8504272951614735,0.36666666666666664,1.1377722598323676,,-0.6635781905479502,0.026980397364277906,0.3771956074538981,-0.3281915653220622,0.0,0.3115991892448945,-0.11735910214120304,0.1919191919191919
2026-06-01,26.0,27.0,25.0,25.0,89951800.0,4597.T,ソレイジア・ファーマ,医薬品,-,273005222.0,6825130550.0,1878018030.0,1.4597012520935952,-3.0830112802812786,0.5208333333333334,0.5,0.8677685950413223,,0.46679366568401187,0.014353399067511279,-1.6662914745920687,0.3217113872237983,0.0,0.9460765649252786,-0.11741099240069928,0.5555555555555556
2026-06-01,605.0,605.0,588.0,592.0,1419600.0,8338.T,筑波銀行,銀行業,TOPIX Small 2,82410904.0,48787255168.0,1076221285.0,0.8079282372313678,-0.26117834232115933,0.8121097490383826,0.4666666666666667,1.04120408407488,,-0.811318076615377,0.026626888611966708,0.13962629615970207,0.15923564908733323,0.0,0.5385232303547428,-0.11743602888807503,0.023255813953488372
2026-06-01,474.0,474.0,455.0,455.0,246800.0,6658.T,シライ電子工業,電気機器,-,14995855.0,6823114025.0,108761870.0,2.1084144107469975,-0.04087933875693972,0.5647096752982999,0.08333333333333333,1.4747997229094636,,1.7389051010344028,0.027585073443012725,-1.3942575528675194,-1.7092353394820152,0.0,-0.48037635846057986,-0.11763308579948127,0.13793103448275862
2026-06-01,2851.0,2852.0,2745.0,2768.0,203500.0,3482.T,ロードスターキャピタル,不動産業,TOPIX Small 2,16872899.0,46704184432.0,406554145.0,1.209977667367441,-0.13313502849359582,0.7274638633377135,0.31666666666666665,0.9053630168826619,,-0.022908483207595195,0.02718380970122016,-0.38517935567396155,-0.5719051725267598,0.0,0.8577340228765474,-0.11886611424657267,0.5192307692307693
2026-06-01,1588.0,1653.0,1561.0,1633.0,1245600.0,5253.T,カバー,情報・通信業,-,65650016.0,107206476128.0,2670097500.0,1.18430316871749,0.06714153045212701,0.6904862579281184,0.45,1.2419201520912546,,-0.0732555786747011,0.028054907426090004,-0.614441016173985,0.07799778001910071,0.0,0.06686369125007785,-0.11914551948158081,0.4943181818181818
2026-06-01,8100.0,8479.0,8081.0,8269.0,467100.0,4194.T,ビジョナル,情報・通信業,TOPIX Mid400,40219425.0,332574425325.0,2025626925.0,0.9027489486641433,-1.5007946044420326,0.6636436597110754,0.6333333333333333,0.9201852841617674,,-0.6253768640583798,0.021235209668961728,-0.780865493129904,0.9716143397696585,0.0,0.8229034095507687,-0.12032119078034814,0.48863636363636365
2026-06-01,2152.0,2220.0,2051.0,2051.0,61400.0,6998.T,日本タングステン,電気機器,-,4857093.0,9961897743.0,111874770.0,0.9571698937254332,-0.29914943641518565,0.8187416169154965,0.36666666666666664,1.137477976643255,,-0.5186586549214653,0.026461734318073086,0.1807439679202798,-0.3281915653220622,0.0,0.31229072069384545,-0.12051463533040917,0.12931034482758622
2026-06-01,1013.0,1022.0,1005.0,1012.0,611300.0,9682.T,ＤＴＳ,情報・通信業,TOPIX Small 1,159340053.0,161252133636.0,587894840.0,1.3120019509266903,-0.04786265311354454,0.7589572352071825,0.21666666666666667,1.0634959865816118,,0.1771587669597392,0.02755469969742756,-0.18992001831120078,-1.0593323869361548,0.0,0.4861398384021189,-0.12139850311826576,0.48295454545454547
2026-06-01,682.0,686.0,627.0,632.0,202100.0,4263.T,サスメド,情報・通信業,-,16861946.0,10656749872.0,359119960.0,1.9444187782081808,-0.006216643751570827,0.5134037367993501,0.2833333333333333,1.528788881535407,,1.417313475032544,0.027735837940445582,-1.7123550749620438,-0.7343809106632248,0.0,-0.6072446352548605,-0.12172805511138814,0.4772727272727273
2026-06-01,1334.0,1346.0,1323.0,1341.0,244600.0,3844.T,コムチュア,情報・通信業,TOPIX Small 1,31893228.0,42768818748.0,425354470.0,1.316987643903738,-0.1821400737027451,0.7571241254178789,0.21666666666666667,1.0821908970449778,,0.1869355950765205,0.026970663521689475,-0.20128532413669764,-1.0593323869361548,0.0,0.4422089616173323,-0.12356991013734364,0.4715909090909091
2026-06-01,1295.0,1300.0,1258.0,1270.0,220200.0,7595.T,アルゴグラフィックス,情報・通信業,TOPIX Small 1,68712592.0,87264991840.0,347978640.0,1.2278293529035071,-0.13831513073058455,0.7736639572680406,0.21666666666666667,0.8896065913451895,,0.012098257457029181,0.027161278980216228,-0.0987381399056902,-1.0593323869361548,0.0,0.8947598000372226,-0.12409461191038879,0.4659090909090909
2026-06-01,1455.0,1455.0,1404.0,1429.0,428800.0,3050.T,ＤＣＭホールディングス,小売業,TOPIX Small 1,137016231.0,195796194099.0,536907905.0,1.0959798918579255,-0.08770343241184442,0.8299425151923479,0.23333333333333334,1.0443533632526343,,-0.2464554729606459,0.02738141325598637,0.2501896908003354,-0.9780945178679223,0.0,0.5311227886254322,-0.12488861501501455,0.47706422018348627
2026-06-01,815.0,821.0,787.0,816.0,153700.0,9158.T,シーユーシー,サービス業,-,29315309.0,23921292144.0,203810080.0,1.5567352546949091,0.30814760173525135,0.6200607902735562,0.3,1.1818181818181817,,0.6570750908106171,0.029103157113820284,-1.051079881160791,-0.6531430415949923,0.0,0.20809636822722563,-0.12623805207893643,0.47863247863247865
2026-06-01,2271.0,2334.0,2259.0,2305.0,306500.0,3765.T,ガンホー・オンライン・エンターテイメント,情報・通信業,TOPIX Small 1,52492049.0,120994172945.0,658223555.0,1.0457602284254424,-0.03838000114497453,0.7839046047251055,0.38333333333333336,1.3031322420490175,,-0.34493506641381727,0.02759594424745896,-0.03524598527328614,-0.24695369625382937,0.0,-0.07697763855694266,-0.12727591396216834,0.4602272727272727
2026-06-01,710.0,710.0,691.0,693.0,137200.0,1429.T,日本アクア,建設業,-,32181729.0,22301938197.0,161338455.0,1.409761139301648,-0.30842224045958144,0.7491891891891892,0.2,1.3144378482959338,,0.36886226454333115,0.02642140249617262,-0.2504820375420265,-1.1405702560043873,0.0,-0.10354450529769786,-0.12753825441407235,0.4461538461538462
2026-06-01,3555.0,3555.0,3495.0,3515.0,173400.0,8153.T,モスフードサービス,卸売業,TOPIX Small 1,30860296.0,108473940440.0,429442475.0,1.1722414683934577,-0.1818718162719084,0.7934537246049661,0.25,1.1247344309400151,,-0.09690829283240657,0.026971830300462345,0.023958688899654034,-0.8968566487996898,0.0,0.3422365788025197,-0.13010904623288275,0.3018867924528302
2026-06-01,2257.0,2263.0,2221.0,2249.0,150100.0,6369.T,トーヨーカネツ,機械,TOPIX Small 2,15585012.0,35050691988.0,315902500.0,1.3154902929283627,-0.15636323827248344,0.7139682539682539,0.26666666666666666,0.9918550217192287,,0.18399932459533905,0.027082779202205687,-0.4688523187885262,-0.8156187797314572,0.0,0.6544878177240757,-0.13061836388183384,0.2403846153846154
2026-06-01,1032.0,1032.0,1014.0,1026.0,204200.0,8255.T,アクシアル　リテイリング,小売業,TOPIX Small 2,88587408.0,90890680608.0,186751745.0,1.3460025239403162,-0.23521025756227376,0.7897357854825128,0.16666666666666666,1.2986316389226036,,0.24383310085005666,0.026739836126502457,0.0009074153677430237,-1.3030459941408528,0.0,-0.066401741882222,-0.13095226889755063,0.46788990825688076
2026-06-01,5810.0,5930.0,5710.0,5900.0,75100.0,9869.T,加藤産業,卸売業,TOPIX Small 1,30182440.0,178076396000.0,248904200.0,1.047529234251226,0.014899798852715529,0.8333333333333334,0.26666666666666666,1.163668373376728,,-0.3414660870811766,0.02782768336262963,0.27121280976233886,-0.8156187797314572,0.0,0.2507463183230777,-0.13397254002073364,0.29245283018867924
2026-06-01,1267.5,1273.0,1248.0,1258.5,708800.0,1333.T,マルハニチロ,水産・農林業,TOPIX Mid400,151183299.0,190264181791.5,860358385.0,1.1320203662418833,-0.16950053479402327,0.8070524971247602,0.25,1.133627169715684,,-0.17578093986738222,0.02702563887000158,0.10827126496065281,-0.8968566487996898,0.0,0.32133967147585796,-0.13399608600337518,0.2
2026-06-01,2770.0,2826.0,2756.0,2771.0,221300.0,4189.T,ＫＨネオケム,化学,TOPIX Small 1,35008616.0,97008874936.0,500353880.0,0.8288804666250127,-0.06824352097595132,0.88672,0.3,1.021790134343224,,-0.7702312414676705,0.02746605363860134,0.6022108750233537,-0.6531430415949923,0.0,0.5841437662347448,-0.13401338988010814,0.18181818181818182
2026-06-01,725.0,725.0,710.0,725.0,719700.0,8016.T,オンワードホールディングス,繊維製品,TOPIX Small 1,136015098.0,98610946050.0,400075605.0,0.8034430706418019,-0.051757064999442326,0.8777239709443099,0.3333333333333333,1.0371193406068488,,-0.820113384112888,0.027537761053427635,0.5464353715431097,-0.4906673034585272,0.0,0.5481219049428439,-0.13505083172788004,0.47058823529411764
2026-06-01,3485.0,3490.0,3345.0,3345.0,225100.0,9551.T,メタウォーター,電気・ガス業,TOPIX Small 1,43720486.0,146245025670.0,535422800.0,1.0680852739783833,-0.11723376493024185,0.800580558346451,0.2833333333333333,1.0252013475270914,,-0.30115617066647793,0.027252971836746704,0.06814515580528156,-0.7343809106632248,0.0,0.5761278098940729,-0.13619751465115656,0.3125
2026-06-01,1900.0,1906.0,1852.0,1887.0,165000.0,262A.T,インターメスティック,小売業,TOPIX Small 2,30600000.0,57742200000.0,558607475.0,1.2139685896039234,-0.43825441039925717,0.6030206553483379,0.5833333333333334,1.4167667136208595,,-0.015082377405822805,0.025856700823422108,-1.1567289513162715,0.7279007325649611,0.0,-0.3440055004399518,-0.1366673745461079,0.45871559633027525
2026-06-01,1325.0,1325.0,1297.0,1318.0,125000.0,8142.T,トーホー,卸売業,TOPIX Small 2,31884300.0,42023507400.0,101956905.0,0.28047591663770866,-0.04659161502447007,0.93342776203966,0.5666666666666667,0.91074700670357,,-1.8456398252632842,0.02756022804479604,0.891799640029586,0.6466628634967284,0.0,0.8450822696682962,-0.13690642829078079,0.2830188679245283
2026-06-01,2300.0,2300.0,2162.0,2232.0,216000.0,6653.T,正興電機製作所,電気機器,-,13525447.0,30188797704.0,326883150.0,0.8784091406557808,-0.17202902047287516,0.7817863397548162,0.45,1.0895205799139018,,-0.673106662180471,0.027014641286790604,-0.04837925713035314,0.07799778001910071,0.0,0.4249850548424247,-0.13824993690450438,0.1206896551724138
2026-06-01,3779.0,3779.0,3724.0,3766.0,324200.0,3397.T,トリドールホールディングス,小売業,TOPIX Mid400,87917557.0,331097519662.0,1557628875.0,1.2339061778979021,0.326518732688974,0.7003373798231783,0.38333333333333336,1.3050614383339083,,0.02401477011424072,0.029183061873824728,-0.5533639253663811,-0.24695369625382937,0.0,-0.08151102663875691,-0.13849193284627212,0.44954128440366975
2026-06-01,2120.0,2129.0,2058.0,2089.0,350300.0,7744.T,ノーリツ鋼機,精密機器,TOPIX Small 1,106217411.0,221888171579.0,691787870.0,0.9132058978193912,0.01628560819054692,0.8851694915254237,0.26666666666666666,1.1903586801829493,,-0.6048710296663635,0.02783371090458283,0.5925977012236118,-0.8156187797314572,0.0,0.18802718511567804,-0.1386812471496575,0.3448275862068966
2026-06-01,1873.0,1884.0,1851.0,1859.0,188800.0,9842.T,アークランズ,小売業,TOPIX Small 1,62823018.0,116787990462.0,273885565.0,0.6447666483253418,-0.07208511146259211,0.9171722583796902,0.36666666666666664,1.0335776653536737,,-1.1312741624270897,0.02744934473991439,0.7910152944758889,-0.3281915653220622,0.0,0.5564444320533027,-0.1391596587222602,0.44036697247706424
2026-06-01,1298.0,1298.0,1270.0,1282.0,123900.0,8624.T,いちよし証券,証券、商品先物取引業,TOPIX Small 2,32082673.0,41129986786.0,178560000.0,0.7095526981825582,-0.010964164361413231,0.8155216284987278,0.48333333333333334,0.9600814123093968,,-1.0042302235533622,0.027715188722065874,0.16077999559048464,0.24047351815556575,0.0,0.7291521239654193,-0.1394441256681213,0.3157894736842105
2026-06-01,6440.0,6490.0,6300.0,6380.0,121300.0,7456.T,松田産業,卸売業,TOPIX Small 1,25841906.0,164871360280.0,1143117200.0,1.0437505017259372,-0.12313288134686617,0.7256637172091598,0.45,1.215274269944281,,-0.348876093788191,0.027227313782123067,-0.3963402863508795,0.07799778001910071,0.0,0.12947843164771033,-0.14150666368644227,0.27358490566037735
2026-06-01,1851.5,1904.5,1843.0,1879.5,3101900.0,2871.T,ニチレイ,食料品,TOPIX Mid400,250617484.0,471035561178.0,2655881250.0,0.9572603164320919,-0.08961937530528885,0.8820569522312283,0.25,1.2631590626588416,,-0.5184813380941103,0.027373079911813467,0.5732999149268916,-0.8968566487996898,0.0,0.016954708534374054,-0.14179784345343066,0.2558139534883721
2026-06-01,2817.0,2898.0,2803.0,2859.0,403900.0,4483.T,ＪＭＤＣ,情報・通信業,TOPIX Small 1,65438992.0,187090078128.0,2018926950.0,1.6129828086423676,-0.26134267415590606,0.5807386245153164,0.3,1.1343580343949853,,0.7673752375435429,0.026626173854892164,-1.294877847966179,-0.6531430415949923,0.0,0.31962222403284085,-0.14246556178123387,0.45454545454545453
2026-06-01,1450.0,1458.0,1409.0,1410.5,637000.0,6849.T,日本光電工業,電気機器,TOPIX Mid400,159972486.0,225641191503.0,1020102487.5,1.1446403699029086,-0.017961658535998515,0.7561921439679775,0.2833333333333333,0.9310020813578259,,-0.1510334058344992,0.027684753301728322,-0.20706362190349037,-0.7343809106632248,0.0,0.7974851875294734,-0.14253276473690082,0.11206896551724138
2026-06-01,2359.0,2359.0,2291.0,2297.0,38700.0,9729.T,トーカイ,サービス業,TOPIX Small 2,30884672.0,70942091584.0,105436485.0,0.9877992809607589,-0.1620641859473292,0.8014654570830426,0.36666666666666664,1.2759694378237656,,-0.45859513803410246,0.02705798307741054,0.07363154010405278,-0.3281915653220622,0.0,-0.013148191077793402,-0.14304412507056144,0.4700854700854701
2026-06-01,859.0,867.0,850.0,864.0,415800.0,2124.T,ジェイエイシーリクルートメント,サービス業,TOPIX Small 1,158953625.0,137335932000.0,364962810.0,1.107604930834929,-0.13660691744508957,0.7576659633563049,0.3,0.9180966588879119,,-0.22365904156138516,0.027168708809819954,-0.19792592148989407,-0.6531430415949923,0.0,0.8278114373123958,-0.14528865185949918,0.46153846153846156
2026-06-01,2432.0,2432.0,2357.5,2361.5,465300.0,9003.T,相鉄ホールディングス,陸運業,TOPIX Mid400,95969073.0,226630965889.5,811752830.0,1.2216979601373321,-0.08381562007435839,0.7456583517524471,0.3,1.2761419654101953,,7.473866689586876e-05,0.027398323195420786,-0.2723732780573761,-0.6531430415949923,0.0,-0.013553610946279673,-0.14625552693245888,0.2222222222222222
2026-06-01,751.0,755.0,727.0,731.0,247500.0,8007.T,高島,卸売業,-,34071534.0,24906291354.0,165601230.0,1.5561614917758817,-0.15863843552418766,0.7988044249403082,0.03333333333333333,1.5820435173225145,,0.655949955054176,0.02707288329047232,0.05713310433652424,-1.952948946686713,0.0,-0.7323868683544287,-0.14737935496726148,0.2641509433962264
2026-06-01,5480.0,5491.0,5269.0,5354.0,465300.0,4922.T,コーセーホールディングス,化学,TOPIX Mid400,56736134.0,303765261436.0,1984870095.0,1.1080839457534661,0.5489932303419545,0.8236923076923077,0.21666666666666667,1.1333340784266746,,-0.22271970443303168,0.03015070896026979,0.2114383186101536,-1.0593323869361548,0.0,0.32202840209745653,-0.14865302308171013,0.1717171717171717
2026-06-01,1259.0,1271.0,1247.0,1271.0,174800.0,4849.T,エン,サービス業,TOPIX Small 1,37757493.0,47989773603.0,275342675.0,1.1126925916512351,0.2984773846842812,0.7110500091302923,0.4166666666666667,1.212908296827629,,-0.21368225688039932,0.029061096754303215,-0.4869454767928329,-0.08447795811736433,0.0,0.13503819475368656,-0.14946416937001095,0.452991452991453
2026-06-01,1105.0,1105.0,1080.0,1087.0,315100.0,3167.T,ＴＯＫＡＩホールディングス,卸売業,TOPIX Small 1,128896125.0,140110087875.0,302818625.0,0.8317552578897331,-0.06406172778811348,0.8946502057613168,0.2833333333333333,1.1478600125486127,,-0.7645938425752423,0.027484242240157997,0.6513782594661167,-0.7343809106632248,0.0,0.28789413740839764,-0.14976417791961155,0.25471698113207547
2026-06-01,2906.0,2907.0,2835.0,2852.0,39100.0,6333.T,帝国電機製作所,機械,TOPIX Small 2,15327293.0,43713439636.0,108924765.0,0.9518406610347167,-0.11361977172771143,0.8369185442909377,0.26666666666666666,0.9367363076262375,,-0.5291091564367671,0.027268690806919706,0.2934411668524917,-0.8156187797314572,0.0,0.7840104191882551,-0.1499141790372693,0.23076923076923078
2026-06-01,4680.0,4700.0,4605.0,4645.0,67700.0,4985.T,アース製薬,化学,TOPIX Small 1,21847495.0,101481614275.0,275811025.0,0.9768569237510955,-0.053431701319025304,0.8547177127951522,0.23333333333333334,1.0365053528275128,,-0.48005284634542533,0.027530477265970667,0.4037962556040488,-0.9780945178679223,0.0,0.5495647051923681,-0.15160728356962383,0.16161616161616163
2026-06-01,954.0,954.0,938.0,941.0,118500.0,9470.T,学研ホールディングス,情報・通信業,TOPIX Small 2,41538879.0,39088085139.0,123075095.0,1.133837837837838,-0.08473769820632271,0.8200655904511602,0.2,1.1181801921179013,,-0.1722169202852332,0.027394312640380624,0.18895262199298477,-1.1405702560043873,0.0,0.3576382817781275,-0.1516187518243679,0.44886363636363635
2026-06-01,2811.0,2839.0,2787.0,2829.0,145600.0,6486.T,イーグル工業,機械,TOPIX Small 1,45448481.0,128573752749.0,393182330.0,1.2597444089456868,-0.24635808735317,0.8178864030384179,0.1,1.002009223757413,,0.07468294101020664,0.026691348928503826,0.17544163015746625,-1.6279974704137827,0.0,0.630626617668508,-0.15223639116247112,0.22115384615384615
2026-06-01,831.0,834.0,816.0,829.0,505700.0,7246.T,プレス工業,輸送用機器,TOPIX Small 1,97552944.0,80871390576.0,318825795.0,1.04510214772132,-0.04415244639676863,0.8449809392519024,0.2,1.0200930321126256,,-0.34622554738823624,0.02757083714579792,0.34342812614537666,-1.1405702560043873,0.0,0.5881317601398082,-0.15265700272520194,0.2903225806451613
2026-06-01,2800.0,2800.0,2642.0,2686.0,1516200.0,141A.T,トライアルホールディングス,小売業,-,122642482.0,329417706652.0,6040656910.0,1.4104187015936396,-0.14947908009113042,0.5549586776859504,0.48333333333333334,1.2564705882352942,,0.3701517289236037,0.02711272167056538,-1.4547138717496206,0.24047351815556575,0.0,0.0326718496437063,-0.1539220414958617,0.43119266055045874
2026-06-01,2292.0,2328.0,2201.0,2211.0,486000.0,1961.T,三機工業,建設業,TOPIX Small 1,152752368.0,337735485648.0,1655273850.0,1.0313440358502712,0.029596654436002012,0.7943712807111738,0.35,1.3755540823751171,,-0.3732048851841913,0.027891606956727384,0.029647549337775497,-0.40942943439029467,0.0,-0.2471605848795715,-0.15417125409183366,0.4307692307692308
2026-06-01,1241.0,1296.0,1241.0,1279.0,93900.0,6083.T,ＥＲＩホールディングス,サービス業,-,22447935.0,28710908865.0,132411901.47644043,0.8222503679868552,-0.05761735612619945,0.76899436739723,0.43333333333333335,0.7596283768689739,,-0.783232710888468,0.027512271868400363,-0.12768966112448513,-0.0032400890491318048,0.0,1.2001935669466948,-0.154944376989949,0.4444444444444444
2026-06-01,3210.0,3310.0,2937.0,2947.0,594300.0,3993.T,ＰＫＳＨＡ　Ｔｅｃｈｎｏｌｏｇｙ,情報・通信業,TOPIX Small 1,31038863.0,91471529261.0,1321615800.0,1.1296391999234376,-0.7659022389166213,0.6527131782945736,0.5166666666666667,1.3293640739802381,,-0.18045035170643559,0.024431605048447415,-0.8486346277683949,0.4029492562920311,0.0,-0.13861940884880203,-0.15522019421681146,0.4431818181818182
2026-06-01,2712.0,2712.0,2599.0,2600.0,251200.0,5410.T,合同製鐵,鉄鋼,TOPIX Small 1,14623996.0,38022389600.0,489650120.0,1.7826251227928767,-0.3694122774249782,0.6200158079612053,0.06666666666666667,0.9158560375120741,,1.1000398750208085,0.026156127904278504,-1.0513587721140716,-1.7904732085502477,0.0,0.8330766383293344,-0.155639903057613,0.42105263157894735
2026-06-01,330.0,332.0,320.0,329.0,534400.0,6625.T,ＪＡＬＣＯホールディングス,不動産業,-,110567722.0,36376780538.0,159808240.0,1.0610728396123095,-0.04313233980135456,0.7714022689476844,0.3,0.984141369991671,,-0.31490739156855413,0.02757527407311017,-0.11276063849949663,-0.6531430415949923,0.0,0.672614006895622,-0.15872591296822805,0.5
2026-06-01,2692.0,2692.0,2607.0,2613.0,88600.0,9621.T,建設技術研究所,サービス業,TOPIX Small 1,27305497.0,71349263661.0,195460865.0,1.4034798926731304,-0.05467472180465349,0.730909090909091,0.13333333333333333,0.9486193880195035,,0.3565448858100558,0.027525070780445367,-0.36381889749757845,-1.4655217322773177,0.0,0.7560865550112512,-0.15877022244292552,0.4358974358974359
2026-06-01,1816.0,1824.0,1788.0,1793.0,165500.0,7821.T,前田工繊,その他製品,TOPIX Small 1,67186037.0,120464564341.0,322586540.0,1.2435253143845544,-0.0769460464038364,0.8000892458723784,0.15,1.1495664631435178,,0.04287767332444729,0.02742820222882698,0.06509901173016958,-1.384283863209085,0.0,0.2838841759287209,-0.16285209945057422,0.2857142857142857
2026-06-01,2648.0,2690.0,2590.0,2597.0,574700.0,4776.T,サイボウズ,情報・通信業,TOPIX Small 1,46244085.0,120095888745.0,1569977230.0,1.0968777130311087,0.14720469521664303,0.6329826178132124,0.5333333333333333,1.1654285077771402,,-0.24469486649526015,0.028403140095152137,-0.9709643732575186,0.4841871253602633,0.0,0.24661020611110962,-0.16330722714193574,0.4375
2026-06-01,2182.0,2186.0,2182.0,2183.0,467300.0,6670.T,ＭＣＪ,電気機器,-,94177920.0,205590399360.0,356449160.0,0.2626312210549187,-0.0550037021255223,0.9183845183003786,0.43333333333333335,0.07975460122699386,,-1.8806328587919015,0.027523639889029294,0.7985313226041606,-0.0032400890491318048,0.0,2.797818285474382,-0.16416613928853654,0.10344827586206896
2026-06-01,1810.0,1810.0,1758.0,1785.0,91200.0,3321.T,ミタチ産業,卸売業,-,7971165.0,14228529525.0,164693393.31176758,1.2926670015067805,-0.13584782431218878,0.7458379249413346,0.18333333333333332,1.0017060085830183,,0.13924338027320213,0.027172010465812624,-0.27125992182433695,-1.2218081250726198,0.0,0.6313391382495352,-0.1643523985285299,0.24528301886792453
2026-06-01,1490.0,1490.0,1446.0,1457.0,464600.0,3612.T,ワールド,繊維製品,TOPIX Small 1,76200978.0,111024824946.0,395638760.0,0.7670219380914443,-0.10146173137238557,0.8631516587677726,0.3,0.7774880035536504,,-0.8915343790282642,0.027321571889699196,0.4560868362631386,-0.6531430415949923,0.0,1.158225510408298,-0.16489601525084746,0.4117647058823529
2026-06-01,2922.0,2922.0,2818.0,2864.0,260700.0,5482.T,愛知製鋼,鉄鋼,TOPIX Small 1,64019105.0,183350716720.0,653434975.0,0.9430567425702492,-0.023001890603191133,0.8358994977461507,0.26666666666666666,1.0179781040626596,,-0.5463342165065054,0.02766283094241848,0.28712306430375123,-0.8156187797314572,0.0,0.593101596382341,-0.164930970670873,0.3684210526315789
2026-06-01,1578.0,1578.0,1551.0,1559.0,99900.0,5988.T,パイオラックス,金属製品,TOPIX Small 1,24192792.0,37716562728.0,163733125.0,1.0458345104947402,-0.2518188597109978,0.7965170027003193,0.2833333333333333,1.1403279543228038,,-0.34478940100140076,0.026667597440052176,0.04295105508818488,-0.7343809106632248,0.0,0.3055936028592888,-0.16581769632921944,0.32142857142857145
2026-06-01,1502.5,1502.5,1441.5,1450.5,732700.0,8570.T,イオンフィナンシャルサービス,その他金融業,TOPIX Mid400,215884173.0,313139992936.5,1020749202.5,1.1121906453772032,-2.0324830292745015,0.7925190109205407,0.2,0.8520928347174612,,-0.2146665618642121,0.01892264458571245,0.018163451241353306,-1.1405702560043873,0.0,0.9829127881660823,-0.16724318806370825,0.2222222222222222
2026-06-01,1199.0,1199.0,1148.0,1163.0,127100.0,4577.T,ダイト,医薬品,TOPIX Small 2,28838162.0,33538782406.0,102198655.69946289,1.0262710492227978,-0.1403083685522324,0.7773829794750259,0.2833333333333333,0.8716083255521857,,-0.38315289412173864,0.027152609443747745,-0.07568015123483209,-0.7343809106632248,0.0,0.9370536424411046,-0.16744055589389262,0.5277777777777778
2026-06-01,177.0,183.0,177.0,183.0,5540900.0,2146.T,ＵＴグループ,サービス業,TOPIX Small 1,568855920.0,104100633360.0,935469700.0,1.1198812405547458,-0.16639719092817018,0.8446986516102465,0.11666666666666667,0.9366342529920122,,-0.19958548336364554,0.027039136784062338,0.34167793889696485,-1.54675960134555,0.0,0.7842502357720389,-0.1676024272787334,0.42735042735042733
2026-06-01,354.0,354.0,338.0,346.0,812200.0,3415.T,ＴＯＫＹＯ　ＢＡＳＥ,小売業,TOPIX Small 2,43959469.0,15209976274.0,365904355.0,1.2382716858146563,-0.047384096656364116,0.5908327779546756,0.4666666666666667,0.9339217698706715,,0.03257542973388432,0.02755678116638861,-1.2322939582519739,0.15923564908733323,0.0,0.7906242573014779,-0.16800917869715265,0.42201834862385323
2026-06-01,5255.0,5255.0,5119.0,5124.0,219000.0,9987.T,スズケン,卸売業,TOPIX Mid400,67637845.0,346576317780.0,1180944125.0,1.1867431881379875,-0.18103753681505497,0.7749038427608596,0.23333333333333334,1.2126654420418446,,-0.06847075726960575,0.026975458977430814,-0.09105083285146431,-0.9780945178679223,0.0,0.13560887540454064,-0.16851772505329793,0.2358490566037736
2026-06-01,1368.0,1420.0,1368.0,1385.0,54100.0,5621.T,ヒューマンテクノロジーズ,情報・通信業,-,9593157.0,13286522445.0,115827385.0,1.4443969519654518,0.1327894700760952,0.5272773385024978,0.48333333333333334,1.2488799123656946,,0.43678228863185065,0.02834044144539742,-1.626338554196363,0.24047351815556575,0.0,0.05050905977606189,-0.17039054760782266,0.4318181818181818
2026-06-01,302.0,304.0,287.0,295.0,258100.0,7859.T,アルメディオ,その他製品,-,20035579.0,5910495805.0,155560585.0,0.4560655660989405,0.01746833417086302,0.7994579945799458,0.7,1.3450759203184603,,-1.50131260139061,0.027838855140713215,0.06118524506267397,1.2965658160425886,0.0,-0.17554043004858275,-0.17042353664598026,0.25
2026-06-01,1060.0,1060.0,1019.0,1027.0,524400.0,9416.T,ビジョン,情報・通信業,TOPIX Small 1,49284064.0,50614733728.0,408614575.0,1.2822563287471647,-0.6138652509953939,0.7647058823529411,0.16666666666666666,1.1176127946360233,,0.11882829281807943,0.025092886003999167,-0.15427832719392376,-1.3030459941408528,0.0,0.35897160021863184,-0.17238368984346142,0.42613636363636365
2026-06-01,898.0,898.0,862.0,879.0,1005500.0,8273.T,イズミ,小売業,TOPIX Small 1,210098340.0,184676440860.0,563328775.0,1.0015069248098387,0.3576716863875249,0.7788835867583224,0.31666666666666665,1.0427514723273041,,-0.4317147668569215,0.02931856084201469,-0.06637636550516691,-0.5719051725267598,0.0,0.5348870469780596,-0.17291574813487107,0.41284403669724773
2026-06-01,194.0,196.0,192.0,196.0,726600.0,2120.T,ＬＩＦＵＬＬ,サービス業,TOPIX Small 2,128340581.0,25154753876.0,140155385.0,0.7601514497667633,-0.31838595900629674,0.8590491299831355,0.31666666666666665,0.8837209302325582,,-0.9050072470403923,0.026378065559473807,0.4306511015529898,-0.5719051725267598,0.0,0.9085904227429417,-0.1738833298014985,0.4188034188034188
2026-06-01,706.0,710.0,700.0,709.0,1300800.0,3387.T,クリエイト・レストランツ・ホールディングス,小売業,TOPIX Small 1,421024568.0,298506418712.0,672432100.0,0.7864819057847996,-0.047377798059138554,0.855482013870219,0.3,0.8668544474698021,,-0.8533738344115134,0.0275568085619747,0.40853493274798075,-0.6531430415949923,0.0,0.9482247059611109,-0.1753074908539818,0.4036697247706422
2026-06-01,1430.0,1436.0,1417.0,1433.0,285400.0,1898.T,世紀東急工業,建設業,TOPIX Small 1,36632189.0,52493926837.0,256373555.0,1.1553972220100601,-0.042152879932317644,0.8481272135656447,0.08333333333333333,0.9810821571373269,,-0.1299394687201582,0.02757953420853496,0.3629350700257922,-1.7092353394820152,0.0,0.6798028031846429,-0.1753981303858175,0.4153846153846154
2026-06-01,4055.0,4055.0,3855.0,3970.0,175100.0,9279.T,ギフトホールディングス,小売業,TOPIX Small 2,20046749.0,79585593530.0,389737750.0,0.7483300721948587,-0.25231498629528115,0.8010993179227982,0.4666666666666667,1.1760509919898243,,-0.9281886938635623,0.0266654395502767,0.07136147229079363,0.15923564908733323,0.0,0.22164859712077997,-0.1761407419010237,0.3944954128440367
2026-06-01,420.0,420.0,385.0,386.0,1326300.0,2982.T,ＡＤワークスグループ,不動産業,-,49369984.0,19056813824.0,354337740.0,1.1154257758752484,-0.1320448469638278,0.75390625,0.3,1.1888522220303892,,-0.20832254610544923,0.027188551417651058,-0.22123619584440665,-0.6531430415949923,0.0,0.19156718749286195,-0.17792383470543663,0.4807692307692308
2026-06-01,3840.0,3850.0,3685.0,3730.0,76200.0,9699.T,ニシオホールディングス,サービス業,TOPIX Small 1,27763200.0,103556736000.0,194693525.0,1.2447935617816401,-0.08006244891971748,0.764344262295082,0.16666666666666666,1.0131189166314007,,0.04536467701038322,0.02741464751650492,-0.15652037651043743,-1.3030459941408528,0.0,0.6045201246890223,-0.17834013705704224,0.41025641025641024
2026-06-01,1762.0,1778.0,1709.0,1760.0,1175400.0,2585.T,ライフドリンク　カンパニー,食料品,TOPIX Small 1,51887981.0,91322846560.0,2056981865.0,1.1745908656024975,1.43966743999517,0.5913290764631836,0.55,1.296567160790635,,-0.09230117947894265,0.03402467345073933,-1.2292169006950047,0.5654249944284961,0.0,-0.061550457110459256,-0.1786762803373003,0.23255813953488372
2026-06-01,2463.0,2463.0,2434.0,2450.0,44600.0,4362.T,日本精化,化学,TOPIX Small 2,21684983.0,53128208350.0,115787850.0,0.8979949386801636,-0.121942314713399,0.8026781437728867,0.31666666666666665,0.9142091795081287,,-0.6346993672074515,0.027232492120971997,0.08115021420694073,-0.5719051725267598,0.0,0.8369465641144904,-0.17957512360352118,0.15151515151515152
2026-06-01,2290.0,2297.0,2266.0,2293.0,110900.0,8160.T,木曽路,小売業,TOPIX Small 1,28159799.0,64570419107.0,186017380.0,0.9928066412863901,-5.245765420262065,0.8690993405317442,0.18333333333333332,1.1344216973789731,,-0.44877582075005357,0.004946555746917429,0.4929625447420879,-1.2218081250726198,0.0,0.3194726233856057,-0.17966239489397912,0.3853211009174312
2026-06-01,1680.0,1723.0,1633.0,1686.0,628900.0,5985.T,サンコール,金属製品,TOPIX Small 2,30291286.0,51071108196.0,2529939425.0,0.8084732752389171,0.31557846311705173,0.7051180003418025,0.6333333333333333,1.4882540349805242,,-0.8102492697431019,0.029135477453642294,-0.523724012608919,0.9716143397696585,0.0,-0.5119924353054545,-0.17988072139397265,0.2857142857142857
2026-06-01,1725.0,1798.0,1722.0,1782.0,226500.0,6310.T,井関農機,機械,TOPIX Small 2,22628095.0,40323265290.0,351752285.0,0.9081796498667124,-0.10300411293908407,0.7316907056659618,0.4666666666666667,1.1467897439214523,,-0.6147273851483176,0.02731486334087698,-0.35897287528909216,0.15923564908733323,0.0,0.29040914486342356,-0.18024190090340741,0.21153846153846154
2026-06-01,476.0,495.0,471.0,489.0,671400.0,6535.T,アイモバイル,サービス業,TOPIX Small 2,56094873.0,27430392897.0,132230795.0,1.1465065132803247,0.013321939460997356,0.6735537190082644,0.38333333333333336,1.022636484687084,,-0.14737394201948698,0.02782082050392302,-0.7194229896210721,-0.24695369625382937,0.0,0.5821549408404897,-0.18170818569915534,0.4017094017094017
2026-06-01,3460.0,3499.0,3392.0,3489.0,256700.0,3549.T,クスリのアオキホールディングス,小売業,TOPIX Mid400,94963067.0,331326140763.0,1137033222.8686523,0.9843769920530363,0.012541212880840202,0.7337324155075965,0.36666666666666664,0.880018078470488,,-0.4653061670867946,0.02781742475380978,-0.3463142462792499,-0.3281915653220622,0.0,0.9172916960028804,-0.18199918483726152,0.3761467889908257
2026-06-01,1475.0,1475.0,1446.0,1456.0,376600.0,9832.T,オートバックスセブン,卸売業,TOPIX Small 1,78528152.0,114336989312.0,390526065.0,1.071561712674364,-0.33553819062293644,0.8311642214679812,0.16666666666666666,1.024901833967126,,-0.2943389551368413,0.026303462370681527,0.2577642864587746,-1.3030459941408528,0.0,0.5768316321094288,-0.18207133341544146,0.22641509433962265
2026-06-01,622.0,622.0,608.0,616.0,1213500.0,8848.T,レオパレス２１,不動産業,TOPIX Small 1,317703614.0,195705426224.0,793715915.0,1.0866568596785464,-0.04774888435940794,0.7725510655369064,0.26666666666666666,1.1014997228426033,,-0.26473772250241057,0.0275551945316878,-0.10563808389639429,-0.8156187797314572,0.0,0.39683545482057037,-0.1829242929906496,0.46153846153846156
2026-06-01,2100.0,2145.0,2099.0,2119.0,134300.0,5461.T,中部鋼鈑,鉄鋼,TOPIX Small 1,27091322.0,57406511318.0,224793305.0,0.8501439972584504,0.647435339197074,0.8229126213592233,0.31666666666666665,0.9776190588702429,,-0.7285339518198563,0.030578880372373607,0.20660425265558177,-0.5719051725267598,0.0,0.6879406834683168,-0.18455665903635243,0.3157894736842105
2026-06-01,4195.0,4195.0,4110.0,4155.0,59100.0,3496.T,アズーム,不動産業,TOPIX Small 2,12335339.0,51253333545.0,467730850.0,1.2090766144336604,0.26585468290634195,0.6764145202287715,0.3333333333333333,1.034246145050917,,-0.02467542708044274,0.028919205154769735,-0.7016859828325324,-0.4906673034585272,0.0,0.554873582100837,-0.18513266846166196,0.4423076923076923
2026-06-01,493.0,498.0,486.0,498.0,349700.0,3565.T,アセンテック,卸売業,TOPIX Small 2,42956754.0,21392463492.0,130777010.0,0.44108201448137113,-0.03384193911682498,0.7650702987072953,0.6666666666666666,0.8551626643616839,,-1.530694998064109,0.027615682431142808,-0.15201894080080391,1.1340900779061236,0.0,0.9756990436490974,-0.18727515320002885,0.2169811320754717
2026-06-01,991.0,991.0,954.0,970.0,225000.0,3989.T,シェアリングテクノロジー,情報・通信業,-,23931269.0,23213330930.0,162991810.0,0.9045402304401154,-0.018822568831574293,0.7428565470459109,0.4,0.9051294585139267,,-0.6218642021048609,0.02768100879461406,-0.2897445056504587,-0.16571582718559685,0.0,0.8582828580228332,-0.18843793063435132,0.42045454545454547
2026-06-01,1217.0,1217.0,1165.0,1168.0,88900.0,5142.T,アキレス,化学,TOPIX Small 2,13665921.0,15961795728.0,124705970.0,1.3929089677856246,-25.428846153846155,0.6567112681627039,0.31666666666666665,1.2911936182010173,,0.33581554765459065,-0.08283923306651128,-0.823846415772439,-0.5719051725267598,0.0,-0.04892325368710587,-0.18975714307083721,0.1414141414141414
2026-06-01,2374.0,2390.0,2305.0,2305.0,79900.0,4641.T,アルプス技研,サービス業,TOPIX Small 2,19616270.0,45215502350.0,116614320.0,1.2747039495446226,-0.11122703908261622,0.7435085401521205,0.16666666666666666,1.02263067841017,,0.10401825263391026,0.027279097935813554,-0.2857021394531762,-1.3030459941408528,0.0,0.5821685849195124,-0.19066456012335659,0.39316239316239315
2026-06-01,2414.0,2423.0,2366.0,2382.0,131100.0,2281.T,プリマハム,食料品,TOPIX Small 1,50262348.0,119724912936.0,301381920.0,1.086548150545385,-0.5411364784785704,0.8253039055761279,0.16666666666666666,1.104992789246732,,-0.26495089858736753,0.025409217923248646,0.22143024758473934,-1.3030459941408528,0.0,0.3886271528818393,-0.1916249121261178,0.20930232558139536
2026-06-01,1026.0,1026.0,984.0,1015.0,105900.0,3083.T,スターシーズ,小売業,-,8378938.0,8504622070.0,139078525.0,0.6936054988544053,0.14071479471189474,0.7529673590504451,0.55,1.1002439948522542,,-1.0355023110030237,0.028374912440382764,-0.2270573326037801,0.5654249944284961,0.0,0.39978627032339586,-0.19239025348097205,0.3669724770642202
2026-06-01,4762.0,4842.0,4736.0,4775.0,290100.0,9706.T,日本空港ビルデング,不動産業,TOPIX Mid400,92824227.0,443235683925.0,1777280835.0,1.0269420496758335,-18.103977000479155,0.8190394511149228,0.25,1.161534481415891,,-0.38183707781980963,-0.0509799037068706,0.18259054404001016,-0.8968566487996898,0.0,0.2557607175622327,-0.19342659801550985,0.4230769230769231
2026-06-01,1787.0,1787.0,1740.0,1754.0,77700.0,8093.T,極東貿易,卸売業,TOPIX Small 2,12034939.0,21109283006.0,106024165.0,0.951748844055041,-0.10840718505812841,0.8038588586747545,0.2833333333333333,1.0624553000079722,,-0.5292892074011212,0.027291362818124925,0.08847066278604443,-0.7343809106632248,0.0,0.4885853314537028,-0.19353319861533874,0.20754716981132076
2026-06-01,1169.0,1171.0,1151.0,1151.0,114400.0,8163.T,ＳＲＳホールディングス,小売業,TOPIX Small 2,41354126.0,47598599026.0,108501445.0,0.8507732476400884,0.054598591004103136,0.8800942462654745,0.23333333333333334,1.1459761668866937,,-0.7273000064381377,0.02800035223463939,0.5611311110306488,-0.9780945178679223,0.0,0.2923209567728172,-0.1946968211862923,0.3577981651376147
2026-06-01,1765.5,1775.5,1691.5,1691.5,1939100.0,1893.T,五洋建設,建設業,TOPIX Mid400,273083661.0,461921012581.5,6073923937.5,1.1736527056125936,-0.1008053188500796,0.7628794548423363,0.25,1.3589059118592026,,-0.09414088942689912,0.027324426939025818,-0.16560220279987434,-0.8968566487996898,0.0,-0.20803931018505373,-0.19475501901114936,0.4
2026-06-01,2948.0,2948.0,2834.0,2834.0,73900.0,7943.T,ニチハ,ガラス・土石製品,TOPIX Small 1,33203851.0,94099713734.0,246472140.0,1.1015432411440922,-0.036094089741055546,0.7719623469975476,0.23333333333333334,1.0637753205543259,,-0.23554587423989254,0.0276058867601209,-0.10928814691171136,-0.9780945178679223,0.0,0.4854834358822377,-0.19628263213836167,0.3333333333333333
2026-06-01,797.0,805.0,778.0,778.0,106200.0,8070.T,東京産業,卸売業,TOPIX Small 2,26120417.0,20321684426.0,125510745.0,1.398335532789699,-0.14839214014142055,0.7009002609518991,0.15,1.0338051659972223,,0.3464569155754832,0.027117449287827465,-0.5498740546512495,-1.384283863209085,0.0,0.5559098318603906,-0.19642830760276547,0.19811320754716982
2026-06-01,728.0,735.0,710.0,717.0,402600.0,5590.T,ネットスターズ,情報・通信業,-,16890743.0,12110662731.0,181536845.0,1.3724566351093102,0.32533857128088495,0.5260454878943507,0.4666666666666667,1.058021887259963,,0.2957089983576141,0.02917792879223506,-1.6339760448554659,0.15923564908733323,0.0,0.49900333851239126,-0.19673796289491136,0.4147727272727273
2026-06-01,3185.0,3185.0,3105.0,3115.0,90700.0,3139.T,ラクト・ジャパン,卸売業,TOPIX Small 2,9999707.0,31149087305.0,201177266.47094727,1.187020594114639,-0.1911101885897284,0.7461859954539036,0.2,0.9471506440462542,,-0.06792677059317477,0.026931648238468085,-0.2691018798743852,-1.1405702560043873,0.0,0.7595379334301879,-0.19717779829270243,0.18867924528301888
2026-06-01,5300.0,5300.0,5150.0,5290.0,295800.0,7581.T,サイゼリヤ,小売業,TOPIX Small 1,49128591.0,259890246390.0,2237349550.0,1.0593002173263537,0.697181857506769,0.7326869806094183,0.2833333333333333,0.8073654390934845,,-0.3183834626955868,0.030795251570020936,-0.3527959569807984,-0.7343809106632248,0.0,1.0880169933941153,-0.19821253110732912,0.3486238532110092
2026-06-01,372.0,372.0,353.0,357.0,1449900.0,2931.T,ユーグレナ,食料品,TOPIX Small 1,139252138.0,49713013266.0,449243065.0,1.0243624389561699,0.8460000000000001,0.6993772921926164,0.4166666666666667,1.1486011627980726,,-0.3868956345200443,0.03144253224044798,-0.5593164818386036,-0.08447795811736433,0.0,0.28615252006544023,-0.19909063965195245,0.18604651162790697
2026-06-01,1705.5,1705.5,1647.0,1659.0,556500.0,4681.T,リゾートトラスト,サービス業,TOPIX Mid400,212349693.0,352288140687.0,1050129217.5,0.9743591109170165,0.08331282688258979,0.8071444517907099,0.25,1.034009541193047,,-0.48495099929208757,0.028125244062603666,0.1088413851502333,-0.8968566487996898,0.0,0.5554295737942587,-0.19919518040756484,0.38461538461538464
2026-06-01,2715.0,2715.0,2630.0,2655.0,117600.0,2292.T,Ｓ　Ｆｏｏｄｓ,食料品,TOPIX Small 1,31673283.0,84092566365.0,236592160.0,0.9346882996578955,-0.21226094727435207,0.8213609533355607,0.21666666666666667,0.8110771012392467,,-0.5627445386695091,0.02683965355937816,0.19698388963560742,-1.0593323869361548,0.0,1.079295016751769,-0.19951455055324607,0.16279069767441862
2026-06-01,1048.0,1048.0,1007.0,1007.0,277400.0,4116.T,大日精化工業,化学,TOPIX Small 2,68261840.0,68739672880.0,182748260.0,0.9116254322958234,-0.2004395700047874,0.8287189444446615,0.26666666666666666,1.1136340713920139,,-0.607970285845907,0.026891070334753936,0.24260353538960594,-0.8156187797314572,0.0,0.3683211395457045,-0.20067585678230043,0.13131313131313133
2026-06-01,1764.0,1768.0,1747.0,1760.0,229300.0,2379.T,ディップ,サービス業,TOPIX Small 1,52354930.0,92144676800.0,641136655.0,0.8933817664167291,-0.2899180502090074,0.7324498168035029,0.4166666666666667,0.9545229794499343,,-0.6437456908580123,0.02650188599415504,-0.3542663758289742,-0.08447795811736433,0.0,0.7422137981330522,-0.20072523019271118,0.37606837606837606
2026-06-01,1345.0,1348.0,1327.0,1342.0,911100.0,7599.T,ＩＤＯＭ,卸売業,TOPIX Small 1,100407228.0,134746499976.0,766533670.0,0.7219670314505477,-0.020770943714965795,0.8682951638720798,0.2833333333333333,0.8549163815131059,,-0.9798860043837646,0.027672534388337805,0.48797663842695976,-0.7343809106632248,0.0,0.9762777798509256,-0.20180128742040215,0.1792452830188679
2026-06-01,816.0,816.0,800.0,809.0,493600.0,3222.T,ユナイテッド・スーパーマーケット・ホールディングス,小売業,TOPIX Small 1,207101189.0,167544861901.0,313169885.0,0.9418464647878338,0.13195227827676326,0.7838794290485468,0.2833333333333333,0.8836039684047683,,-0.5487075431246319,0.028336800101270498,-0.035402074813106865,-0.7343809106632248,0.0,0.908865269506997,-0.2018869738425956,0.3394495412844037
2026-06-01,632.0,643.0,629.0,637.0,1020400.0,3661.T,エムアップホールディングス,情報・通信業,TOPIX Small 1,69677072.0,44384294864.0,781057650.0,1.5079880561971237,-0.0064986199492022,0.5020538201687351,0.4166666666666667,1.1037844960709813,,0.5614829668909291,0.02773461149225056,-1.7827247136784659,-0.08447795811736433,0.0,0.39146650205806655,-0.2023389167545996,0.4090909090909091
2026-06-01,2958.0,2963.0,2899.0,2918.0,90400.0,7483.T,ドウシシャ,卸売業,TOPIX Small 2,35871328.0,104672535104.0,304733600.0,1.0537493100638684,-0.14350792754785746,0.7908308690186937,0.21666666666666667,1.0122183316190858,,-0.3292686628969132,0.02713869304446294,0.007696948305587908,-1.0593323869361548,0.0,0.6066363952797673,-0.20256114107842987,0.16981132075471697
2026-06-01,243.0,244.0,239.0,240.0,2131200.0,2353.T,日本駐車場開発,不動産業,TOPIX Small 1,312151523.0,74916365520.0,364437880.0,0.9804674346859846,-0.9606214400467358,0.7894736842105263,0.25,0.897196261682243,,-0.47297271826961407,0.023584678907985393,-0.0007176161119641213,-0.8968566487996898,0.0,0.8769249527900208,-0.20317278274325243,0.40384615384615385
2026-06-01,1481.0,1485.0,1450.0,1465.0,72000.0,3182.T,オイシックス・ラ・大地,小売業,TOPIX Small 1,34732844.0,50883616460.0,158505670.0,0.7568231860310308,0.04761262961165924,0.7431750210304583,0.5,1.042374113248681,,-0.9115338949148951,0.027969966975840154,-0.28776996258000725,0.3217113872237983,0.0,0.5357737971563553,-0.20339957655937765,0.3302752293577982
2026-06-01,2543.0,2577.0,2305.0,2314.0,105300.0,5449.T,大阪製鐵,鉄鋼,TOPIX Small 2,29918539.0,69231499246.0,191359145.0,1.2762492288710672,-0.04752564876282439,0.5880559085133418,0.4166666666666667,1.0574443141852286,,0.10704850949822484,0.027556165489154405,-1.2495105868589407,-0.08447795811736433,0.0,0.5003605684188991,-0.20390461392160303,0.2631578947368421
2026-06-01,3583.0,3600.0,3526.0,3600.0,1017700.0,9989.T,サンドラッグ,小売業,TOPIX Mid400,116982899.0,421138436400.0,1854614165.0,1.2922487602186572,-0.22283166794773246,0.7609497279373532,0.1,0.9939398380332136,,0.1384232188223974,0.026793676482593492,-0.17756653606719866,-1.6279974704137827,0.0,0.6495887405774877,-0.20592926692038505,0.3211009174311927
2026-06-01,2139.0,2139.0,2070.0,2085.0,104900.0,6430.T,ダイコク電機,機械,TOPIX Small 2,14559822.0,30357228870.0,171121570.0,1.316610721759526,-0.7143908476617382,0.6987574805789681,0.18333333333333332,0.9637393603749687,,0.18619645950713537,0.024655652515426164,-0.5631593223407989,-1.2218081250726198,0.0,0.7205563691973672,-0.207162236763544,0.20192307692307693
2026-06-01,2339.0,2339.0,2290.0,2290.0,85200.0,2211.T,不二家,食料品,TOPIX Small 2,25775606.0,59026137740.0,106964090.0,0.862,0.07661592719460031,0.8626225710546146,0.21666666666666667,1.0200453068436437,,-0.7052846058433104,0.02809611607022853,0.4528064851878016,-1.0593323869361548,0.0,0.588243909000605,-0.20822348799610313,0.13953488372093023
2026-06-01,3320.0,3320.0,3210.0,3245.0,629700.0,5857.T,ＡＲＥホールディングス,非鉄金属,TOPIX Small 1,85944518.0,278889960910.0,2993893025.0,1.093727944290218,-0.12344101974904331,0.7002496502014529,0.36666666666666664,1.2113601459084984,,-0.2508714898310867,0.027225973542094505,-0.5539078502238461,-0.3281915653220622,0.0,0.13867617030889745,-0.20898787539988176,0.5384615384615384
2026-06-01,1531.0,1574.0,1515.0,1541.0,119200.0,5273.T,三谷セキサン,ガラス・土石製品,TOPIX Small 2,70252120.0,108258516920.0,114272265.0,1.4550444952095196,-0.007709920097191736,0.674226630069776,0.15,1.1018537975011289,,0.4576618736047882,0.027729342973515255,-0.7152509318141341,-1.384283863209085,0.0,0.3960034203357419,-0.2095447906828266,0.2857142857142857
2026-06-01,1348.0,1397.0,1336.0,1369.0,847200.0,6140.T,旭ダイヤモンド工業,機械,TOPIX Small 1,48136499.0,65898867131.0,1311618945.0,0.34511351055288847,-0.32175190614396776,0.7984127340484407,0.65,0.8939815838800513,,-1.7188870050434506,0.026363425459258922,0.05470461543688928,1.0528522088378913,0.0,0.8844790737208275,-0.21003818679694497,0.19230769230769232
2026-06-01,1233.0,1274.0,1220.0,1268.0,116500.0,9629.T,ピー・シー・エー,情報・通信業,TOPIX Small 2,20051931.0,25425848508.0,115529185.0,1.6617981563510116,-0.09575287098222873,0.6435621165980261,0.1,1.335736572868878,,0.8631010004827062,0.027346402430645393,-0.9053713357474427,-1.6279974704137827,0.0,-0.1535940440061409,-0.2103417391835251,0.4034090909090909
2026-06-01,1175.0,1175.0,1149.0,1149.0,366600.0,3284.T,フージャースホールディングス,不動産業,TOPIX Small 2,40901663.0,46996010787.0,231842190.0,0.9922594944802011,-0.945574438168198,0.8393867925915983,0.18333333333333332,1.1218169498553006,,-0.44984876292747633,0.023650125454358593,0.3087443401561091,-1.2218081250726198,0.0,0.3490923218297834,-0.2106173940064614,0.38461538461538464
2026-06-01,3270.0,3270.0,3180.0,3180.0,232100.0,8022.T,美津濃,その他製品,TOPIX Small 1,76043185.0,241817328300.0,1008696275.0,1.1629208026573943,-0.014003794026387628,0.7327424911315351,0.25,1.1351649248132765,,-0.11518590183379847,0.027701967931277653,-0.3524517909826284,-0.8968566487996898,0.0,0.3177261248985745,-0.21100353274718064,0.21428571428571427
2026-06-01,1999.0,2002.0,1915.0,1927.0,257200.0,8278.T,フジ,小売業,TOPIX Small 1,86646886.0,166968549322.0,218368310.0,0.7505161373100206,-0.13558731872072982,0.8360086767895879,0.35,1.1315131014335875,,-0.9239018709521992,0.02717314352816016,0.28779997586989947,-0.40942943439029467,0.0,0.32630748736336335,-0.21172122747240593,0.3119266055045872
2026-06-01,213.0,215.0,202.0,204.0,857000.0,4169.T,ＥＮＥＣＨＡＮＧＥ,情報・通信業,-,42867212.0,8744911248.0,348957710.0,1.4725642170024542,0.06237537405965066,0.4766355140186916,0.5333333333333333,1.4956772334293946,,0.4920176410802206,0.028034177151854637,-1.940318560292038,0.4841871253602633,0.0,-0.529436092874469,-0.21189449334007276,0.3977272727272727
2026-06-01,869.2999877929688,870.4000244140625,849.5,851.4000244140625,2125000.0,9504.T,中国電力,電気・ガス業,TOPIX Mid400,359586926.0,306152317575.3777,1819864019.300232,1.1666760620169556,0.2940671596395532,0.7561776137891709,0.18333333333333332,0.9996708525354076,,-0.10782192545952408,0.029041914594279846,-0.20715370921129905,-1.2218081250726198,0.0,0.6361215195153134,-0.21259088734369816,0.25
2026-06-01,1166.0,1203.0,1161.0,1171.0,684700.0,4475.T,ＨＥＮＮＧＥ,情報・通信業,-,31172568.0,36503077128.0,517209080.0,1.1321393545976743,0.026195200462301393,0.6045143800459948,0.5,1.2239811703609713,,-0.1755476064656218,0.027876812420445467,-1.1474678377119318,0.3217113872237983,0.0,0.10901822296510806,-0.21270364682185533,0.39204545454545453
2026-06-01,2738.0,2748.0,2692.0,2713.0,124800.0,1813.T,不動テトラ,建設業,TOPIX Small 2,15149354.0,41100197402.0,422935540.0,1.4410122572982234,-0.16222033549152226,0.7015324945979864,0.1,1.0515612632802684,,0.4301449810115018,0.027057303908997615,-0.5459541973776264,-1.6279974704137827,0.0,0.5141850574385644,-0.21338063593553963,0.38461538461538464
2026-06-01,5384.0,5408.0,5334.0,5334.0,150500.0,1820.T,西松建設,建設業,TOPIX Mid400,39484430.0,210609949620.0,868990400.0,1.2398466926584286,-0.04171306863805935,0.7912778677533012,0.08333333333333333,1.061539633311406,,0.03566398156914681,0.027581447156409724,0.010468346588477714,-1.7092353394820152,0.0,0.4907370422576463,-0.21394342231033528,0.36923076923076925
2026-06-01,1000.0,1000.0,931.0,936.0,163800.0,6039.T,日本動物高度医療センター,サービス業,-,12924460.0,12097294560.0,243558015.0,1.3975993998499625,-1.0244758752131609,0.5831775700934579,0.35,1.178390857059231,,0.3450133759800777,0.023306945690033526,-1.2797563519439186,-0.40942943439029467,0.0,0.21615018490540414,-0.21447809588452993,0.36752136752136755
2026-06-01,2721.0,2721.0,2658.0,2690.0,105000.0,9025.T,鴻池運輸,陸運業,TOPIX Small 1,53099618.0,142837972420.0,274159995.0,1.188556281887755,-0.10787595416467421,0.7570332719800249,0.15,0.9137966039183132,,-0.06491532254213793,0.02729367339318725,-0.20184861669698695,-1.384283863209085,0.0,0.8379160690199092,-0.21552191165700235,0.16666666666666666
2026-06-01,1174.0,1177.0,1135.0,1144.0,576400.0,1720.T,東急建設,建設業,TOPIX Small 1,106273199.0,121576539656.0,708498975.0,1.3351965545679465,-0.2285738021174668,0.6855234303370036,0.21666666666666667,1.1877776726744087,,0.2226428459195535,0.026768701218201674,-0.6452106152789359,-1.0593323869361548,0.0,0.1940922541653798,-0.21588448160350263,0.35384615384615387
2026-06-01,744.0,746.0,720.0,726.0,110300.0,8920.T,東祥,サービス業,TOPIX Small 2,35898007.0,26061953082.0,106984400.0,1.0846029683870713,0.08686644894905693,0.7450739067766077,0.26666666666666666,1.088871548736548,,-0.268765355615751,0.028140700450078274,-0.27599684492028265,-0.8156187797314572,0.0,0.4265102030231391,-0.2163728395840363,0.358974358974359
2026-06-01,2022.0,2036.0,1923.0,1945.0,102800.0,6547.T,グリーンズ,サービス業,-,13734548.0,26713695860.0,162449260.0,0.9998687491796824,-0.22352146715951093,0.7016594516594516,0.4,1.1188556566970091,,-0.4349271912149537,0.02679067621872257,-0.5451670618559689,-0.16571582718559685,0.0,0.3560510181613575,-0.2181223642900232,0.3504273504273504
2026-06-01,2080.0,2099.0,2053.0,2075.0,51300.0,3983.T,オロ,情報・通信業,TOPIX Small 2,15460703.0,32080958725.0,133906090.0,0.91093145225935,-0.03472409813118538,0.6314294980368691,0.5833333333333334,1.1624573598354646,,-0.6093311645771712,0.027611845503274522,-0.980593737164017,0.7279007325649611,0.0,0.25359206004354207,-0.2196838643143563,0.38636363636363635
2026-06-01,2457.0,2457.0,2420.0,2422.0,83800.0,7949.T,小松ウオール工業,その他製品,TOPIX Small 2,17600864.0,42629292608.0,184364820.0,1.1377421373207512,-0.20527752789482823,0.8108372615090652,0.06666666666666667,0.791862464911431,,-0.16456067969107527,0.026870027761757797,0.13173685603221394,-1.7904732085502477,0.0,1.124447189191207,-0.22042391359886337,0.17857142857142858
2026-06-01,2605.0,2614.0,2450.0,2450.0,829300.0,1980.T,ダイダン,建設業,TOPIX Small 1,129378062.0,316976251900.0,2287752435.0,1.3555386281358486,-0.09328184776002002,0.6791815584625884,0.21666666666666667,1.2505226247332337,,0.2625331796661101,0.027357150082384055,-0.6845303078469553,-1.0593323869361548,0.0,0.04664887575685414,-0.22100089338484807,0.3384615384615385
2026-06-01,1557.0,1557.0,1534.0,1539.0,130100.0,8706.T,極東証券,証券、商品先物取引業,TOPIX Small 1,31498314.0,48475905246.0,241295880.0,0.8155715753334446,0.30210953616823044,0.83802922846674,0.23333333333333334,0.7876799944425754,,-0.796329668142078,0.029076894703452663,0.3003274239698728,-0.9780945178679223,0.0,1.1342755109252614,-0.22174811069960704,0.2631578947368421
2026-06-01,1294.0,1300.0,1267.0,1281.0,67800.0,3678.T,メディアドゥ,情報・通信業,TOPIX Small 2,15179026.0,19444332306.0,110190110.0,1.2601914340951952,-0.19998342793222024,0.6638716203564469,0.25,0.9129487735454614,,0.07555954694457556,0.02689305431292753,-0.7794521340032756,-0.8968566487996898,0.0,0.8399083723110715,-0.22281035519067924,0.3806818181818182
2026-06-01,735.0,744.0,697.0,714.0,324700.0,6425.T,ユニバーサルエンターテインメント,機械,-,77490861.0,55328474754.0,290622170.0,0.913299633371746,0.01796132688781471,0.6335403726708074,0.5833333333333334,1.2371467025572005,,-0.6046872164255516,0.027840999399813604,-0.9675062854936471,0.7279007325649611,0.0,0.07808074541729913,-0.22462366419955482,0.18269230769230768
2026-06-01,2223.0,2236.0,2144.0,2165.0,64600.0,6223.T,西部技研,機械,-,19433900.0,42074393500.0,120500380.0,0.7179207358492666,-0.06977816593886466,0.8169811320754717,0.45,1.5283890684217583,,-0.9878206960676554,0.027459378739937642,0.16982893777599503,0.07799778001910071,0.0,-0.6063051206919499,-0.22474013080846286,0.17307692307692307
2026-06-01,506.0,517.0,489.0,507.0,281600.0,5027.T,ＡｎｙＭｉｎｄ　Ｇｒｏｕｐ,情報・通信業,-,60136700.0,30489306900.0,246842780.0,1.3632011944234046,-0.12028009071495971,0.6135248370469591,0.3,1.1467485434655666,,0.277559294164488,0.027239721921358453,-1.091602880773181,-0.6531430415949923,0.0,0.29050596116829625,-0.22556698031400865,0.375
2026-06-01,2664.0,2664.0,2545.0,2573.0,161000.0,6332.T,月島ホールディングス,機械,TOPIX Small 1,39559690.0,101787082370.0,532905740.0,0.9684307257508702,-0.1086817678617048,0.7421276816228014,0.3333333333333333,1.0647891938765712,,-0.4965764248941691,0.027290168527306556,-0.2942634812664342,-0.4906673034585272,0.0,0.4831009508694198,-0.22561930832031057,0.16346153846153846
2026-06-01,2085.5,2124.0,2004.5,2029.0,1815800.0,5471.T,大同特殊鋼,鉄鋼,TOPIX Mid400,199853804.0,405503368316.0,2085573027.5,0.8072433071447923,-0.17312782726443976,0.8614932424336418,0.23333333333333334,1.0345573409611137,,-0.8126612086051102,0.027009862055006103,0.44580463225474914,-0.9780945178679223,0.0,0.5541423077139621,-0.22625897248106644,0.21052631578947367
2026-06-01,3420.0,3420.0,3330.0,3335.0,37800.0,9782.T,ディーエムエス,サービス業,-,5426487.0,18097334145.0,125141460.0,0.9120569306449419,-0.36526283158407513,0.8450023429054812,0.2,1.0989416402818,,-0.607124127606435,0.02617417581188441,0.3435608290910074,-1.1405702560043873,0.0,0.40284665289526445,-0.22746852788633104,0.3418803418803419
2026-06-01,1231.0,1240.0,1218.0,1231.0,103900.0,2910.T,ロック・フィールド,食料品,TOPIX Small 2,26140697.0,32179198007.0,110324770.0,0.989869671618007,0.07110764835735628,0.789825671101253,0.26666666666666666,1.261236512638224,,-0.45453515004774014,0.028072157953570594,0.001464707436258406,-0.8156187797314572,0.0,0.021472478664049124,-0.22759199956280682,0.11627906976744186
2026-06-01,914.0,914.0,898.0,901.0,119500.0,5959.T,岡部,金属製品,TOPIX Small 2,44699884.0,40274595484.0,120971305.0,0.8289629645033169,2.87803197353914,0.8436329588014981,0.21666666666666667,0.8734291611004781,,-0.7700694650446352,0.040280802871472926,0.3350706288721469,-1.0593323869361548,0.0,0.9327748895541015,-0.22769415333157936,0.25
2026-06-01,378.0,385.0,367.0,385.0,1202800.0,3660.T,アイスタイル,情報・通信業,TOPIX Small 1,100029198.0,38511241230.0,632338845.0,1.2874459008848196,-0.04462121837757882,0.5620437956204379,0.43333333333333335,1.1448040885860307,,0.12900492323296175,0.02756879823416435,-1.410786043419298,-0.0032400890491318048,0.0,0.29507520518226793,-0.22874603141533448,0.3693181818181818
2026-06-01,1167.0,1168.0,1130.0,1157.0,226900.0,4449.T,ギフティ,情報・通信業,TOPIX Small 2,29778239.0,34453422523.0,434062915.0,0.8105602643222796,-2.8161434977578477,0.5982718380892583,0.7166666666666667,1.2790490375726633,,-0.8061567326286894,0.015514133600903287,-1.1861716834285367,1.3778036851108213,0.0,-0.02038489421046655,-0.22924367838655405,0.36363636363636365
2026-06-01,1015.0,1015.0,989.0,1000.0,151100.0,4839.T,ＷＯＷＯＷ,情報・通信業,TOPIX Small 2,28337561.0,28337561000.0,182520780.0,1.679132103928155,-6.978579812206573,0.5328803480319265,0.25,1.2737783536197074,,0.8970924690362673,-0.0025902757344625597,-1.5915998182970135,-0.8968566487996898,0.0,-0.007999396683608159,-0.22962288248808546,0.35795454545454547
2026-06-01,128.0,128.0,124.0,126.0,1364300.0,8789.T,フィンテック　グローバル,その他金融業,-,192531047.0,24258911922.0,144716450.0,0.7379871201414923,-0.06340984031447539,0.7636363636363637,0.4166666666666667,0.8888888888888887,,-0.9484709825867945,0.02748707760790221,-0.16090935789973512,-0.08447795811736433,0.0,0.8964463177789187,-0.23027722565332878,0.16666666666666666
2026-06-01,4219.0,4225.0,4143.0,4159.0,158100.0,8129.T,東邦ホールディングス,卸売業,TOPIX Mid400,64701623.0,269094050057.0,583187165.0,0.9853968634741672,0.015727184268290006,0.7507654627137279,0.3333333333333333,1.2755804509836408,,-0.4633062229202529,0.02783128205414346,-0.24070912007928036,-0.4906673034585272,0.0,-0.012234117005178211,-0.23122236060142143,0.16037735849056603
2026-06-01,1055.0,1098.0,1046.0,1071.0,268600.0,5381.T,マイポックス,ガラス・土石製品,-,13931818.0,14920977078.0,362674210.0,0.3901491673094896,-0.021255402805275936,0.7777777777777778,0.6833333333333333,1.2668487800305661,,-1.6305731282639033,0.027670427246026277,-0.07323239634511154,1.2153279469743563,0.0,0.00828429957223711,-0.23265874749872628,0.23809523809523808
2026-06-01,1514.0,1518.0,1481.0,1484.0,50600.0,9991.T,ジェコス,卸売業,TOPIX Small 2,33646255.0,49931042420.0,100883740.0,1.0168366137064264,-0.2955654040192881,0.7803056272349496,0.21666666666666667,1.0060372384437395,,-0.4016536030195894,0.026477322974490798,-0.05755969505399707,-1.0593323869361548,0.0,0.6211612491544906,-0.23314780460477275,0.1509433962264151
2026-06-01,1959.0,1966.0,1896.0,1904.0,92300.0,4377.T,ワンキャリア,情報・通信業,-,18362529.0,34962255216.0,194168175.0,1.106987016225266,-0.2187396115306074,0.6520861819713638,0.36666666666666664,0.98000475402743,,-0.22487075775757587,0.026811474776381645,-0.8525220135683742,-0.3281915653220622,0.0,0.682334575848715,-0.23513122946484694,0.3522727272727273
2026-06-01,1882.0,1882.0,1820.0,1833.0,779900.0,4666.T,パーク２４,不動産業,TOPIX Mid400,170665874.0,312830547042.0,1778530960.0,0.9374736967247221,-0.30280425473131645,0.7863577863577863,0.23333333333333334,0.8672942605526875,,-0.5572824397226388,0.026445837780121998,-0.020036225517706507,-0.9780945178679223,0.0,0.9471911960980688,-0.2360710134644554,0.36538461538461536
2026-06-01,897.0,902.0,830.0,848.0,673100.0,350A.T,デジタルグリッド,電気・ガス業,-,40408380.0,34266306240.0,685970410.0,1.2991950597781208,-0.23504851852918307,0.4109854766297659,0.7166666666666667,1.4270613107822412,,0.1520447509049371,0.026740539606253107,-2.347349692161064,1.3778036851108213,0.0,-0.36819661279279725,-0.23651289367743192,0.1875
2026-06-01,123.0,123.0,117.0,120.0,1791300.0,7238.T,曙ブレーキ工業,輸送用機器,TOPIX Small 2,271430356.0,32571642720.0,266449605.0,1.095285474197726,-0.15095864638556933,0.6557377049180327,0.36666666666666664,0.9881305637982196,,-0.24781720986187164,0.027106286335148874,-0.8298825212368879,-0.3281915653220622,0.0,0.6632398629579159,-0.2372209767794718,0.25806451612903225
2026-06-01,2818.0,2842.0,2748.0,2758.0,62100.0,3153.T,八洲電機,卸売業,TOPIX Small 2,21108257.0,58216572806.0,160702390.0,1.066305432767717,-0.21832955031415502,0.7659393663904224,0.2,0.9951209291077188,,-0.3046463979371815,0.026813258327060715,-0.14663070925055516,-1.1405702560043873,0.0,0.6468133131921909,-0.23752929949368976,0.14150943396226415
2026-06-01,2427.0,2428.0,2369.0,2392.0,77400.0,2429.T,ワールドホールディングス,サービス業,TOPIX Small 2,17899931.0,42816634952.0,180112195.0,0.9646285338593031,-0.5313306197328441,0.8245432609445019,0.15,0.8796910895017948,,-0.5040324348735246,0.02545186825281673,0.21671424044027066,-1.384283863209085,0.0,0.9180600822501318,-0.238041868935979,0.3333333333333333
2026-06-01,833.0,834.0,818.0,830.0,316700.0,7512.T,イオン北海道,小売業,TOPIX Small 1,139126479.0,115474977570.0,129667895.0,0.7189564972590848,0.048381685011661624,0.8804231383235878,0.21666666666666667,0.8758357528562968,,-0.9857895920024019,0.027973311962456497,0.5631702463000395,-1.0593323869361548,0.0,0.9271196773452317,-0.23936389492314009,0.30275229357798167
2026-06-01,2042.0,2057.0,2024.0,2031.0,161100.0,8057.T,内田洋行,卸売業,TOPIX Small 1,49320511.0,100169957841.0,269903005.0,0.595057497553495,0.03981398796987423,0.786599535243997,0.43333333333333335,0.7482105932877366,,-1.2287526524113028,0.02793604698526814,-0.018537379108839198,-0.0032400890491318048,0.0,1.2270240374453687,-0.24304643866337783,0.1320754716981132
2026-06-01,1168.0,1207.0,1156.0,1207.0,474700.0,2678.T,アスクル,小売業,TOPIX Small 1,89537972.0,108072332204.0,531650634.0270996,0.8950601891443652,0.0071963064119060505,0.7301912644754833,0.38333333333333336,1.0962701700295012,,-0.6404543428767102,0.027794177221051874,-0.3682694312272988,-0.24695369625382937,0.0,0.4091242989272117,-0.24340576715108814,0.29357798165137616
2026-06-01,3740.0,3740.0,3680.0,3715.0,242600.0,3002.T,グンゼ,繊維製品,TOPIX Small 1,31344956.0,116446511540.0,904744825.0,1.044571088334113,-0.33065780854006344,0.8217544763808416,0.11666666666666667,1.02571259622146,,-0.3472669425107254,0.026324689466609607,0.19942373791152435,-1.54675960134555,0.0,0.5749264346083928,-0.24361843415013695,0.35294117647058826
2026-06-01,2595.5,2652.5,2591.0,2605.5,338400.0,9759.T,ＮＳＤ,情報・通信業,TOPIX Mid400,75922311.0,197815581310.5,722795805.0,1.0251397253487327,-0.0854094168512074,0.734805902053568,0.2833333333333333,1.0708146166480796,,-0.38537139395958775,0.027391391017468826,-0.3396586149767968,-0.7343809106632248,0.0,0.4689419044342905,-0.24413676510865825,0.3465909090909091
2026-06-01,645.0,649.0,636.0,639.0,2289300.0,8698.T,マネックスグループ,証券、商品先物取引業,TOPIX Small 1,251363684.0,160621394076.0,1337075760.0,1.0065052055397394,-0.010813217749972681,0.735546693395444,0.26666666666666666,0.9216747841323062,,-0.4219132544491928,0.02771584526045706,-0.3350656985009652,-0.8156187797314572,0.0,0.8194032569394519,-0.24693514611012293,0.21052631578947367
2026-06-01,2021.0,2021.0,1910.0,1974.0,77300.0,1434.T,ＪＥＳＣＯホールディングス,建設業,-,6958520.0,13736118480.0,123994010.0,0.8223275819932547,0.03562708102108769,0.7522865853658537,0.4,1.173119188503804,,-0.7830812960155003,0.0279178361415402,-0.2312781387816092,-0.16571582718559685,0.0,0.2285379961341615,-0.2484769669959433,0.3230769230769231
2026-06-01,986.0,986.0,947.0,949.0,117900.0,6927.T,ヘリオス　テクノ　ホールディング,電気機器,-,18151667.0,17225931983.0,125126520.0,0.9159290368752119,-0.031707750240015264,0.7314007278824576,0.36666666666666664,1.162967082936764,,-0.5995310172329028,0.027624965030588384,-0.36077074152239486,-0.3281915653220622,0.0,0.2523942697250796,-0.25173968266711294,0.09482758620689655
2026-06-01,1440.0,1440.0,1406.0,1427.0,201900.0,7965.T,象印マホービン,電気機器,TOPIX Small 1,63495309.0,90607805943.0,276094691.2072754,0.9219766486338424,-0.032769150802417046,0.7680908046581237,0.3,1.203848167976153,,-0.5876717910524396,0.027620348496232336,-0.1332917624947298,-0.6531430415949923,0.0,0.15632844939322757,-0.25682624690758526,0.08620689655172414
2026-06-01,616.0,623.0,597.0,618.0,124200.0,3900.T,クラウドワークス,情報・通信業,-,15829474.0,9782614932.0,161814495.0,1.504952870937398,-0.028256942876495827,0.5387968613775065,0.31666666666666665,1.322274881516588,,0.5555310391000411,0.027639974228165724,-1.5549173544394097,-0.5719051725267598,0.0,-0.12196062670408224,-0.25707452477004833,0.3409090909090909
2026-06-01,2700.0,2707.0,2500.0,2570.0,143800.0,5592.T,くすりの窓口,情報・通信業,-,11458582.0,29448555740.0,204107515.0,1.0422504616053003,-0.48917748917748916,0.5568773385668488,0.5833333333333334,1.23787041347429,,-0.35181763762076507,0.025635212206378776,-1.4428181479833362,0.7279007325649611,0.0,0.07638010848786518,-0.2571051206411264,0.3352272727272727
2026-06-01,795.0,795.0,773.0,780.0,314500.0,9090.T,ＡＺ－ＣＯＭ丸和ホールディングス,陸運業,TOPIX Small 1,134683245.0,105052931100.0,318448980.0,1.5442886178861788,1.6175338310779281,0.601212372375178,0.2,1.4355340188216268,,0.6326675251479964,0.03479829872879791,-1.1679403305413034,-1.1405702560043873,0.0,-0.3881064964823232,-0.25721247336383635,0.1111111111111111
2026-06-01,2401.0,2408.0,2334.0,2335.0,193500.0,1934.T,ユアテック,建設業,TOPIX Small 1,68687444.0,160385181740.0,418239535.0,1.1604697219045494,-0.21089715489313476,0.7161982091978828,0.16666666666666666,0.8251796307854516,,-0.11999241425468661,0.02684558533914673,-0.4550265657922879,-1.3030459941408528,0.0,1.0461557038322358,-0.25744113431685867,0.3076923076923077
2026-06-01,1593.0,1593.0,1559.0,1559.0,98000.0,2301.T,学情,サービス業,TOPIX Small 2,13419715.0,20921335685.0,139588470.0,0.6837623492273817,-0.17044482190521193,0.8352346137199432,0.2833333333333333,0.8232519925578122,,-1.0548044987779626,0.027021531717579397,0.2830007742257488,-0.7343809106632248,0.0,1.05068543065976,-0.2579684519864417,0.3247863247863248
2026-06-01,2698.0,2698.0,2656.0,2682.0,281900.0,9936.T,王将フードサービス,小売業,TOPIX Small 1,52531261.0,140888842002.0,747556680.0,1.5543120569432163,-0.47003948730400114,0.6856658443561325,0.016666666666666666,1.225548425338599,,0.6523232563073019,0.025718452451659143,-0.6443276464078496,-2.0341868157549454,0.0,0.10533535508256713,-0.2592163567009431,0.28440366972477066
2026-06-01,2051.5,2055.0,1951.0,1982.5,349500.0,3360.T,シップヘルスケアホールディングス,卸売業,TOPIX Mid400,92018934.0,182427536655.0,582970402.5,1.1807741571326227,-0.07975144366927778,0.7160591122254374,0.2,1.148301355609268,,-0.0801758884182443,0.027416000225816015,-0.45588896892845976,-1.1405702560043873,0.0,0.2868570322745986,-0.2611104526207272,0.12264150943396226
2026-06-01,4890.0,4890.0,4785.0,4785.0,295300.0,2296.T,伊藤ハム米久ホールディングス,食料品,TOPIX Small 1,56750572.0,271551487020.0,1204062650.0,1.3508103971989704,-0.5373411444518763,0.7477573255389705,0.03333333333333333,1.1673555186950457,,0.2532612286295908,0.02542572563065673,-0.259359611804139,-1.952948946686713,0.0,0.24208195338888705,-0.26303842812932854,0.09302325581395349
2026-06-01,2356.0,2401.0,2310.5,2397.0,924300.0,6460.T,セガサミーホールディングス,機械,TOPIX Mid400,202698366.0,485867983302.0,2908199125.0,1.153635014669756,-0.1296859327169445,0.663740206898583,0.31666666666666665,1.2288426929602334,,-0.1333951163806937,0.027198811454294584,-0.7802668992437012,-0.5719051725267598,0.0,0.09759420728377353,-0.2635085215951653,0.15384615384615385
2026-06-01,7700.0,7700.0,7520.0,7560.0,40200.0,9068.T,丸全昭和運輸,陸運業,TOPIX Small 1,19278724.0,145747153440.0,290730150.0,1.0655090765588002,-0.1298983150040235,0.7977475848270312,0.1,0.9419358934460511,,-0.3062080339645411,0.027197887703017596,0.050580681144998516,-1.6279974704137827,0.0,0.7717919940489765,-0.2652464211959997,0.05555555555555555
2026-06-01,618.0,618.0,600.0,601.0,115100.0,7971.T,東リ,化学,-,56744993.0,34103740793.0,138415850.0,1.2918127866199083,-0.13968647152542768,0.7574515473389292,0.016666666666666666,0.9662161512027024,,0.13756828472235444,0.027155314368817383,-0.19925530373725292,-2.0341868157549454,0.0,0.7147361972907899,-0.26806137347335995,0.12121212121212122
2026-06-01,760.0,760.0,740.0,745.0,264800.0,7059.T,コプロ・ホールディングス,サービス業,-,38324078.0,28551438110.0,185469375.0,1.4099438269391658,-0.37406200631911535,0.638880861681999,0.15,1.038523814323492,,0.3692205107569055,0.02613590402844268,-0.9343951804065072,-1.384283863209085,0.0,0.5448215541915402,-0.26844143415675015,0.3162393162393162
2026-06-01,1916.0,1917.0,1872.0,1877.0,162200.0,5351.T,品川リフラ,ガラス・土石製品,TOPIX Small 1,45633120.0,85653366240.0,172398595.0,1.1555242335906717,-0.1273453755362831,0.764709140780509,0.06666666666666667,0.7953975484877792,,-0.12969040196089393,0.0272089916473523,-0.1542581248983301,-1.7904732085502477,0.0,1.1161401517587037,-0.2692359512526534,0.19047619047619047
2026-06-01,604.0,617.0,574.0,601.0,3680300.0,9166.T,ＧＥＮＤＡ,サービス業,-,183438206.0,110246361806.0,1559843970.0,1.2815116984742878,-0.12495838385812941,0.595639246778989,0.2833333333333333,0.891014346841178,,0.11736809014976754,0.027219373806058583,-1.2024937856448596,-0.7343809106632248,0.0,0.8914517374841248,-0.2699364408652929,0.3076923076923077
2026-06-01,2068.0,2073.0,2030.0,2038.0,66100.0,7128.T,ユニソルホールディングス,卸売業,TOPIX Small 1,24045783.0,49005305754.0,133065770.0,0.8531215441841762,-0.1927438436596267,0.8335378323108384,0.15,0.7920758291283336,,-0.7226950514630779,0.026924542697899075,0.2724807062265378,-1.384283863209085,0.0,1.123945807965477,-0.270891775029076,0.11320754716981132
2026-06-01,1300.0,1302.0,1273.0,1290.0,86300.0,4933.T,Ｉ－ｎｅ,化学,TOPIX Small 2,17785329.0,22943074410.0,122845020.0,0.6642509499210177,-0.03732149153737663,0.726971133727494,0.5166666666666667,1.1641468410564282,,-1.0930658995931333,0.02760054820768169,-0.388234286012613,0.4029492562920311,0.0,0.24962197462945027,-0.2710897078736083,0.1111111111111111
2026-06-01,5505.0,5519.0,5354.0,5452.0,119800.0,9627.T,アインホールディングス,小売業,TOPIX Mid400,35117921.0,191462905292.0,586213710.0,0.7894321371291098,-0.030620556243742714,0.7591952831142672,0.3333333333333333,0.8894149828614658,,-0.8475884992753854,0.027629693752819436,-0.1884441180236545,-0.4906673034585272,0.0,0.8952100578068909,-0.2715181176138069,0.27522935779816515
2026-06-01,4110.0,4160.0,4055.0,4120.0,128600.0,1663.T,Ｋ＆Ｏエナジーグループ,鉱業,TOPIX Small 1,26702712.0,110015173440.0,768315825.0,0.8526443378024043,-0.050441244051188994,0.7240773286467487,0.35,0.9008377567776785,,-0.7236308420928445,0.02754348418268646,-0.406175917187111,-0.40942943439029467,0.0,0.8683678605983538,-0.27325304504358816,1.0
2026-06-01,1270.0,1270.0,1247.5,1249.5,813100.0,1414.T,ショーボンドホールディングス,建設業,TOPIX Mid400,201381040.0,251625609480.0,1291591200.0,0.9216656066214499,-0.2755246662341795,0.8129472999349382,0.16666666666666666,0.987720031510312,,-0.5882817372136371,0.026564489646323082,0.14481912320111423,-1.3030459941408528,0.0,0.6642045663402396,-0.2737121580557216,0.2923076923076923
2026-06-01,1058.0,1058.0,1040.0,1046.0,149700.0,3179.T,シュッピン,小売業,TOPIX Small 2,21219008.0,22195082368.0,188686475.0,1.0028034462330733,-0.12178315441966614,0.7935763329418044,0.16666666666666666,1.130997066514225,,-0.4291723184624769,0.027233184384562355,0.024718862269003734,-1.3030459941408528,0.0,0.32752010972406326,-0.2746219047006026,0.26605504587155965
2026-06-01,1144.0,1144.0,1095.0,1113.0,716200.0,2395.T,新日本科学,サービス業,TOPIX Small 2,41631814.0,46336208982.0,529818990.0,1.5644218880560428,-0.04473010502322661,0.5667416920699256,0.16666666666666666,1.0856063418413193,,0.6721484002812337,0.027568324634508992,-1.3816590210246236,-1.3030459941408528,0.0,0.43418306147689895,-0.275150369023272,0.29914529914529914
2026-06-01,965.0,973.0,914.0,933.0,1649300.0,4180.T,Ａｐｐｉｅｒ　Ｇｒｏｕｐ,情報・通信業,TOPIX Small 1,102071360.0,95232578880.0,1748277930.0,1.021524149108897,0.49918720635647307,0.5357574570000339,0.6166666666666667,1.3006816409316035,,-0.39246145498073837,0.029934078944221214,-1.5737617032497737,0.8903764707014262,0.0,-0.0712190094397435,-0.2753886645258573,0.32954545454545453
2026-06-01,2064.0,2065.0,2006.5,2027.5,624700.0,4114.T,日本触媒,化学,TOPIX Mid400,147756884.0,299577082310.0,1468585530.0,1.0274961730994896,-0.15623409669211197,0.8174518519280902,0.1,1.1066706944484341,,-0.38075045465759155,0.027083340900176934,0.1727474073157678,-1.6279974704137827,0.0,0.3846842697737883,-0.27883270404957805,0.10101010101010101
2026-06-01,692.0,692.0,671.0,676.0,958500.0,8219.T,青山商事,小売業,TOPIX Small 1,141947727.0,95956663452.0,665655730.0,1.0189655879204718,0.9377727138456344,0.7557058263018157,0.21666666666666667,1.175713958243065,,-0.39747873403916817,0.03184169529106604,-0.21007879810107674,-1.0593323869361548,0.0,0.22244058743441195,-0.2812028479759435,0.25688073394495414
2026-06-01,5940.0,6000.0,5740.0,5790.0,250600.0,7721.T,東京計器,精密機器,TOPIX Small 1,16432986.0,95146988940.0,2427504850.0,1.064341123573299,-0.03450387534562638,0.610411303552454,0.4166666666666667,1.0904119194145956,,-0.3084983626390696,0.027612803356597323,-1.110906831125452,-0.08447795811736433,0.0,0.42289051013438117,-0.283929924256594,0.3103448275862069
2026-06-01,1355.0,1360.0,1324.0,1334.0,67500.0,8929.T,青山財産ネットワークス,不動産業,-,23979809.0,31989065206.0,164712790.0,0.8274833623785073,0.09378096010087367,0.6205623227666207,0.5666666666666667,1.1493235693955302,,-0.7729709304421403,0.028170774937899726,-1.0479703728278138,0.6466628634967284,0.0,0.28445494813624506,-0.28457193651030144,0.34615384615384615
2026-06-01,1390.0,1423.0,1383.0,1383.0,509200.0,2767.T,円谷フィールズホールディングス,卸売業,TOPIX Small 1,62252445.0,86095131435.0,773684840.0,1.2350582351056347,-0.0229177666173489,0.5813646929994023,0.35,1.0893538953565192,,0.02627392753780316,0.027663196837524027,-1.290996214781489,-0.40942943439029467,0.0,0.4253767442686273,-0.28486053980757886,0.10377358490566038
2026-06-01,742.0,742.0,722.0,722.0,321100.0,1822.T,大豊建設,建設業,TOPIX Small 2,88315885.0,63764068970.0,125251675.0,0.8508848322919397,-0.2971076870104158,0.8307741793336768,0.16666666666666666,0.9791547148996271,,-0.7270811915278249,0.026470614854420482,0.2553460198786355,-1.3030459941408528,0.0,0.684332069458483,-0.28532373584082776,0.27692307692307694
2026-06-01,2354.0,2400.0,2315.0,2388.0,493500.0,7906.T,ヨネックス,その他製品,-,85551553.0,204297108564.0,1689402775.0,1.8578704131620298,-0.13935263216170668,0.5339061246985182,0.0,1.0235284746730333,,1.247594141583794,0.02715676639451495,-1.5852399889008149,-2.1154246848231777,0.0,0.5800588675673497,-0.28667103013069495,0.14285714285714285
2026-06-01,1560.0,1560.0,1529.0,1540.0,82200.0,7914.T,共同印刷,その他製品,TOPIX Small 2,27646282.0,42575274280.0,129175870.0,0.5983983702715043,-0.43943019622195323,0.8969298376730144,0.23333333333333334,1.0531609940421987,,-1.2222012786154455,0.025851586773328196,0.6655120085722449,-0.9780945178679223,0.0,0.5104258752200187,-0.28717790516526776,0.10714285714285714
2026-06-01,1205.0,1248.0,1204.0,1234.0,315100.0,9889.T,ＪＢＣＣホールディングス,情報・通信業,TOPIX Small 1,60672542.0,74869916828.0,296076075.0,1.0737119534381463,0.06759107924289554,0.7441499513074344,0.15,0.9130759330461281,,-0.2901223829463802,0.028056862726954554,-0.28172538149652526,-1.384283863209085,0.0,0.8396095621955191,-0.2875235577257483,0.32386363636363635
2026-06-01,2289.0,2289.0,2200.0,2209.0,167000.0,5834.T,ＳＢＩリーシングサービス,証券、商品先物取引業,-,15841452.0,34993767468.0,260625680.0,1.217711562485541,3.642099487929773,0.639354929179108,0.2,0.761788895531539,,-0.007742494529397031,0.04360409480806454,-0.9314559554249973,-1.1405702560043873,0.0,1.1951165980389074,-0.28865549951404534,0.15789473684210525
2026-06-01,6120.0,6130.0,5970.0,6130.0,61600.0,9974.T,ベルク,小売業,TOPIX Small 1,20830896.0,127693392480.0,199989300.0,1.044819113784631,-0.3775799501020639,0.7534368232341709,0.16666666666666666,1.0217381898622853,,-0.34678057036357063,0.026120602822741534,-0.22414664822835684,-1.3030459941408528,0.0,0.584265829755522,-0.2912379291642304,0.24770642201834864
2026-06-01,2218.0,2221.0,2183.0,2210.0,126400.0,9830.T,トラスコ中山,卸売業,TOPIX Small 1,65940073.0,145727561330.0,295400345.0,0.9513978699691877,0.43257989088074833,0.8030523255813954,0.15,1.0701028648639692,,-0.5299774594308047,0.029644372144403887,0.08347014654970247,-1.384283863209085,0.0,0.4706144387847694,-0.29250110005378405,0.09433962264150944
2026-06-01,7460.0,7460.0,7130.0,7170.0,34100.0,1899.T,福田組,建設業,TOPIX Small 2,8281654.0,59379459180.0,169862850.0,0.5865527403988942,0.014695184053542754,0.8056179775280898,0.4166666666666667,1.2316440075702417,,-1.2454302836369495,0.02782679339584084,0.09937722379412717,-0.08447795811736433,0.0,0.0910114420328326,-0.29264654941741475,0.26153846153846155
2026-06-01,2565.0,2584.0,2530.0,2580.0,93900.0,5210.T,日本山村硝子,ガラス・土石製品,-,10220824.0,26369725920.0,350393205.0,1.187739700128869,-1.35234521575985,0.6582191406678947,0.21666666666666667,0.9448767030201342,,-0.06651662040317385,0.021880886454203545,-0.8144975855674234,-1.0593323869361548,0.0,0.7648814317705571,-0.2947142370526227,0.14285714285714285
2026-06-01,2500.0,2507.0,2374.0,2389.5,1218400.0,9616.T,共立メンテナンス,サービス業,TOPIX Mid400,90919110.0,217251213345.0,2174401310.0,0.9996359359247228,0.058525443535536015,0.641533086939075,0.4,1.1545580414938326,,-0.43538373259997826,0.028017431978389917,-0.9179513474508025,-0.16571582718559685,0.0,0.2721545442784925,-0.2966814915094725,0.2905982905982906
2026-06-01,1111.0,1111.0,1091.0,1101.0,126500.0,1929.T,日特建設,建設業,TOPIX Small 2,41769277.0,45987973977.0,136135345.0,1.1156819566134095,-0.3808504646578429,0.7679661614288827,0.06666666666666667,0.9024103640748056,,-0.20782018162866295,0.02610637780407889,-0.13406455222487443,-1.7904732085502477,0.0,0.8646724153841965,-0.2975787219144482,0.24615384615384617
2026-06-01,1094.0,1102.0,1070.0,1095.0,482400.0,9716.T,乃村工藝社,サービス業,TOPIX Small 1,111592789.0,122194103955.0,413260685.0,1.0069116643811544,-0.22431659421966454,0.7469304229195088,0.16666666666666666,0.8627472911413508,,-0.421116198102692,0.026787217834093196,-0.2644864193815814,-1.3030459941408528,0.0,0.9578760481782675,-0.2990426256556805,0.28205128205128205
2026-06-01,273.0,273.0,265.0,272.0,718500.0,4477.T,ＢＡＳＥ,情報・通信業,-,115157371.0,31322804912.0,360707810.0,1.2266484100264192,-0.0917388768426084,0.633450926062699,0.21666666666666667,0.9363835472153711,,0.009782455906837741,0.027363861194571987,-0.9680608556902263,-1.0593323869361548,0.0,0.7848393653431293,-0.3039834816359596,0.3181818181818182
2026-06-01,1420.0,1424.0,1394.0,1399.0,106100.0,3452.T,ビーロット,不動産業,-,18835738.0,26351197462.0,117959040.0,0.8462705436156763,-0.1486981285598047,0.7663505991986161,0.26666666666666666,1.064498923800632,,-0.7361297044380102,0.027116118399097926,-0.14408106020177905,-0.8156187797314572,0.0,0.48378305196668836,-0.304223272911468,0.3269230769230769
2026-06-01,949.0,953.0,910.0,916.0,646400.0,3962.T,チェンジホールディングス,情報・通信業,TOPIX Small 1,69578947.0,63734315452.0,346299250.0,0.7741891625718803,-0.045019924656490184,0.7043697744576859,0.4,0.9590789941467722,,-0.8774796183074981,0.027567064071493095,-0.5283630233485695,-0.16571582718559685,0.0,0.7315076906783696,-0.30643273277263616,0.3125
2026-06-01,1400.0,1425.0,1385.0,1413.0,56200.0,3168.T,ＭＥＲＦ,卸売業,-,14153884.0,19999438092.0,210108505.0,0.5766292313416392,-0.21442371911077185,0.7302325581395349,0.5166666666666667,1.1351658337954522,,-1.264890054387926,0.026830246639087358,-0.3680134099440456,0.4029492562920311,0.0,0.31772398889562115,-0.3067890460374331,0.08490566037735849
2026-06-01,1377.0,1377.0,1352.0,1355.0,73400.0,3475.T,グッドコムアセット,不動産業,TOPIX Small 2,28655119.0,38827686245.0,193625135.0,0.4773294384309107,-0.09926262053318202,0.7332251082251082,0.5333333333333333,0.8602699744618753,,-1.4596146416799107,0.02733113686554485,-0.3494595583858266,0.4841871253602633,0.0,0.9636974557756026,-0.3071498462879372,0.3076923076923077
2026-06-01,2173.0,2213.0,2151.0,2174.0,48200.0,4058.T,トヨクモ,情報・通信業,-,10843000.0,23572682000.0,104722785.0,0.896018742053912,-0.009671878111929932,0.5770086899277168,0.5666666666666667,1.179502121299749,,-0.6385746428870352,0.02772080948775973,-1.3180034935464542,0.6466628634967284,0.0,0.21353884250174837,-0.30863778540951314,0.3068181818181818
2026-06-01,2762.0,2768.0,2692.5,2759.5,1433100.0,7649.T,スギホールディングス,小売業,TOPIX Mid400,180972830.0,499394524385.0,2278948085.0,1.1599601787952085,-0.06846938006915437,0.6838253282681045,0.16666666666666666,0.9206329434055684,,-0.12099161645607576,0.02746507127030389,-0.6557388713869777,-1.3030459941408528,0.0,0.821851462117293,-0.30889373658910174,0.23853211009174313
2026-06-01,2298.0,2493.0,2283.0,2449.0,80300.0,4011.T,ヘッドウォータース,情報・通信業,-,6106052.0,14953721348.0,135063585.0,1.4686444716070357,0.008984969459442604,0.5406181015452539,0.23333333333333334,1.1131850675139,,0.4843311114104285,0.02780195696481954,-1.543625640430293,-0.9780945178679223,0.0,0.36937624671425545,-0.30893722633672216,0.30113636363636365
2026-06-01,3350.0,3360.0,3245.0,3285.0,275500.0,4617.T,中国塗料,化学,TOPIX Small 1,49613816.0,162981385560.0,1526563295.0,1.1832025898873988,-0.15413939762173423,0.6945868325459073,0.13333333333333333,0.9262604213866322,,-0.07541378819548518,0.02709245173972849,-0.5890173973250861,-1.4655217322773177,0.0,0.8086275399016901,-0.3092806964254695,0.09090909090909091
2026-06-01,490.0,490.0,477.0,478.0,258800.0,4826.T,ＣＩＪ,情報・通信業,TOPIX Small 2,56125566.0,26828020548.0,124077655.0,0.46702717523763104,-0.11624444131436507,0.7900826446280992,0.4,0.6083395509867318,,-1.4798171404936624,0.027257274874283834,0.0030579468257947886,-0.16571582718559685,0.0,1.5557048052471723,-0.30960051085516654,0.29545454545454547
2026-06-01,2800.0,2805.0,2738.0,2754.0,60100.0,9828.T,Ｇｅｎｋｉ　Ｇｌｏｂａｌ　Ｄｉｎｉｎｇ　Ｃｏｎｃｅｐｔｓ,小売業,TOPIX Small 1,17659526.0,48634334604.0,217251370.0,1.2349117205831441,-0.24881859388562055,0.6569722648036488,0.21666666666666667,1.268185254909878,,0.025986615962542255,0.026680647018835876,-0.8222282330203337,-1.0593323869361548,0.0,0.005143738221913244,-0.3099215019880498,0.22935779816513763
2026-06-01,2652.0,2674.0,2548.0,2645.0,162300.0,6036.T,ＫｅｅＰｅｒ技研,サービス業,TOPIX Small 1,27291114.0,72184996530.0,559173750.0,1.4479001688219015,-0.10049068897558622,0.6233353101424233,0.08333333333333333,0.9742811888051157,,0.443652015512145,0.0273257954135457,-1.0307778130803638,-1.7092353394820152,0.0,0.6957842919649755,-0.31000719620870354,0.27350427350427353
2026-06-01,949.0,954.0,928.0,935.0,379400.0,3880.T,大王製紙,パルプ・紙,TOPIX Small 1,154216660.0,144192577100.0,361498565.0,1.0268863402015231,-1.6729508613242543,0.7566910472559082,0.13333333333333333,0.9345912146538579,,-0.38194632280487306,0.020486420472254716,-0.203970414678389,-1.4655217322773177,0.0,0.7890511395086965,-0.31153476138499525,0.1
2026-06-01,2270.0,2270.0,2186.0,2208.5,1221900.0,3116.T,トヨタ紡織,輸送用機器,TOPIX Mid400,178659699.0,394569945241.5,2245923675.0,1.3615660524815967,-0.039977533949812405,0.6830403183620781,0.03333333333333333,0.9488008095641493,,0.2743528187988384,0.027588995819749672,-0.6606059435667753,-1.952948946686713,0.0,0.7556602353698945,-0.31179506529322026,0.22580645161290322
2026-06-01,4650.0,4710.0,4435.0,4470.0,527200.0,3994.T,マネーフォワード,情報・通信業,TOPIX Mid400,55468553.0,247944431910.0,2418148570.0,0.5850897937870576,0.3915287319563756,0.6579334707094495,0.6333333333333333,1.1844841077616721,,-1.2482990879604003,0.029465821188013715,-0.8162687432262995,0.9716143397696585,0.0,0.20183175067955972,-0.3121283268389299,0.2897727272727273
2026-06-01,3330.0,3330.0,3220.0,3240.0,43000.0,7102.T,日本車輌製造,輸送用機器,TOPIX Small 2,14429229.0,46750701960.0,136214650.0,0.9467326971856505,-0.10519979522606704,0.7373022678073681,0.21666666666666667,0.9384497647832667,,-0.5391257548933821,0.027305313277430732,-0.32418111307822634,-1.0593323869361548,0.0,0.7799839930981722,-0.31269199140514775,0.1935483870967742
2026-06-01,539.0,539.0,526.0,532.0,328400.0,1887.T,日本国土開発,建設業,TOPIX Small 2,79746254.0,42425007128.0,240430637.46795654,1.0012175107820314,-0.11380036767832724,0.7577956218436663,0.11666666666666667,0.7641737787537324,,-0.4322823010427376,0.027267905309492895,-0.1971220370906437,-1.54675960134555,0.0,1.1895123983726084,-0.313216326634642,0.23076923076923078
2026-06-01,3760.0,3760.0,3620.0,3720.0,54900.0,2742.T,ハローズ,小売業,TOPIX Small 2,21348282.0,79415609040.0,155820775.0,1.1438721136767318,-0.48747199022204113,0.7131168342074461,0.15,1.0937469549145182,,-0.15253993844843192,0.025642630230074005,-0.47413113297844356,-1.384283863209085,0.0,0.41505356253802395,-0.31344045500473977,0.22018348623853212
2026-06-01,2445.0,2450.0,2220.0,2220.0,243400.0,1723.T,日本電技,建設業,-,63732812.0,141486842640.0,617585305.0,0.8566621360612346,-0.005403245635603682,0.7129522204798566,0.36666666666666664,1.2468263173596488,,-0.7157520330355432,0.027739375794560723,-0.4751517403463416,-0.3281915653220622,0.0,0.055334770460969324,-0.31349550865477477,0.2153846153846154
2026-06-01,281.0,287.0,275.0,286.0,471100.0,6835.T,アライドテレシスホールディングス,電気機器,-,104012176.0,29747482336.0,146412840.0,0.6947106791964963,-0.009442428433941719,0.7506561679790026,0.36666666666666664,0.9728294106728824,,-1.0333350780240953,0.027721807473213043,-0.24138674893300094,-0.3281915653220622,0.0,0.6991958026202935,-0.31394961209161537,0.07758620689655173
2026-06-01,2580.0,2630.0,2565.0,2581.0,165500.0,4432.T,ウイングアーク１ｓｔ,情報・通信業,TOPIX Small 1,34690738.0,89536794778.0,338076255.0,1.0592310772927513,-0.02212991965136868,0.6328929919755396,0.3,0.84305591998704,,-0.3185190446954474,0.027666623557571664,-0.9715200546798544,-0.6531430415949923,0.0,1.0041484923067738,-0.31478114784434996,0.2840909090909091
2026-06-01,1570.0,1570.0,1530.0,1540.0,89500.0,3176.T,三洋貿易,卸売業,TOPIX Small 2,28825273.0,44390920420.0,126926475.0,0.787164588365868,-0.2035263346066274,0.7895063964462342,0.23333333333333334,0.9477210662479322,,-0.852035109727873,0.026877644531774166,-0.00051479980209262,-0.9780945178679223,0.0,0.7581975072480819,-0.3151966285772275,0.07547169811320754
2026-06-01,479.0,482.0,468.0,479.0,222600.0,2491.T,バリューコマース,サービス業,TOPIX Small 2,21676329.0,10382961591.0,189750500.0,0.8410101584144349,-0.008173899085684,0.5785452566049434,0.6333333333333333,1.4409594342679606,,-0.7464451976256896,0.027727324908878078,-1.3084767590814217,0.9716143397696585,0.0,-0.40085559511781643,-0.3156754487859293,0.26495726495726496
2026-06-01,2314.0,2315.0,2241.0,2277.0,55900.0,3922.T,ＰＲ　ＴＩＭＥＳ,情報・通信業,TOPIX Small 2,13524535.0,30795366195.0,147866475.0,0.7073935398341066,0.014335902814418322,0.6857618811770533,0.4666666666666667,0.9851694859426605,,-1.0084642829202157,0.027825230711362753,-0.6437322168014825,0.15923564908733323,0.0,0.6701980533529773,-0.31651095638176086,0.2784090909090909
2026-06-01,1859.0,1859.0,1820.0,1838.0,128300.0,5930.T,文化シヤッター,金属製品,TOPIX Small 1,70338625.0,129282392750.0,228280950.0,1.199102518737736,-0.039601516749310006,0.6866110679964081,0.15,1.1367350020226668,,-0.04423439705478805,0.027590631296859895,-0.638467246879187,-1.384283863209085,0.0,0.31403662509789415,-0.32379513904178747,0.21428571428571427
2026-06-01,5560.0,5630.0,5490.0,5590.0,133800.0,1833.T,奥村組,建設業,TOPIX Small 1,35870669.0,200517039710.0,781436400.0,1.1137019364145815,-0.14787115686863161,0.7682620163540627,0.06666666666666667,1.1226355057430568,,-0.2117029552452525,0.027119715291128155,-0.1322302476326074,-1.7904732085502477,0.0,0.34716881019184603,-0.32380440028799745,0.2
2026-06-01,1221.0,1221.0,1197.0,1197.0,238300.0,1972.T,三晃金属工業,建設業,-,19277535.0,23075209395.0,117769840.0,1.2476819454163752,-0.7392207010681511,0.7242695680006923,0.016666666666666666,0.9020241393922059,,0.051028730224676945,0.024547655708785206,-0.4049840305570716,-2.0341868157549454,0.0,0.8655799987061801,-0.3239517320559816,0.18461538461538463
2026-06-01,1385.0,1396.0,1358.0,1377.0,92100.0,7033.T,マネジメントソリューションズ,サービス業,TOPIX Small 2,15757768.0,21698446536.0,136469135.0,0.9374194538201903,-0.013998383715081775,0.5873701725885433,0.48333333333333334,1.079241593102777,,-0.5573888087984331,0.02770199146328706,-1.2537621589940855,0.24047351815556575,0.0,0.4491394846781195,-0.3246461341753628,0.2564102564102564
2026-06-01,3755.0,3755.0,3600.0,3635.0,110400.0,9413.T,テレビ東京ホールディングス,情報・通信業,TOPIX Small 1,26625971.0,96785404585.0,280949700.0,1.1389227142005856,-0.1562723238445719,0.725781002892755,0.11666666666666667,1.1073269753371644,,-0.16224559585299653,0.02708317463216378,-0.39561311350460987,-1.54675960134555,0.0,0.38314208561005475,-0.3257700639274599,0.2727272727272727
2026-06-01,1521.0,1524.0,1506.0,1508.0,275400.0,1882.T,東亜道路工業,建設業,TOPIX Small 1,46207588.0,69681042704.0,465157385.0,1.0469021862470684,-0.30292723695068025,0.7915952597738187,0.05,1.0123192810365869,,-0.342695713651814,0.026445302872132512,0.012436181467109925,-1.8717110776184804,0.0,0.6063991758274236,-0.3270120692528993,0.16923076923076924
2026-06-01,443.0,449.0,420.0,422.0,412200.0,8226.T,理経,卸売業,-,15119373.0,6380375406.0,142201250.0,0.9627948002371416,-0.013168663344800269,0.6871641780123176,0.2833333333333333,1.0382056160579074,,-0.5076283439113194,0.02770560031062614,-0.6350379571974468,-0.7343809106632248,0.0,0.5455692833034782,-0.32986694977397246,0.0660377358490566
2026-06-01,2400.0,2487.0,2393.0,2452.0,157200.0,4431.T,スマレジ,情報・通信業,-,19260921.0,47227778292.0,239192765.0,0.8353351728615485,-0.013004910502138478,0.6815402187413581,0.36666666666666664,0.9679564374945963,,-0.7575737124723142,0.027706312549389548,-0.6699065817815066,-0.3281915653220622,0.0,0.7106467258376232,-0.3301445648434606,0.26704545454545453
2026-06-01,1396.0,1397.0,1370.0,1371.0,388400.0,9743.T,丹青社,サービス業,TOPIX Small 1,47318278.0,64873359138.0,329773980.0,0.6860107301505572,-0.0995091435271811,0.8402177613298686,0.16666666666666666,0.7965833016580581,,-1.0503954760146006,0.027330064620144135,0.31389635772591135,-1.3030459941408528,0.0,1.113353768987694,-0.33277629197517505,0.24786324786324787
2026-06-01,1972.0,1974.0,1932.0,1941.0,224100.0,256A.T,飛島ホールディングス,建設業,TOPIX Small 2,19152724.0,37175437284.0,469403125.0,1.1190156153401274,-0.8388053614133961,0.7588741137672985,0.05,1.0185670909817444,,-0.20128295430215637,0.024114514798459354,-0.19043537237807093,-1.8717110776184804,0.0,0.5917175452620713,-0.3335499687312069,0.15384615384615385
2026-06-01,6330.0,6430.0,6010.0,6030.0,64400.0,1965.T,テクノ菱和,建設業,-,20503530.0,123636285900.0,529450000.0,0.8719129379886833,-0.14553161427057582,0.658609100308842,0.38333333333333336,1.0154849057557862,,-0.6858455647122503,0.027129891071285005,-0.8120798304472288,-0.24695369625382937,0.0,0.5989603239667242,-0.33418992273942527,0.13846153846153847
2026-06-01,1010.0,1026.0,955.0,975.0,746900.0,299A.T,クラシル,サービス業,-,42618560.0,41553096000.0,562899120.0,1.5294406772381737,-0.2830551464572083,0.42669584245076586,0.4,1.4389958158995817,,0.6035510584357451,0.026531736016921874,-2.2499452086827842,-0.16571582718559685,0.0,-0.3962413191220776,-0.33713778315733345,0.23931623931623933
2026-06-01,620.0,630.0,605.0,608.0,81700.0,7774.T,ジャパン・ティッシュエンジニアリング,精密機器,-,40609950.0,24690849600.0,105980480.0,0.7911511792302471,-0.14825471340955554,0.6885617214043035,0.4,1.129301355578728,,-0.844217497646183,0.02711804702185133,-0.6263731690069061,-0.16571582718559685,0.0,0.3315048342465966,-0.3378316288229739,0.27586206896551724
2026-06-01,968.0,974.0,958.0,970.0,230100.0,2734.T,サーラコーポレーション,小売業,TOPIX Small 2,63765083.0,61852130510.0,161651658.8079834,0.737843016466302,-0.23871846170945876,0.8027592600918344,0.16666666666666666,0.6594939157938989,,-0.9487535665465002,0.026724577283095727,0.08165313649651582,-1.3030459941408528,0.0,1.4354979659712452,-0.3378586208391136,0.21100917431192662
2026-06-01,2860.0,3010.0,2735.0,2762.0,889300.0,5726.T,大阪チタニウムテクノロジーズ,非鉄金属,TOPIX Small 1,36798391.0,101637155942.0,1919674795.0,0.5918194035417544,-0.19408780078171994,0.8078809416967169,0.31666666666666665,1.039766459746569,,-1.235102479551584,0.026918697191078204,0.11340763266470442,-0.5719051725267598,0.0,0.5419014812082892,-0.3380551208757851,0.46153846153846156
2026-06-01,496.0,496.0,491.0,492.0,145200.0,197A.T,タウンズ,医薬品,-,106454551.0,52375639092.0,133131170.0,0.6256380478580033,0.6786614311668522,0.8387205534858451,0.2,0.7891045120111255,,-1.1687849036108542,0.030714697453586903,0.30461364856634465,-1.1405702560043873,0.0,1.1309280594408389,-0.338133957254664,0.5
2026-06-01,4060.0,4080.0,3810.0,3840.0,33800.0,6466.T,ＴＶＥ,機械,-,2345785.0,9007814400.0,118695400.0,1.0191984260463935,-0.4252631578947368,0.6065785564829849,0.38333333333333336,1.1225610049026502,,-0.3970221438827645,0.02591320594094295,-1.1346699155028703,-0.24695369625382937,0.0,0.34734387854783944,-0.339387078096712,0.14423076923076922
2026-06-01,2048.0,2098.0,2031.0,2051.0,298700.0,4819.T,デジタルガレージ,情報・通信業,TOPIX Small 1,45925267.0,94192722617.0,1154291565.0,1.38900263234864,-0.05498870216071172,0.4021916868236548,0.5333333333333333,1.4495261927406284,,0.3281553146017914,0.027523705130989156,-2.4018713095212316,0.4841871253602633,0.0,-0.4209864864449117,-0.3398757624892573,0.26136363636363635
2026-06-01,1116.0,1116.0,1083.0,1093.0,277700.0,4914.T,高砂香料工業,化学,TOPIX Small 1,97496050.0,106563182650.0,234092605.0,1.1173736837771822,-0.047734015345268554,0.6450386308999647,0.21666666666666667,0.9121383307420231,,-0.20450274395714213,0.027555259204081098,-0.8962169268325094,-1.0593323869361548,0.0,0.8418128191394602,-0.3402894736382174,0.08080808080808081
2026-06-01,2679.0,2697.0,2320.0,2347.0,2499100.0,4588.T,オンコリスバイオファーマ,医薬品,-,29284998.0,68731890306.0,5276076415.0,0.7771062190461037,-0.04893087653257855,0.6351826792963464,0.5666666666666667,1.5751699543073667,,-0.8717593383210008,0.02755005348723266,-0.9573239618993898,0.6466628634967284,0.0,-0.716234790467635,-0.34132942358719254,0.4722222222222222
2026-06-01,1392.0,1404.0,1378.0,1400.0,82200.0,3837.T,アドソル日進,情報・通信業,TOPIX Small 2,16838771.0,23574279400.0,150110085.0,0.8072455975265493,-0.08123028391167197,0.7300984594796375,0.26666666666666666,0.889168872527637,,-0.8126567172196871,0.02740956804834414,-0.3688448234738935,-0.8156187797314572,0.0,0.8957883886190167,-0.34763414951638216,0.2556818181818182
2026-06-01,3210.0,3225.0,3150.0,3225.0,99300.0,9948.T,アークス,小売業,TOPIX Small 1,53280352.0,171829135200.0,234893975.0,0.6429339003589638,-0.1584780736581929,0.808338965866847,0.26666666666666666,1.030816177019946,,-1.1348681386167885,0.02707358078027022,0.1162473887989921,-0.8156187797314572,0.0,0.5629336101624647,-0.3478952981509265,0.2018348623853211
2026-06-01,180.0,181.0,175.0,175.0,512400.0,5244.T,ｊｉｇ．ｊｐ,情報・通信業,-,41208200.0,7211435000.0,122869890.0,1.0190288328591028,-0.28122770607691805,0.5557628676533236,0.4666666666666667,1.1803459766857163,,-0.39735471218361085,0.026539684421697678,-1.4497278829265154,0.15923564908733323,0.0,0.21155587996990033,-0.3481861921641864,0.25
2026-06-01,3365.0,3370.0,3245.0,3310.0,112800.0,9267.T,Ｇｅｎｋｙ　ＤｒｕｇＳｔｏｒｅｓ,小売業,TOPIX Small 1,30479115.0,100885870650.0,379280500.0,1.1975123869372426,-0.26795188317486995,0.6070185927820032,0.25,1.1247942891738685,,-0.04735260857884735,0.02659742727081904,-1.131941684416088,-0.8968566487996898,0.0,0.3420959188779311,-0.34900083358628153,0.1926605504587156
2026-06-01,1375.0,1377.0,1293.0,1310.0,362200.0,4889.T,レナサイエンス,医薬品,-,13776890.0,18047725900.0,1116386830.0,1.5928238562860169,-0.07761437582935182,0.3957703927492447,0.38333333333333336,1.3837200279351285,,0.7278440002391691,0.02742529534723737,-2.441683420818093,-0.24695369625382937,0.0,-0.2663496122317541,-0.3498798953166791,0.4444444444444444
2026-06-01,392.0,397.0,389.0,393.0,324800.0,3679.T,じげん,情報・通信業,TOPIX Small 2,99169345.0,38973552585.0,134711515.0,0.9661993735510643,0.30404350541215663,0.6943060875981291,0.25,1.1002727126119056,,-0.5009520547265583,0.029085306452771808,-0.5907580198503056,-0.8968566487996898,0.0,0.3997187869105572,-0.35066084901293343,0.24431818181818182
2026-06-01,4935.0,4935.0,4745.0,4755.0,60400.0,9663.T,ナガワ,サービス業,TOPIX Small 2,15499522.0,73700227110.0,132594950.0,1.0777812209482491,0.8549026081214923,0.6913546718871387,0.18333333333333332,1.1249462903984047,,-0.2821426438828978,0.03148125390473492,-0.6090568377221606,-1.2218081250726198,0.0,0.3417387335852109,-0.3506609971206053,0.23076923076923078
2026-06-01,2847.0,2847.0,2714.0,2719.0,22600.0,2469.T,ヒビノ,サービス業,-,9915158.0,26959314602.0,114106235.0,1.2264802763718166,-0.31730826441363713,0.6294503758132121,0.21666666666666667,1.3082672227317025,,0.009452749715689586,0.02638275296429398,-0.9928643220843258,-1.0593323869361548,0.0,-0.08904424909810268,-0.3529660592421976,0.2222222222222222
2026-06-01,1830.0,1876.0,1784.0,1850.0,221700.0,4425.T,Ｋｕｄａｎ,情報・通信業,-,11300699.0,20906293150.0,839822905.0,0.7714820565969396,-0.7183053642190367,0.589171974522293,0.6,1.3746325772281074,,-0.8827881902417809,0.024638626426676795,-1.2425909623022517,0.8091386016331934,0.0,-0.2449951543925328,-0.35393455088887404,0.23863636363636365
2026-06-01,2570.0,2620.0,2477.0,2512.0,62400.0,7760.T,ＩＭＶ,精密機器,-,15937299.0,40034495088.0,348749870.0,0.9377284316557605,-0.06600174313513363,0.5903642773207991,0.43333333333333335,1.0769305440955201,,-0.5567829104400361,0.027475804193469466,-1.2351986686051208,-0.0032400890491318048,0.0,0.4545701824811581,-0.3571240145159777,0.2413793103448276
2026-06-01,1041.0,1068.0,1032.0,1062.0,747600.0,9603.T,エイチ・アイ・エス,サービス業,TOPIX Small 1,74737418.0,79371137916.0,654110685.0,1.0762164098889286,-0.008748215342355703,0.6569331646525626,0.18333333333333332,0.8115260217583065,,-0.28521120202168515,0.027724826935140282,-0.8224706544931287,-1.2218081250726198,0.0,1.0782401054673516,-0.35822493815778733,0.21367521367521367
2026-06-01,2011.0,2023.0,1962.0,1975.0,51600.0,5011.T,ニチレキグループ,石油・石炭製品,TOPIX Small 2,28455429.0,56199472275.0,109850680.0,1.1992578309746427,-0.12589775509924894,0.6483095610706107,0.15,1.0351105454151457,,-0.04392983336591675,0.02721528803508641,-0.8759371149302674,-1.384283863209085,0.0,0.5528423412469123,-0.3593665217377782,0.6666666666666666
2026-06-01,1672.0,1672.0,1569.0,1569.0,230100.0,9900.T,サガミホールディングス,小売業,TOPIX Small 1,30283448.0,47514729912.0,148919560.0,0.9403632685294457,0.2806407501465129,0.7641092207954553,0.15,1.1902048970747807,,-0.5516160565345973,0.028983516772666945,-0.15797763703052656,-1.384283863209085,0.0,0.18838855762878928,-0.3604768139465112,0.1834862385321101
2026-06-01,840.0,873.0,838.0,865.0,270600.0,3556.T,リネットジャパングループ,小売業,-,14653939.0,12675657235.0,130131835.0,0.9546028190144094,-0.06545848413599975,0.6562974203338392,0.26666666666666666,0.8472053988579339,,-0.5236926287999526,0.027478167084467053,-0.8264122779852263,-0.8156187797314572,0.0,0.994397697011149,-0.3619590031350778,0.1743119266055046
2026-06-01,640.0,640.0,623.0,624.0,238500.0,8881.T,日神グループホールディングス,不動産業,TOPIX Small 2,46704621.0,29143683504.0,103085100.0,0.9452291859165138,-4.980959181244794,0.7830515810323063,0.08333333333333333,1.0381134476855882,,-0.5420741055675339,0.006098323650028841,-0.04053474386353955,-1.7092353394820152,0.0,0.5457858683155189,-0.3711969017586105,0.28846153846153844
2026-06-01,1001.0,1089.0,982.0,996.0,767200.0,9227.T,マイクロ波化学,サービス業,-,15904490.0,15840872040.0,1128154155.0,0.9259226452077414,0.02583935489215894,0.6148148148148148,0.36666666666666664,1.0013923698134224,,-0.5799337834314283,0.027875264679320954,-1.0836050009269658,-0.3281915653220622,0.0,0.6320761530733853,-0.37236055701806003,0.20512820512820512
2026-06-01,5570.0,6070.0,5550.0,5950.0,1280800.0,6227.T,ＡＩメカテック,機械,-,18811644.0,111929281800.0,7719425400.0,0.7721807272914797,-0.0070140384835524205,0.6390977443609023,0.48333333333333334,1.3454274851119499,,-0.8814181132390058,0.027732369692636108,-0.9330505048238594,0.24047351815556575,0.0,-0.1763665666409415,-0.3727788374600765,0.1346153846153846
2026-06-01,1935.0,1937.0,1915.0,1937.0,157100.0,7545.T,西松屋チェーン,小売業,TOPIX Small 1,59726817.0,115690844529.0,364069425.0,0.753111189436868,-0.05038764368162929,0.82877719928033,0.1,0.8976431868374054,,-0.9188130340111613,0.027543717316110668,0.24296471616942034,-1.6279974704137827,0.0,0.8758747303799196,-0.37463026998295,0.1651376146788991
2026-06-01,800.0,803.0,787.0,800.0,139300.0,7888.T,三光合成,化学,TOPIX Small 2,30483763.0,24387010400.0,107518027.83477783,0.9986076898361359,-0.09193199702530219,0.7480818384186592,0.03333333333333333,0.6942385807902964,,-0.43740009929486834,0.02736302122332095,-0.2573476275010188,-1.952948946686713,0.0,1.3538520228212934,-0.3792285358800329,0.0707070707070707
2026-06-01,3210.0,3230.0,3160.0,3180.0,76100.0,1814.T,大末建設,建設業,-,10295287.0,32739012660.0,371347650.0,1.0887013392964486,-0.25683009272180357,0.724152700012756,0.05,0.9202801245294935,,-0.2607285454623256,0.026645801211389746,-0.40570861368452915,-1.8717110776184804,0.0,0.8226805456586433,-0.37928504315947975,0.12307692307692308
2026-06-01,3750.0,3750.0,3630.0,3700.0,42900.0,8011.T,三陽商会,繊維製品,TOPIX Small 2,10021918.0,37081096600.0,163952900.0,0.680186041717665,-0.027792955232579297,0.7852248876144229,0.21666666666666667,0.914957944536233,,-1.061817554731512,0.02764199233044944,-0.027060213258526828,-1.0593323869361548,0.0,0.8351870529226683,-0.38109643864626086,0.29411764705882354
2026-06-01,1228.0,1229.0,1201.0,1205.0,75900.0,6390.T,加藤製作所,機械,-,11185803.0,13478892615.0,115590945.0,0.9491988442343052,-0.42923265117201703,0.6920954379596332,0.2,0.9653250231002838,,-0.5342896978163812,0.02589594073236873,-0.6044640779168405,-1.1405702560043873,0.0,0.7168302452373434,-0.3832352809931622,0.125
2026-06-01,2992.0,2995.0,2913.0,2916.0,37500.0,4685.T,菱友システムズ,情報・通信業,-,12754612.0,37192448592.0,130161280.0,1.024301407954256,-0.4377810103147316,0.6723275765497936,0.16666666666666666,0.8690775065570154,,-0.3870153148971259,0.025858759864873362,-0.7270250896739238,-1.3030459941408528,0.0,0.9430007742906681,-0.38400101709944234,0.23295454545454544
2026-06-01,2645.0,2646.0,2590.0,2591.0,169400.0,7611.T,ハイデイ日高,小売業,TOPIX Small 1,36003019.0,93283822229.0,420843365.0,1.0776798240296517,-0.4219289989198547,0.670377813861084,0.15,0.9757941005626062,,-0.2823414808849479,0.025927707779364095,-0.7391136450750413,-1.384283863209085,0.0,0.6922291243628194,-0.384957295554626,0.1559633027522936
2026-06-01,2250.0,2265.0,2142.0,2159.0,156100.0,4480.T,メドレー,情報・通信業,TOPIX Small 1,30045906.0,64869111054.0,530122305.0,0.7158688810925572,0.10690935808464341,0.6081690140845071,0.5333333333333333,1.2029243602961852,,-0.9918443355836264,0.02822787656614343,-1.1248090565683637,0.4841871253602633,0.0,0.1584992905663389,-0.3853128927356871,0.22727272727272727
2026-06-01,661.0,676.0,580.0,588.0,4707600.0,9348.T,ｉｓｐａｃｅ,サービス業,-,146209628.0,85971261264.0,2015416940.0,1.5572704807504965,0.1998107152932871,0.421505376344086,0.31666666666666665,1.4091409691629957,,0.6581246566730138,0.02863194862194354,-2.282126169705147,-0.5719051725267598,0.0,-0.32608588318224146,-0.38682615265541614,0.19658119658119658
2026-06-01,1126.0,1130.0,1029.0,1051.0,109300.0,9467.T,アルファポリス,情報・通信業,-,29061174.0,30543293874.0,156318340.0,1.378170794917304,-0.5424084583689652,0.6196180876582815,0.06666666666666667,1.1978069073511213,,0.30691433300853715,0.025403685479539626,-1.0538246434449179,-1.7904732085502477,0.0,0.1705247129518639,-0.3877301697019083,0.2215909090909091
2026-06-01,2467.0,2467.0,2396.0,2424.0,158700.0,3036.T,アルコニックス,卸売業,TOPIX Small 1,30061058.0,72868004592.0,410865970.0,0.9172644301215319,-0.46445661289526907,0.7441933094134866,0.13333333333333333,1.0068314526175177,,-0.5969123420963298,0.025742735019830282,-0.2814565606445651,-1.4655217322773177,0.0,0.6192949377283217,-0.3879472268532195,0.05660377358490566
2026-06-01,980.0,980.0,948.0,950.0,159200.0,8185.T,チヨダ,小売業,TOPIX Small 2,33949164.0,32251705800.0,124461975.0,0.8903477744135374,0.8687335785601682,0.746540635520224,0.13333333333333333,0.9376330521600766,,-0.649695278700555,0.03154141135374091,-0.2669031066011071,-1.4655217322773177,0.0,0.7819031732776253,-0.38865218933464135,0.14678899082568808
2026-06-01,2105.0,2134.0,2095.0,2099.5,585100.0,8111.T,ゴールドウイン,繊維製品,TOPIX Mid400,136769331.0,287147210434.5,1203647002.5,1.1658229724863916,-0.06195355423118143,0.6649525344712129,0.11666666666666667,1.1295870717155996,,-0.1094948142127921,0.027493411686641104,-0.7727504516724647,-1.54675960134555,0.0,0.3308334343792942,-0.3905227094488985,0.23529411764705882
2026-06-01,10310.0,10310.0,10090.0,10220.0,39400.0,9601.T,松竹,情報・通信業,TOPIX Small 1,13743685.0,140460460700.0,459940600.0,0.765740166452711,-0.13513021307594242,0.6654945800274027,0.35,0.93490600745942,,-0.8940479034379202,0.027175131697366257,-0.7693897617926794,-0.40942943439029467,0.0,0.7883114128338357,-0.39259498981052676,0.2159090909090909
2026-06-01,608.0,608.0,597.0,603.0,236100.0,2749.T,ＪＰホールディングス,サービス業,TOPIX Small 1,85638477.0,51640001631.0,136170870.0,0.8140631196510125,-0.05858591847274075,0.7701851080136647,0.15,1.0108079210869323,,-0.7992877146958497,0.027508059131468452,-0.12030705297761492,-1.384283863209085,0.0,0.6099506968606933,-0.3941513691249464,0.18803418803418803
2026-06-01,2894.0,2894.0,2710.0,2751.0,178800.0,146A.T,コロンビア・ワークス,不動産業,-,7716600.0,21228366600.0,302717365.0,1.1591311245347489,-4.451678021700731,0.5840764331210191,0.21666666666666667,0.8639509436183254,,-0.1226173726029773,0.008400418395027209,-1.2741833888496867,-1.0593323869361548,0.0,0.9550476041072843,-0.3945383941569839,0.2692307692307692
2026-06-01,1612.0,1617.0,1590.0,1599.0,200500.0,4722.T,フューチャー,情報・通信業,TOPIX Small 1,88675961.0,141792861639.0,325721410.0,0.9017775973150987,0.020266285183651478,0.6607815145094598,0.2833333333333333,1.0743109017183712,,-0.6272816614906189,0.027851024756440426,-0.7986108326197432,-0.7343809106632248,0.0,0.4607260390024423,-0.3967006603568549,0.21022727272727273
2026-06-01,2500.0,2510.0,2451.0,2500.0,167100.0,8276.T,平和堂,小売業,TOPIX Small 1,49454870.0,123637175000.0,282772930.0,0.7854239864965973,-0.1755540479421076,0.7772334853041032,0.15,0.9893957006142345,,-0.8554483895615792,0.026999309270778763,-0.07660701714410802,-1.384283863209085,0.0,0.6602669378032777,-0.39706290609272055,0.13761467889908258
2026-06-01,122.0,122.0,112.0,115.0,2881400.0,4344.T,ソースネクスト,情報・通信業,TOPIX Small 2,138314977.0,15906222355.0,122297855.0,0.8076616921659449,-0.04729977651022388,0.583756345177665,0.45,0.9101123595505617,,-0.8118407652971737,0.027557147914688312,-1.276167938486867,0.07799778001910071,0.0,0.8465736170558784,-0.3972761441873357,0.20454545454545456
2026-06-01,479.0,480.0,475.0,477.0,3506300.0,5202.T,日本板硝子,ガラス・土石製品,TOPIX Small 1,142282340.0,67868676180.0,765778345.0,0.5571730680815963,2.595459265287795,0.671830985915493,0.3333333333333333,0.10822701275846898,,-1.3030431385993233,0.039051760168903,-0.7301039584148126,-0.4906673034585272,0.0,2.7309114123333718,-0.3990731611926781,0.09523809523809523
2026-06-01,1748.0,1749.0,1661.0,1669.0,374700.0,3299.T,ムゲンエステート,不動産業,-,23494749.0,39212736081.0,349842885.0,1.0669487412656606,2.055337519623234,0.6414296694850116,0.21666666666666667,1.2016206548182597,,-0.3033848849159398,0.03670251457432178,-0.918592537083842,-1.0593323869361548,0.0,0.1615628476144791,-0.4012108156618722,0.25
2026-06-01,3195.0,3195.0,3070.0,3110.0,101500.0,3399.T,丸千代山岡家,小売業,-,19699696.0,61266054560.0,351013280.0,0.6666347768269291,-0.1588056579340572,0.7695739945051091,0.21666666666666667,0.8648957100344525,,-1.0883912704038616,0.027072155960915868,-0.12409596510898546,-1.0593323869361548,0.0,0.9528275123289033,-0.40140745405651157,0.12844036697247707
2026-06-01,2506.0,2550.0,2374.0,2384.0,112500.0,6027.T,弁護士ドットコム,サービス業,TOPIX Small 2,22866078.0,54512729952.0,253967265.0,0.577884003816187,0.08983325357971061,0.6120667522464698,0.55,0.9456396021281518,,-1.2624294747120821,0.028153604490259013,-1.1006430265264615,0.5654249944284961,0.0,0.7630887071261027,-0.4057293883401686,0.1794871794871795
2026-06-01,1165.0,1169.0,1141.0,1143.0,77500.0,2148.T,アイティメディア,サービス業,TOPIX Small 2,19475847.0,22260893121.0,127191945.0,1.0403599909654777,-0.3738312669270656,0.6287758014150784,0.3,1.518531913176813,,-0.3555248066322656,0.026136907623474023,-0.9970466926011252,-0.6531430415949923,0.0,-0.5831419462353101,-0.40888486682343733,0.17094017094017094
2026-06-01,5090.0,5090.0,4960.0,4960.0,49200.0,8877.T,エスリード,不動産業,TOPIX Small 2,15429326.0,76529456960.0,208306700.0,1.1269604712227663,-1.3317376735280038,0.6703129712464545,0.08333333333333333,0.9674035775052074,,-0.18570327646504364,0.021970518427350167,-0.739515670174732,-1.7092353394820152,0.0,0.7119458828526125,-0.4096243303240414,0.23076923076923078
2026-06-01,2525.0,2651.0,2473.0,2574.0,1106100.0,2160.T,ジーエヌアイグループ,医薬品,-,55753902.0,143510543748.0,3440372455.0,0.8921474649284138,-0.05846024907350422,0.5836734693877551,0.4,1.0601328903654486,,-0.6461661274053689,0.02750860572727745,-1.2766817695205297,-0.16571582718559685,0.0,0.49404272543531247,-0.4101559721297027,0.4166666666666667
2026-06-01,260.0,264.0,255.0,258.0,748300.0,7803.T,ブシロード,その他製品,-,135816166.0,35040570828.0,186386010.0,0.9251559878642013,-0.009642659043239798,0.6457177195293943,0.25,0.9300265721877768,,-0.5814371806736505,0.027720936575344978,-0.8920065680197857,-0.8968566487996898,0.0,0.7997775212229582,-0.4113699958873391,0.07142857142857142
2026-06-01,738.0,746.0,698.0,713.0,250200.0,4222.T,児玉化学工業,化学,-,15538290.0,11078800770.0,410328685.0,0.9730142154161544,-0.1453412256123835,0.48262626165215655,0.5166666666666667,1.0724985937949212,,-0.48758830812909254,0.027130719161840712,-1.9031758428318002,0.4029492562920311,0.0,0.4649847529576221,-0.4120579397164872,0.06060606060606061
2026-06-01,3035.0,3125.0,2956.0,2984.0,788700.0,3778.T,さくらインターネット,情報・通信業,TOPIX Small 1,40023161.0,119429112424.0,3332514210.0,0.7859720144328083,-0.04072435766794669,0.6334112665344284,0.38333333333333336,1.0674513595854564,,-0.8543737195086507,0.02758574752925991,-0.968306745309234,-0.24695369625382937,0.0,0.47684516943805666,-0.4135591380228661,0.19886363636363635
2026-06-01,1365.0,1412.0,1364.0,1380.0,376900.0,5602.T,栗本鐵工所,鉄鋼,TOPIX Small 1,60692580.0,83755760400.0,428192000.0,0.8403866278603799,-0.06580025640381082,0.6877467081521734,0.21666666666666667,0.8328743485381022,,-0.747667926558382,0.027476680554807863,-0.6314262623438905,-1.0593323869361548,0.0,1.02807400731126,-0.41382922164453184,0.15789473684210525
2026-06-01,2230.0,2292.0,2188.0,2223.0,772600.0,4478.T,フリー,情報・通信業,-,59273569.0,131765143887.0,1527099475.0,1.0091751235821689,1.2937197452229299,0.5133949191685913,0.43333333333333335,1.091669988043045,,-0.41667760718673685,0.033389877718600997,-1.712409744393638,-0.0032400890491318048,0.0,0.4199341944028073,-0.417793184882991,0.19318181818181818
2026-06-01,2510.0,2553.0,2510.0,2553.0,54800.0,4343.T,イオンファンタジー,サービス業,TOPIX Small 2,19781771.0,50502861363.0,144660425.0,0.5849543367215314,-0.1190816467659398,0.6385386888466436,0.48333333333333334,0.949375357850444,,-1.2485647161194044,0.027244934522388107,-0.9365166566768778,0.24047351815556575,0.0,0.7543101133662836,-0.4188467433429806,0.1623931623931624
2026-06-01,1002.0,1002.0,976.0,976.0,305900.0,3245.T,ディア・ライフ,不動産業,TOPIX Small 2,50343074.0,49134840224.0,314987750.0,0.823237408490338,-0.16391031109099452,0.7094527277471918,0.2,0.9519580137262817,,-0.7812971473888146,0.02704995340373861,-0.4968486432666782,-1.1405702560043873,0.0,0.7482411708441323,-0.42160500700805614,0.21153846153846154
2026-06-01,9100.0,9100.0,8730.0,8730.0,98300.0,2986.T,ＬＡホールディングス,不動産業,-,7641423.0,66709622790.0,676860650.0,0.7076963443714742,-0.06209693243508407,0.7354675652906487,0.2,0.7471499088623438,,-1.0078704902561961,0.027492788066843195,-0.3355562938355369,-1.1405702560043873,0.0,1.2295165231350318,-0.4218153965583521,0.19230769230769232
2026-06-01,606.0,606.0,595.0,597.0,441100.0,8614.T,東洋証券,証券、商品先物取引業,TOPIX Small 2,67916323.0,40546044831.0,300171045.0,0.5719758546497729,-0.8398521305739842,0.7964441846382263,0.2,0.8326044237308199,,-1.274015217988745,0.024109961903007925,0.042499582104877275,-1.1405702560043873,0.0,1.0287082993809176,-0.423626521032071,0.10526315789473684
2026-06-01,1690.0,1690.0,1647.0,1655.0,168100.0,6309.T,巴工業,機械,TOPIX Small 2,29391466.0,48642876230.0,196898680.0,0.8615478436529262,-0.586583492918223,0.7541271187892915,0.06666666666666667,0.7840862135209136,,-0.7061712739369139,0.025211547306732623,-0.21986680632270275,-1.7904732085502477,0.0,1.1427204803285873,-0.42564825018819363,0.11538461538461539
2026-06-01,5820.0,5840.0,5480.0,5490.0,220000.0,6946.T,日本アビオニクス,電気機器,-,14788813.0,81190583370.0,1735392550.0,1.0196335578876798,-0.077501795657272,0.6109356251992757,0.25,1.0810084422047712,,-0.39616886044955285,0.02742578501179063,-1.1076560297267422,-0.8968566487996898,0.0,0.4449875936942542,-0.4259960924400298,0.06896551724137931
2026-06-01,1423.0,1428.0,1391.0,1391.0,769400.0,1861.T,熊谷組,建設業,TOPIX Small 1,169917537.0,236355293967.0,1539680315.0,1.0231140178002267,-0.08769395619737486,0.6926531827501167,0.08333333333333333,0.9426310058906183,,-0.38934375940763755,0.027381454472536666,-0.601006052569199,-1.7092353394820152,0.0,0.7701585602214278,-0.4285691596588459,0.1076923076923077
2026-06-01,1780.0,1785.0,1704.0,1753.0,2114000.0,1662.T,石油資源開発,鉱業,TOPIX Small 1,255999402.0,448766951706.0,4227138255.0,0.6410047463003522,-0.1570510993916704,0.6325364782614114,0.43333333333333335,0.8968457082000763,,-1.1386511649139683,0.02707978736801848,-0.9737304445952291,-0.0032400890491318048,0.0,0.877748712917769,-0.4292375110170146,0.75
2026-06-01,528.0,549.0,516.0,524.0,189200.0,3798.T,ＵＬＳグループ,情報・通信業,-,56576380.0,29646023120.0,118129365.0,0.818662900409053,-0.0869851765417693,0.6223195430446783,0.3333333333333333,0.9097274855521594,,-0.7902676514762993,0.027384537291358212,-1.0370755830124827,-0.4906673034585272,0.0,0.8474780264262581,-0.429362089346198,0.1875
2026-06-01,945.0,945.0,923.0,930.0,606300.0,2157.T,コシダカホールディングス,サービス業,TOPIX Small 1,82868004.0,77067243720.0,362272085.0,1.0567447471981495,-0.06893971137874122,0.6336656853250221,0.13333333333333333,0.7861765945022589,,-0.32339468025672435,0.027463025576410043,-0.966729345319488,-1.4655217322773177,0.0,1.137808326857476,-0.43026662623270007,0.15384615384615385
2026-06-01,1218.0,1218.0,1184.0,1198.0,225000.0,9543.T,静岡ガス,電気・ガス業,TOPIX Small 1,75352967.0,90272854466.0,170461825.0,0.603582602769431,-0.09192562428548479,0.7372307692307692,0.3,1.0611913025023372,,-1.2120351191100374,0.027363048941388333,-0.3246244052333798,-0.6531430415949923,0.0,0.4915555793607543,-0.4344865758600494,0.125
2026-06-01,924.0,926.0999755859375,892.2000122070312,904.7999877929688,4175200.0,9509.T,北海道電力,電気・ガス業,TOPIX Mid400,205354571.0,185804813334.03033,3021737314.9139404,0.8144455458221214,0.7705768493007359,0.7095942086435668,0.16666666666666666,0.8313448345040075,,-0.7985377858575714,0.03111448119282413,-0.49597145976945944,-1.3030459941408528,0.0,1.0316681883427274,-0.43492360782407025,0.0625
2026-06-01,1695.0,1702.0,1625.0,1634.0,100100.0,3547.T,串カツ田中ホールディングス,小売業,TOPIX Small 2,10823117.0,17684973178.0,129014180.0,1.1247668393782384,-0.18067189842165599,0.5532831269681189,0.23333333333333334,0.892863344330613,,-0.190004937556928,0.02697704931218737,-1.4651023091718662,-0.9780945178679223,0.0,0.8871068072934764,-0.43613627121107296,0.11926605504587157
2026-06-01,1478.0,1478.0,1445.0,1457.0,178200.0,3431.T,宮地エンジニアリンググループ,金属製品,TOPIX Small 1,26518992.0,38638171344.0,283843775.0,1.0739226262977786,-1.6170809131433201,0.711001272380108,0.05,1.198742094944889,,-0.28970925836229977,0.020729425370107978,-0.48724764531215287,-1.8717110776184804,0.0,0.16832713029785873,-0.4370347924383577,0.17857142857142858
2026-06-01,68.0,69.0,53.0,54.0,16436900.0,3777.T,環境フレンドリーホールディングス,情報・通信業,-,323348900.0,17460840600.0,347471090.0,1.0367121501599128,0.003960906850956514,0.6136363636363636,0.23333333333333334,1.2132352941176472,,-0.36267813771734725,0.027780104934153074,-1.0909114143898508,-0.9780945178679223,0.0,0.13426978895228422,-0.4419074793063429,0.18181818181818182
2026-06-01,805.0,809.0,787.0,791.0,646700.0,1852.T,淺沼組,建設業,TOPIX Small 1,80726816.0,63854911456.0,403115850.0,1.1630542263614696,-0.32258357534562987,0.6601849163436959,0.016666666666666666,0.8849305369745036,,-0.11492426104936711,0.02635980813552805,-0.8023097494268006,-2.0341868157549454,0.0,0.9057479868381224,-0.44244368613515556,0.09230769230769231
2026-06-01,1975.0,1998.0,1950.0,1961.0,98200.0,9305.T,ヤマタネ,卸売業,TOPIX Small 2,21125676.0,41427450636.0,195969500.0,1.1276194826700165,-0.4689692229618795,0.6153018023271307,0.13333333333333333,0.9982133563279609,,-0.1844109703249708,0.025723107538796346,-1.0805856716740403,-1.4655217322773177,0.0,0.6395464669858616,-0.44364003652365624,0.04716981132075472
2026-06-01,1707.0,1750.0,1668.0,1729.0,76900.0,6648.T,かわでん,電気機器,-,16015530.0,27690851370.0,205619970.0,0.9568309022737329,-115.0754716981132,0.6327902759094551,0.4,1.0726670280620836,,-0.5193234092839158,-0.4727549174828446,-0.9721568956978086,-0.16571582718559685,0.0,0.46458895191586014,-0.4440788873132984,0.0603448275862069
2026-06-01,910.4000244140625,913.7999877929688,894.7000122070312,899.0,2077100.0,4680.T,ラウンドワン,サービス業,TOPIX Mid400,262872673.0,236322533027.0,2252960010.8535767,1.0167063461354624,0.0019339002801677108,0.5490590238318108,0.3,0.882303299795516,,-0.4019090547003024,0.02777128852138163,-1.4912918065291518,-0.6531430415949923,0.0,0.9119216902650888,-0.444168174576555,0.1452991452991453
2026-06-01,572.0,628.0,571.0,604.0,967100.0,4165.T,プレイド,情報・通信業,-,41075773.0,24809766892.0,217448280.0,0.865011486416655,1.6973954152171973,0.4614209320091673,0.55,0.9222488038277512,,-0.6993791509331903,0.035145654628132454,-2.0346491773420055,0.5654249944284961,0.0,0.8180543770631855,-0.44727174152723187,0.17613636363636365
2026-06-01,3165.0,3220.0,2935.0,3020.0,231900.0,7409.T,ＡｅｒｏＥｄｇｅ,輸送用機器,-,11886528.0,35897314560.0,623566575.0,0.887397282564478,-0.2939167012739963,0.5316901408450704,0.45,1.1659452409016065,,-0.6554811246804451,0.026484493964535616,-1.5989791191731837,0.07799778001910071,0.0,0.2453959430491909,-0.45307551735828944,0.16129032258064516
2026-06-01,165.0,165.0,159.0,161.0,372700.0,1435.T,ｒｏｂｏｔ　ｈｏｍｅ,不動産業,TOPIX Small 2,88857000.0,14305977000.0,115844520.0,0.7623668112810631,0.604203963528873,0.5812274368231047,0.4,0.8661395988489612,,-0.9006629745708374,0.03039084661951804,-1.2918472049563072,-0.16571582718559685,0.0,0.949904517519635,-0.453299621180949,0.17307692307692307
2026-06-01,1004.0,1056.0,998.0,1054.0,204900.0,4396.T,システムサポートホールディングス,情報・通信業,TOPIX Small 2,20604544.0,21717189376.0,108166300.0,1.0488499898229189,0.1321365269850563,0.6132597687550255,0.13333333333333333,0.7830650928997858,,-0.338876116084533,0.028337601486272564,-1.0932463078172383,-1.4655217322773177,0.0,1.1451199956553428,-0.4588561502718433,0.17045454545454544
2026-06-01,1271.0,1271.0,1233.0,1248.0,148900.0,3539.T,ＪＭホールディングス,小売業,TOPIX Small 2,50957792.0,63595324416.0,139756295.0,1.0334087517450536,-0.458443390178228,0.6830870279146142,0.016666666666666666,0.7268808924989563,,-0.3691560252752069,0.025768889376863,-0.6603163437006668,-2.0341868157549454,0.0,1.2771463666774052,-0.4591807567440909,0.11009174311926606
2026-06-01,1396.0,1408.0,1304.0,1311.0,125200.0,3791.T,ＩＧポート,情報・通信業,-,20221425.0,26510288175.0,115386000.23986816,0.5774245964986823,-0.012199254490003364,0.5265816980935728,0.65,1.1375042204727934,,-1.2633303617902703,0.027709816729423863,-1.6306515342688823,1.0528522088378913,0.0,0.3122290507305647,-0.4614961592567762,0.16477272727272727
2026-06-01,4775.0,4775.0,4600.0,4700.0,101900.0,9887.T,松屋フーズホールディングス,小売業,TOPIX Small 1,20594737.0,96795263900.0,418196200.0,1.0467297485380724,1.654562297359889,0.6241973019088485,0.16666666666666666,1.1391282949179218,,-0.3430338599936499,0.03495935308734807,-1.0254334523106772,-1.3030459941408528,0.0,0.308412663672811,-0.46214158312619824,0.10091743119266056
2026-06-01,608.0,611.0,599.0,609.0,683000.0,6200.T,インソース,サービス業,TOPIX Small 1,83988929.0,51149257761.0,389277035.0,1.086198813537929,-0.25901703697888045,0.6010193324115874,0.15,0.9640062597809077,,-0.26563594034434096,0.026636289153779084,-1.16913718096213,-1.384283863209085,0.0,0.719929186470859,-0.4652234691478863,0.13675213675213677
2026-06-01,735.0,739.0,705.0,707.0,331100.0,4375.T,セーフィー,情報・通信業,-,55697233.0,39377943731.0,145644410.0,1.0083845962987996,0.3623106006765784,0.5931208053691275,0.21666666666666667,0.9814756671899529,,-0.41822781282649607,0.029338737680004785,-1.2181081569136671,-1.0593323869361548,0.0,0.6788781000859379,-0.4657998532054826,0.1590909090909091
2026-06-01,804.0,860.0,802.0,839.0,245600.0,5698.T,エンビプロ・ホールディングス,鉄鋼,TOPIX Small 2,28500528.0,23911942992.0,329439635.0,0.5828268122713332,0.0879556011624536,0.6695929768555466,0.38333333333333336,1.0595533498759304,,-1.2527367421465978,0.028145437689524176,-0.7439796452694364,-0.24695369625382937,0.0,0.4954045785389529,-0.46721658067928246,0.10526315789473684
2026-06-01,4101.0,4220.0,4037.0,4182.0,279000.0,4516.T,日本新薬,医薬品,TOPIX Mid400,67400929.0,281870685078.0,1299258430.0,0.6555437612196328,-0.04301945965399345,0.648012782458745,0.35,0.926635909348437,,-1.1101404943798001,0.027575765042398177,-0.8777771463926494,-0.40942943439029467,0.0,0.807745186631449,-0.4672237674398521,0.3888888888888889
2026-06-01,1600.0,1600.0,1535.0,1562.0,255000.0,3479.T,ティーケーピー,不動産業,-,38041228.0,59420398136.0,287545090.0,1.0117773955630702,-0.09082496177218025,0.6441237113402062,0.1,0.8255188316679478,,-0.4115746122796069,0.02736783624458665,-0.9018894406464991,-1.6279974704137827,0.0,1.0453586210003372,-0.4683612716501054,0.15384615384615385
2026-06-01,1559.0,1559.0,1475.0,1492.0,193400.0,3491.T,ＧＡ　ｔｅｃｈｎｏｌｏｇｉｅｓ,不動産業,-,41052465.0,61250277780.0,278805495.0,0.5838447832112453,-0.04953556520744096,0.5853935634667632,0.4666666666666667,0.7496443812233287,,-1.2507405247795804,0.027547423409445725,-1.266017162648303,0.15923564908733323,0.0,1.2236548016708815,-0.4739336204255502,0.1346153846153846
2026-06-01,3070.0,3100.0,2993.0,2997.0,43300.0,4072.T,電算システムホールディングス,情報・通信業,TOPIX Small 2,10715400.0,32114053800.0,140850675.0,0.7192159677279645,0.038394215341015725,0.5970136064915952,0.36666666666666664,0.8505491812105211,,-0.9852807764400928,0.02792987172085706,-1.1939727365843205,-0.3281915653220622,0.0,0.9865401953229486,-0.478033998528835,0.1534090909090909
2026-06-01,1111.0,1156.0,1095.0,1100.0,170500.0,2962.T,テクニスコ,金属製品,-,9193374.0,10112711400.0,209963545.0,0.530640932923522,-0.07619402534093422,0.5615109749872383,0.6,1.15118001382443,,-1.3550720393370708,0.027431473125033693,-1.4140895386500714,0.8091386016331934,0.0,0.2800925184993869,-0.4793526331130753,0.14285714285714285
2026-06-01,1805.0,1850.0,1780.0,1786.0,35600.0,3446.T,ジェイテックコーポレーション,金属製品,-,5904515.0,10545463790.0,100888040.0,0.40363741270089315,-0.03371036620554335,0.7104216388225935,0.38333333333333336,0.8478955213286962,,-1.6041229923658828,0.027616254704125102,-0.490841381315481,-0.24695369625382937,0.0,0.9927759890447546,-0.47969921566437235,0.10714285714285714
2026-06-01,1880.0,1896.0,1825.0,1855.0,48100.0,5038.T,ｅＷｅＬＬ,情報・通信業,-,15116496.0,28041100080.0,121738970.0,0.8684652950124089,-0.0078125,0.6190374299633565,0.23333333333333334,0.8959704112541281,,-0.6926063125044304,0.027728896804875128,-1.0574247291142316,-0.9780945178679223,0.0,0.8798055594781148,-0.4804281994540177,0.14772727272727273
2026-06-01,1600.0,1602.0,1566.0,1570.0,642200.0,9418.T,Ｕ－ＮＥＸＴ　ＨＯＬＤＩＮＧＳ,情報・通信業,TOPIX Small 1,180374910.0,283188608700.0,911349950.0,0.849987800925673,-0.09887618138669418,0.6713102498505706,0.16666666666666666,0.9685024288383759,,-0.7288402492001935,0.027332817672640192,-0.733332529156588,-1.3030459941408528,0.0,0.7093637093451857,-0.48203207736707465,0.14204545454545456
2026-06-01,1202.0,1210.0,1115.0,1118.0,65200.0,4031.T,片倉コープアグリ,化学,-,8957677.0,10014682886.0,114524280.0,0.5165817247303756,-7.042164179104478,0.6017222820236814,0.55,1.1881218852682358,,-1.3826418200265806,-0.0028668342974497774,-1.1647788837297548,0.5654249944284961,0.0,0.1932833943916557,-0.4848550214431014,0.050505050505050504
2026-06-01,2658.0,2658.0,2598.0,2616.0,88800.0,2918.T,わらべや日洋ホールディングス,食料品,TOPIX Small 1,17315882.0,45298347312.0,296019990.0,0.8896226925783577,1.6279201984701261,0.6968135154875157,0.05,0.722556627172168,,-0.6511171473366277,0.03484347396574343,-0.5752119325594374,-1.8717110776184804,0.0,1.2873078899234307,-0.4855020720012091,0.06976744186046512
2026-06-01,1841.0,1842.0,1769.0,1776.0,417600.0,9722.T,藤田観光,サービス業,TOPIX Small 1,59918510.0,106415273760.0,494266625.0,0.8742039150209824,-0.05469285790038059,0.6271186440677966,0.23333333333333334,1.0594200282826474,,-0.6813530119683497,0.027524991897965017,-1.0073210908737902,-0.9780945178679223,0.0,0.4957178688592648,-0.48684950742957933,0.1282051282051282
2026-06-01,2180.0,2180.0,2075.0,2092.0,147000.0,1871.T,ピーエス・コンストラクション,建設業,TOPIX Small 2,46819446.0,97946281032.0,400798630.0,1.113157769518301,-0.14306317149215864,0.606290582863559,0.1,1.0201811460853005,,-0.2127700538885642,0.027140627499449985,-1.1364553558914103,-1.6279974704137827,0.0,0.5879247024978801,-0.4885018132127341,0.07692307692307693
2026-06-01,497.0,499.0,483.0,484.0,269600.0,4820.T,イーエムシステムズ,情報・通信業,TOPIX Small 2,69221005.0,33502966420.0,115050000.0,1.0373164444371237,-0.33108628659476114,0.5873619374663125,0.21666666666666667,1.2417610390244234,,-0.3614931306767124,0.026322825812367848,-1.2538132168648195,-1.0593323869361548,0.0,0.06723758854942628,-0.490093198202002,0.13636363636363635
2026-06-01,2258.0,2273.0,2192.0,2213.0,93700.0,212A.T,フィットイージー,サービス業,TOPIX Small 2,16520250.0,36559313250.0,185523530.0,0.532814506226486,-0.3024070123365179,0.6269644052438189,0.4166666666666667,0.8133763152500817,,-1.3508097125792593,0.02644756557566708,-1.008277373697056,-0.08447795811736433,0.0,1.0738921298211372,-0.49172309871685715,0.11965811965811966
2026-06-01,1005.0,1015.0,981.0,994.0,185600.0,9823.T,マミーマートホールディングス,小売業,-,50022246.0,49722112524.0,102712960.0,1.1088504771802035,11.159615384615385,0.5554022888495276,0.11666666666666667,0.712502538892343,,-0.22121655411073493,0.0763013362063972,-1.4519634764535625,-1.54675960134555,0.0,1.3109338342289607,-0.49308874825718135,0.09174311926605505
2026-06-01,164.0,169.0,164.0,168.0,619400.0,3936.T,グローバルウェイ,情報・通信業,-,36562189.0,6142447752.0,513792645.0,1.2825861243089989,-0.016944192920631762,0.46153846153846156,0.31666666666666665,1.5961680176860722,,0.1194750142541113,0.02768917874216601,-2.033920492649059,-0.5719051725267598,0.0,-0.7655778101529488,-0.49405771666740395,0.13068181818181818
2026-06-01,275.0,276.0,270.0,270.0,1071700.0,7779.T,ＣＹＢＥＲＤＹＮＥ,精密機器,-,211131005.0,57005371350.0,563924275.0,0.5820606752977281,-0.9639687680675382,0.6428571428571429,0.36666666666666664,0.9087640449438202,,-1.254239118955465,0.023570119791138853,-0.9097421826060619,-0.3281915653220622,0.0,0.8497420003959301,-0.49635732109080677,0.20689655172413793
2026-06-01,3770.0,3855.0,3730.0,3800.0,19500.0,5254.T,Ａｒｅｎｔ,情報・通信業,-,6857459.0,26058344200.0,128725600.0,0.5334283371200409,-0.017068503949940084,0.6608695652173913,0.43333333333333335,1.3445005269288368,,-1.3496060044554972,0.02768863805455196,-0.7980649170233984,-0.0032400890491318048,0.0,-0.1741883221499188,-0.49928775446978163,0.125
2026-06-01,3410.0,3410.0,3265.0,3330.0,39300.0,6637.T,寺崎電気産業,電気機器,-,12264675.0,40841367750.0,182561000.0,0.733402439612362,-0.23056188008688594,0.6251433414098929,0.2833333333333333,0.8722231394123556,,-0.957461434608211,0.02676005412437731,-1.0195679944340623,-0.7343809106632248,0.0,0.9356089009971896,-0.49996563555739515,0.05172413793103448
2026-06-01,1090.0,1097.0,1031.0,1056.0,239300.0,6629.T,テクノホライゾン,電気機器,-,13476998.0,14231709888.0,974299630.0,0.40123185924054966,0.038478792545778795,0.6730401529636711,0.4666666666666667,1.140553205444103,,-1.6088402268237159,0.02793023958722661,-0.7226071061385072,0.15923564908733323,0.0,0.30506428878341657,-0.500610356234553,0.04310344827586207
2026-06-01,1561.0,1561.0,1461.0,1538.0,154600.0,9211.T,エフ・コード,サービス業,-,12238769.0,18823226722.0,203767055.0,0.8326088287516071,0.08415590275819285,0.5152428810720268,0.4166666666666667,0.9657683903860159,,-0.7629200099424562,0.028128910999368487,-1.700952355256902,-0.08447795811736433,0.0,0.7157883834087955,-0.5007705203343172,0.1111111111111111
2026-06-01,1121.0,1126.0,1103.0,1103.0,80000.0,3836.T,アバントグループ,情報・通信業,TOPIX Small 2,34452352.0,38000944256.0,149002225.0,0.9568267265524463,-0.367670912905249,0.5780922431865828,0.2,0.8203719357565512,,-0.5193315977763623,0.02616370192432004,-1.3112854484860412,-1.1405702560043873,0.0,1.057453230950503,-0.5037619405133518,0.11931818181818182
2026-06-01,106.0,152.0,104.0,130.0,11070200.0,8783.T,ａｂｃ,その他金融業,-,40588228.0,5276469640.0,180465910.0,2.1173269128041556,0.21974345810760965,0.20634920634920634,0.08333333333333333,1.0194384449244063,,1.7563823105425767,0.02871864557243727,-3.6160973734503137,-1.7092353394820152,0.0,0.5896699643032842,-0.5038460383684473,0.1111111111111111
2026-06-01,1690.0,1691.0,1647.0,1648.0,236100.0,8125.T,ワキタ,卸売業,TOPIX Small 1,49728793.0,81953050864.0,240605320.0,0.5460693377180478,-0.7864759149118576,0.8046875,0.1,0.9210055603578023,,-1.3248172959169249,0.02434212037562299,0.0936082503631846,-1.6279974704137827,0.0,0.8209758553873978,-0.5095479716053861,0.03773584905660377
2026-06-01,565.0,580.0,558.0,578.0,162000.0,9553.T,マイクロアド,サービス業,-,27539759.0,15917980702.0,227902320.0,0.8148431612200351,-0.030514300160379815,0.6039707419017764,0.26666666666666666,0.9687875150060025,,-0.7977580712983547,0.027630155910912012,-1.1508384016593292,-0.8156187797314572,0.0,0.7086937898327285,-0.5096077866468087,0.10256410256410256
2026-06-01,1660.0,1682.0,1485.0,1492.0,527500.0,6356.T,日本ギア工業,機械,-,14236923.0,21241489116.0,631224640.0,0.2291586979583824,0.22296630618485191,0.6550843900297516,0.6,1.1836135730149586,,-1.9462716990607238,0.02873266326698158,-0.833933082501135,0.8091386016331934,0.0,0.20387740662264042,-0.5146067148725515,0.10576923076923077
2026-06-01,3080.0,3100.0,2940.0,2962.0,214000.0,5161.T,西川ゴム工業,ゴム製品,-,36255039.0,107387425518.0,337547800.0,0.8840089475694255,-0.23969868572868458,0.6673883845665027,0.08333333333333333,0.8620225121845209,,-0.6621255708990967,0.026720313824019414,-0.7576481476863236,-1.7092353394820152,0.0,0.9595791948775308,-0.5187872849844598,0.16666666666666666
2026-06-01,1307.0,1307.0,1290.0,1299.0,89300.0,3901.T,マークラインズ,情報・通信業,TOPIX Small 2,12746520.0,16557729480.0,117298105.0,0.9605731383857358,-0.23345404595404595,0.6035303651716185,0.18333333333333332,1.1359021387894908,,-0.5119849711955904,0.026747474723572282,-1.1535687434238437,-1.2218081250726198,0.0,0.3159937573423588,-0.5194946536965482,0.11363636363636363
2026-06-01,2857.0,2870.0,2749.0,2779.0,77400.0,3193.T,エターナルホスピタリティグループ,小売業,TOPIX Small 2,11536284.0,32059333236.0,133940025.0,0.6939681061005357,-41.72757475083056,0.7199481865284975,0.15,0.6911303751533413,,-1.0347912466162599,-0.15373013249998865,-0.4317766549305349,-1.384283863209085,0.0,1.3611559464815015,-0.5230704579224568,0.08256880733944955
2026-06-01,113.0,115.0,111.0,115.0,2492700.0,9424.T,日本通信,情報・通信業,TOPIX Small 2,166809235.0,19183062025.0,293326785.0,1.0455963329596885,-0.021458237867482355,0.5958549222797928,0.1,0.9486166007905138,,-0.34525646161508067,0.0276695450201575,-1.2011565945829796,-1.6279974704137827,0.0,0.756093104676924,-0.526023013393548,0.10795454545454546
2026-06-01,108.0,108.0,101.0,103.0,1479000.0,190A.T,Ｃｈｏｒｄｉａ　Ｔｈｅｒａｐｅｕｔｉｃｓ,医薬品,-,75216400.0,7747289200.0,162527060.0,0.7902165538269864,-0.11804483621360995,0.42738589211618255,0.5833333333333334,1.1238095238095238,,-0.8460502763518362,0.02724944410312991,-2.2456668912966653,0.7279007325649611,0.0,0.34441000355716644,-0.5274279762589071,0.3611111111111111
2026-06-01,1050.0,1077.0,1043.0,1047.0,154100.0,4828.T,ビジネスエンジニアリング,情報・通信業,TOPIX Small 2,59646660.0,62450053020.0,205630650.0,0.9157188357950358,-0.18847050652378827,0.608213993151602,0.16666666666666666,1.005146033728976,,-0.5999432166684285,0.026943129467495212,-1.1245301857357155,-1.3030459941408528,0.0,0.6232554771311913,-0.5324501842119448,0.10227272727272728
2026-06-01,783.0,945.0,730.0,945.0,1567200.0,6522.T,アスタリスク,電気機器,-,8038720.0,7596590400.0,502574775.0,0.45469724065186357,0.8477448774539271,0.5562095350206003,0.6,1.2393325387365912,,-1.5039958558078947,0.03145012153990616,-1.4469585391256197,0.8091386016331934,0.0,0.07294428327394137,-0.5325101369834451,0.034482758620689655
2026-06-01,1412.0,1413.0,1267.0,1292.0,1784300.0,4592.T,サンバイオ,医薬品,-,78041343.0,100829415156.0,3996306445.0,1.3774295027681482,-2.9203833571572475,0.3238095238095238,0.38333333333333336,1.2741402758888671,,0.3054606763233018,0.015060745022421777,-2.8878417948231334,-0.24695369625382937,0.0,-0.008849872145541195,-0.5349235516735473,0.3333333333333333
2026-06-01,4260.0,4260.0,3980.0,4060.0,209100.0,2791.T,大黒天物産,小売業,TOPIX Small 1,13411493.0,54450661580.0,576702582.5341797,1.380904680191284,-46.01020408163265,0.479929122634171,0.11666666666666667,0.9495545733234689,,0.3122754185261875,-0.17235731825832587,-1.919898141720909,-1.54675960134555,0.0,0.7538889777380167,-0.5433195945921481,0.07339449541284404
2026-06-01,377.0,379.0,365.0,374.0,66900.0,2195.T,アミタホールディングス,サービス業,-,17552470.0,6564623780.0,133934530.0,0.5209177917410698,0.2004138693511197,0.554074074074074,0.5,0.986319977011979,,-1.3741388933398464,0.028634572024953307,-1.4601984262711114,0.3217113872237983,0.0,0.667494532439771,-0.5467843308773873,0.09401709401709402
2026-06-01,560.0,565.0,547.0,547.0,635600.0,6088.T,シグマクシス・ホールディングス,サービス業,TOPIX Small 1,81032853.0,44324970591.0,397234255.0,1.2193200929384396,-0.02040801275695414,0.4280381991751261,0.25,1.0139478894525182,,-0.0045882036753481506,0.02767411294717401,-2.2416225785881285,-0.8968566487996898,0.0,0.6025721344628154,-0.546952928996482,0.08547008547008547
2026-06-01,600.0,602.0,576.0,582.0,359500.0,2158.T,ＦＲＯＮＴＥＯ,サービス業,-,39181503.0,22803634746.0,312843825.0,1.1124749090764554,-0.0136885186361545,0.4720194647201946,0.25,1.0623052959501558,,-0.21410912735305726,0.02770333921345159,-1.9689381292284511,-0.8968566487996898,0.0,0.48893782363568267,-0.550470679018761,0.07692307692307693
2026-06-01,492.0,492.0,460.0,465.0,1297700.0,4552.T,ＪＣＲファーマ,医薬品,TOPIX Small 1,121992906.0,56726701290.0,382467025.0,1.1032486854440957,-0.4118420516165858,0.5738689366222193,0.05,0.869554008485328,,-0.23220153758285433,0.025971580696359544,-1.3374700070863499,-1.8717110776184804,0.0,0.941881049885385,-0.5527140997873965,0.3055555555555556
2026-06-01,700.0,721.0,667.0,674.0,1254300.0,247A.T,Ａｉロボティクス,化学,-,64899876.0,43742516424.0,2294943180.0,1.2638944594471953,-0.4229634245270818,0.3140726933830382,0.4,1.0009773260359656,,0.08282109364335083,0.025923208571879474,-2.9482102769586476,-0.16571582718559685,0.0,0.6330514579342177,-0.5556607810190506,0.04040404040404041
2026-06-01,1085.0,1101.5,1036.0,1047.5,1510500.0,4587.T,ペプチドリーム,医薬品,TOPIX Mid400,128492365.0,134595752337.5,1060260752.5,0.9286909904093816,-2.704366235205524,0.5742872807017544,0.15,0.7793649618829102,,-0.5745051227960958,0.01600030591989093,-1.3348762680577624,-1.384283863209085,0.0,1.1538148754788358,-0.5565532935380247,0.2777777777777778
2026-06-01,3535.0,3680.0,3505.0,3635.0,100800.0,325A.T,ＴＥＮＴＩＡＬ,繊維製品,-,7506441.0,27285913035.0,339902250.0,0.7028013227412673,-0.006298889637594063,0.5558103975535168,0.35,0.9614924659172446,,-1.0174695139680008,0.02773548021408673,-1.449433196893686,-0.40942943439029467,0.0,0.725836311231009,-0.5624427474142094,0.17647058823529413
2026-06-01,6010.0,6160.0,5990.0,6100.0,252200.0,6814.T,古野電気,電気機器,TOPIX Small 1,31608824.0,192813826400.0,2031020150.0,0.6063544748298338,-0.03562421271889504,0.6153284814884399,0.2833333333333333,0.7853075375057238,,-1.2065995423865956,0.027607930478103313,-1.080420260508154,-0.7343809106632248,0.0,1.1398505102585972,-0.5639965661653077,0.02586206896551724
2026-06-01,1641.5,1643.5,1588.5,1597.5,1262400.0,6417.T,ＳＡＮＫＹＯ,機械,TOPIX Mid400,197513729.0,315528182077.5,2038639807.5,1.2390040295588487,-0.2857503751276741,0.5436789938768973,0.016666666666666666,1.0515992764948134,,0.03401153880484618,0.02652001318937178,-1.5246480660094717,-2.0341868157549454,0.0,0.5140957307821119,-0.5692199610274762,0.09615384615384616
2026-06-01,1800.0,1806.0,1746.0,1761.0,122900.0,3486.T,グローバル・リンク・マネジメント,不動産業,-,15973896.0,28130030856.0,164151065.0,0.879405313185474,-0.06564958322216563,0.6034723140615859,0.11666666666666667,0.8498372479075309,,-0.6711531909895441,0.02747733590392321,-1.153928661101923,-1.54675960134555,0.0,0.9882131562217953,-0.5743079783825326,0.11538461538461539
2026-06-01,1450.0,1471.0,1350.0,1379.0,138900.0,6217.T,津田駒工業,機械,-,6387419.0,8808250801.0,797223795.0,0.9038428063852226,0.6527351450612562,0.5088560885608856,0.5166666666666667,2.4517733089579523,,-0.6232318344762455,0.03060193174121499,-1.7405505563884816,0.4029492562920311,0.0,-2.776151260126496,-0.5746327615239741,0.08653846153846154
2026-06-01,3700.0,3745.0,3480.0,3525.0,1741900.0,7014.T,名村造船所,輸送用機器,TOPIX Small 1,69465498.0,244865880450.0,6082272525.0,0.9028554788839278,-0.029153646827397295,0.586546255560296,0.15,0.9852590680103673,,-0.6251679607719418,0.027636074037471297,-1.2588704558650665,-1.384283863209085,0.0,0.6699875458575675,-0.5753002650451153,0.12903225806451613
2026-06-01,1100.0,1129.0,1080.0,1080.0,260200.0,3444.T,菊池製作所,金属製品,-,12079416.0,13045769280.0,1035125205.0,0.644100812589126,0.16758902882476634,0.574468085106383,0.4,1.4492264806541169,,-1.1325798508393046,0.028491801228149916,-1.3337552782702484,-0.16571582718559685,0.0,-0.42028219771513936,-0.5886445520204349,0.07142857142857142
2026-06-01,750.0,765.0999755859375,709.0,727.2000122070312,13497700.0,3697.T,ＳＨＩＦＴ,情報・通信業,TOPIX Mid400,255605108.0,185876037657.77954,5515368668.081055,0.9741174612829271,0.04326377013103122,0.397920663314381,0.4,0.9620192398168386,,-0.48542486861132805,0.027951051723754262,-2.4283517138341804,-0.16571582718559685,0.0,0.7245984535091519,-0.5886662483911115,0.09659090909090909
2026-06-01,1562.0,1564.0,1525.0,1531.0,593500.0,7148.T,ＦＰＧ,証券、商品先物取引業,TOPIX Small 1,83736965.0,128201293415.0,1108855855.0,0.8545818267273061,-0.5035731160800496,0.6435110755678098,0.03333333333333333,0.7817189196511407,,-0.7198314713164777,0.02557259879865444,-0.9056877908345525,-1.952948946686713,0.0,1.1482833470516005,-0.5902304509467933,0.05263157894736842
2026-06-01,2429.0,2443.0,2348.0,2348.0,148000.0,7279.T,ハイレックスコーポレーション,輸送用機器,-,36965060.0,86793960880.0,231766045.0,0.9977257599289994,-0.3166493444924603,0.5954612397518311,0.016666666666666666,0.7758813017379812,,-0.43912954335667026,0.02638561891948729,-1.2035974316537037,-2.0341868157549454,0.0,1.1620010737966529,-0.5909334361134457,0.0967741935483871
2026-06-01,1258.0,1270.0,1214.0,1239.0,244900.0,218A.T,Ｌｉｂｅｒａｗａｒｅ,精密機器,-,18959900.0,23491316100.0,1017580370.0,0.8706618078147812,0.011077601744549082,0.4320083682008368,0.43333333333333335,1.126510067114094,,-0.6882990019211341,0.027811058814941902,-2.217007476197966,-0.0032400890491318048,0.0,0.3380640392158271,-0.5921062924127197,0.1724137931034483
2026-06-01,2059.0,2074.0,1966.0,2008.0,234000.0,5243.T,ｎｏｔｅ,情報・通信業,-,19317677.0,38789895416.0,542745955.0,0.27497740361990275,-0.014539336750779563,0.5897209985315712,0.48333333333333334,0.697241275722225,,-1.8564222815678448,0.027699638602017934,-1.2391870059176435,0.24047351815556575,0.0,1.3467960371114207,-0.6016072323460797,0.09090909090909091
2026-06-01,395.0,395.0,365.0,369.0,385500.0,3997.T,トレードワークス,情報・通信業,-,40954250.0,15112118250.0,225407005.0,0.7503591661072667,0.007699300515332741,0.5676923076923077,0.25,1.0347343039564303,,-0.9242096878345614,0.02779636498092464,-1.3757651911329771,-0.8968566487996898,0.0,0.5537264651477218,-0.606098543002572,0.08522727272727272
2026-06-01,2358.0,2425.0,2315.0,2412.0,646600.0,1515.T,日鉄鉱業,鉱業,TOPIX Small 1,78682023.0,189781039476.0,2587539265.0,0.8827192862436181,-0.3212921863633009,0.5416823144936135,0.18333333333333332,0.9486216874499178,,-0.664654566801838,0.02636542499858157,-1.5370275055601743,-1.2218081250726198,0.0,0.7560811516157975,-0.6124449477429521,0.5
2026-06-01,1420.0,1452.0,1387.0,1405.0,229800.0,8237.T,松屋,小売業,TOPIX Small 1,50740268.0,71290076540.0,489044935.0,1.0175226741347858,-0.47052238551272685,0.4813495905803598,0.16666666666666666,0.8435499946474645,,-0.4003082544558744,0.025716352098361792,-1.9110912209800162,-1.3030459941408528,0.0,1.0029874740140075,-0.6211737452058089,0.06422018348623854
2026-06-01,159.0,159.0,145.0,150.0,1062400.0,3133.T,海帆,小売業,-,58355783.0,8753367450.0,310010560.0,2.0385872941731327,-0.05824106226837522,0.16722408026755853,0.03333333333333333,0.9708004122294744,,1.6019757474267975,0.027509559074630104,-3.858673691559431,-1.952948946686713,0.0,0.7039637142285651,-0.622107567978108,0.05504587155963303
2026-06-01,6006.0,6006.0,5653.0,5829.0,744800.0,3349.T,コスモス薬品,小売業,TOPIX Mid400,79257265.0,461990597685.0,2668926375.5737305,0.8765025319829424,0.03439403315636902,0.5869033659679455,0.11666666666666667,1.0800297264212808,,-0.6768454774998498,0.027912473031672196,-1.25665636644168,-1.54675960134555,0.0,0.4472874625583547,-0.6232140914792952,0.045871559633027525
2026-06-01,222.0,239.0,217.0,233.0,343900.0,4935.T,リベルタ,化学,-,30025580.0,6995960140.0,149131540.0,1.2503173531397704,0.0004968081039422589,0.27760261201136055,0.36666666666666664,0.9946563277804276,,0.05619670355313689,0.027765037926046218,-3.174325281465462,-0.3281915653220622,0.0,0.6479050725618479,-0.6307081020935136,0.030303030303030304
2026-06-01,1805.0,1826.0,1751.0,1764.0,99700.0,6289.T,技研製作所,機械,TOPIX Small 2,25366042.0,44745698088.0,135161810.0,0.5604026215470131,-0.15487485895989328,0.6938691192076406,0.06666666666666667,0.6777916024320692,,-1.2967100592719973,0.02708925286961722,-0.5934672298621418,-1.7904732085502477,0.0,1.3925005192210584,-0.6350446028945076,0.07692307692307693
2026-06-01,790.0,814.0,760.0,760.0,197500.0,3205.T,ダイドーリミテッド,繊維製品,-,27393867.0,20819338920.0,204574410.0,0.6452447592504439,-0.02588249950317223,0.5826977307484857,0.21666666666666667,0.8139820465655156,,-1.1303365980088638,0.027650301808343963,-1.2827313624613121,-1.0593323869361548,0.0,1.0724687313065973,-0.6374942680174858,0.11764705882352941
2026-06-01,2311.0,2311.0,2179.0,2248.0,75800.0,5537.T,ＡｌｂａＬｉｎｋ,不動産業,-,8183600.0,18396732800.0,233976450.0,0.4841108857336038,-0.10276397387983083,0.5764102564102564,0.35,0.9326228489337639,,-1.4463163810435926,0.027315907819518263,-1.3217137895591926,-0.40942943439029467,0.0,0.7936765712317472,-0.640823462814814,0.09615384615384616
2026-06-01,1947.0,1980.0,1851.0,1865.0,98400.0,6208.T,石川製作所,機械,-,6237268.0,11632504820.0,232368600.0,0.5353974030543248,-0.10095052849121267,0.600329174240962,0.26666666666666666,0.9222494236694969,,-1.3457447118972252,0.02732379535343894,-1.1734161710820308,-0.8156187797314572,0.0,0.8180529205067922,-0.6457286342867317,0.0673076923076923
2026-06-01,2276.0,2293.0,2220.0,2245.0,320900.0,5541.T,大平洋金属,鉄鋼,TOPIX Small 2,17387670.0,39035319150.0,1008752600.0,0.753599880260785,-0.24894316825386897,0.5965922947613242,0.11666666666666667,0.9482816969807584,,-0.9178547226571169,0.0266801051858359,-1.1965848750881563,-1.54675960134555,0.0,0.7568800898850079,-0.6562805650930337,0.05263157894736842
2026-06-01,98.0,98.0,97.0,98.0,1743000.0,3315.T,日本コークス工業,石油・石炭製品,TOPIX Small 2,291022839.0,28520238222.0,366950460.0,0.5054338276990736,-0.8070005430245435,0.6405228758169934,0.15,0.5827633378932968,,-1.404502587153712,0.024252849035298008,-0.924214670257636,-1.384283863209085,0.0,1.6158059471184254,-0.6567576507065722,0.3333333333333333
2026-06-01,455.0,466.0,436.0,439.0,269200.0,2998.T,クリアル,不動産業,-,36065060.0,15832561340.0,151153025.0,1.4384332989300133,-0.2945248276804717,0.285601138457404,0.15,0.7948314279474924,,0.42508770355731423,0.026481848934423742,-3.124734307840722,-1.384283863209085,0.0,1.1174704695341973,-0.6638235294498629,0.07692307692307693
2026-06-01,1201.0,1201.0,1160.0,1163.0,146400.0,6378.T,木村化工機,機械,TOPIX Small 2,19264997.0,22405191511.0,298666555.0,0.30326238439123276,0.3230388617833839,0.6117220062149974,0.3333333333333333,0.6756518016356197,,-1.800956091298843,0.02916792626512115,-1.1027804566480357,-0.4906673034585272,0.0,1.397528803540313,-0.6672267879298011,0.057692307692307696
2026-06-01,1383.0,1387.0,1334.0,1357.0,1029500.0,2726.T,パルグループホールディングス,小売業,TOPIX Small 1,173646306.0,235638037242.0,1348940010.0,0.9179096459096459,0.007031694579156866,0.4717697579998963,0.2,0.970117002299486,,-0.5956470889233679,0.02779346124613324,-1.9704863143177633,-1.1405702560043873,0.0,0.705569648500711,-0.671867725758484,0.03669724770642202
2026-06-01,1356.0,1356.0,1306.0,1313.0,92500.0,7094.T,ＮｅｘＴｏｎｅ,サービス業,-,9768350.0,12825843550.0,147796740.0,0.8717866503094853,-0.1033412905800758,0.5488823084748812,0.06666666666666667,0.9828873423454212,,-0.6860932119176579,0.02731339679542857,-1.4923874441648715,-1.7904732085502477,0.0,0.675560826786526,-0.6979653825567425,0.06837606837606838
2026-06-01,358.0,358.0,349.0,355.0,1144800.0,7383.T,ネットプロテクションズホールディングス,その他金融業,TOPIX Small 1,99480999.0,35315754645.0,398942750.0,0.7323432355348694,-1.1986142245771347,0.37289915966386555,0.43333333333333335,0.8301225919439579,,-0.9595385092002311,0.022549535433226305,-2.583485379510542,-0.0032400890491318048,0.0,1.0345403169582605,-0.6997033168533163,0.05555555555555555
2026-06-01,2292.0,2300.0,2151.0,2164.0,66800.0,5892.T,ｙｕｔｏｒｉ,小売業,-,5417178.0,11722773192.0,216005570.0,0.9362656943459109,-0.026890576115242593,0.34568690095846644,0.36666666666666664,1.1053822937625755,,-0.5596513043271525,0.027645917205133826,-2.75220175656229,-0.3281915653220622,0.0,0.38771186233117466,-0.7132848397747134,0.027522935779816515
2026-06-01,6120.0,6120.0,5820.0,5930.0,335500.0,3498.T,霞ヶ関キャピタル,不動産業,TOPIX Small 1,24538772.0,145514917960.0,2018146150.0,0.7625890833060299,-0.07529363924991006,0.5450367647058824,0.1,0.8622006247830614,,-0.9002271042929696,0.027435389331101564,-1.5162298682548159,-1.6279974704137827,0.0,0.9591606508767112,-0.7176854904096619,0.057692307692307696
2026-06-01,706.0,730.0,693.0,707.0,142000.0,4422.T,ＶＡＬＵＥＮＥＸ,情報・通信業,-,8558700.0,6051000900.0,251239830.0,0.3639559396548599,-9.24752956423133,0.43374233128834355,0.6166666666666667,1.171101188166554,,-1.6819374392597795,-0.012459014129196035,-2.2062568812829046,0.8903764707014262,0.0,0.23328006346532643,-0.7196300158253446,0.07954545454545454
2026-06-01,2011.0,2014.0,1963.0,1978.0,37700.0,341A.T,トヨコー,建設業,-,13618090.0,26936582020.0,109983165.0,0.7153231901679209,-0.011578233041460995,0.5494444444444444,0.11666666666666667,0.8407145515444734,,-0.9929144228111427,0.02771251784618844,-1.4889021934467324,-1.54675960134555,0.0,1.0096504372751511,-0.72061233326866,0.06153846153846154
2026-06-01,2302.0,2327.0,2237.0,2238.0,555300.0,1885.T,東亜建設工業,建設業,TOPIX Small 1,77316780.0,173034953640.0,1794311450.0,0.9862369566218049,-0.07836447678469793,0.48740422775791253,0.03333333333333333,0.8078858956050939,,-0.4616588197720144,0.02742203280248893,-1.8735523874705127,-1.952948946686713,0.0,1.0867939808031666,-0.7218723171993325,0.046153846153846156
2026-06-01,1143.0,1146.0,1100.0,1103.0,1185200.0,215A.T,タイミー,サービス業,-,99918997.0,110210653691.0,1280085860.0,0.5688956564927431,-0.005804273443333563,0.44084732214228617,0.4,0.8721876495931067,,-1.280055415025655,0.02773763153445978,-2.162205840579504,-0.16571582718559685,0.0,0.9356922979666266,-0.7235933731682078,0.05982905982905983
2026-06-01,2260.0,2298.0,2201.0,2237.0,95600.0,5574.T,ＡＢＥＪＡ,情報・通信業,-,9936142.0,22227149654.0,260554115.0,0.7320880633757628,-0.44920840263660444,0.48315334773218144,0.2,0.823385518590998,,-0.9600388958769193,0.025809056716860537,-1.8999079019093303,-1.1405702560043873,0.0,1.0503716599293282,-0.7321059955760725,0.07386363636363637
2026-06-01,294.0,300.0,289.0,295.0,17445200.0,3350.T,メタプラネット,卸売業,-,1279860210.0,377558761950.0,10806910160.0,1.2084586941870117,-0.03435527668639771,0.15284974093264247,0.4166666666666667,0.7551020408163266,,-0.02588715433063159,0.027613449682630953,-3.9477947925071555,-0.08447795811736433,0.0,1.2108299330210355,-0.7412575817299841,0.02830188679245283
2026-06-01,8680.0,8840.0,8230.0,8380.0,123200.0,6016.T,ジャパンエンジンコーポレーション,輸送用機器,-,8383645.0,70254945100.0,1638935450.0,0.7785689412951333,-0.014099759952234114,0.492794801485377,0.13333333333333333,0.8231316492897345,,-0.8688909739678026,0.027701550529959644,-1.8401307564558222,-1.4655217322773177,0.0,1.0509682234172948,-0.7456033558213582,0.06451612903225806
2026-06-01,760.0,777.0,725.0,727.0,3319400.0,6366.T,千代田化工建設,建設業,-,259163199.0,188411645673.0,5410390340.0,0.900681399469337,-1.7198294414453659,0.39726775956284155,0.21666666666666667,0.8316261203585148,,-0.6294312800028972,0.02028252329774966,-2.432399726044992,-1.0593323869361548,0.0,1.0310071991264442,-0.7461166324693863,0.03076923076923077
2026-06-01,97.0,124.0,97.0,121.0,17620500.0,2586.T,フルッタフルッタ,食料品,-,106394553.0,12873740913.0,401816405.0,1.4830774926823131,0.008974709218976695,0.2665198237885463,0.11666666666666667,1.3563829787234043,,0.5126339304786067,0.027801912338168408,-3.243038720391206,-1.54675960134555,0.0,-0.20211070919270344,-0.7556182590355153,0.046511627906976744
2026-06-01,55.0,55.0,51.0,54.0,64283000.0,6740.T,ジャパンディスプレイ,電気機器,TOPIX Small 2,3880393495.0,209541248730.0,5644925610.0,0.45213820887242195,0.7678325870128118,0.32926829268292684,0.65,1.053968253968254,,-1.5090140576843762,0.031102545094820248,-2.853997352968673,1.0528522088378913,0.0,0.5085289077852547,-0.7569230720261771,0.017241379310344827
2026-06-01,1665.0,1665.0,1509.0,1525.0,175500.0,5132.T,ｐｌｕｓｚｅｒｏ,情報・通信業,-,7821655.0,11928023875.0,134179120.0,0.7668014455266181,-0.016988327494894095,0.339265850945495,0.4,0.9377404188630859,,-0.8919667598261307,0.027688986779974178,-2.7920123546748856,-0.16571582718559685,0.0,0.7816508739467496,-0.7602467445770184,0.06818181818181818
2026-06-01,86.0,86.0,82.0,84.0,1440900.0,5955.T,ワイズホールディングス,金属製品,-,133381110.0,11204013240.0,152531360.0,0.47840503070632306,-0.08295973287237823,0.5465281634777776,0.2,0.6943982788023175,,-1.4575054302124466,0.02740204585471908,-1.5069831754220868,-1.1405702560043873,0.0,1.3534767509684207,-0.7623341820260863,0.03571428571428571
2026-06-01,212.0,213.0,204.0,208.0,797600.0,3719.T,ＡＩストーム,情報・通信業,-,29894195.0,6217992560.0,330840945.0,1.053530453477395,0.02553028024676074,0.39789424418664276,0.1,0.9327882136743826,,-0.3296978355792316,0.027873920367126662,-2.4285155127883615,-1.6279974704137827,0.0,0.793287983222251,-0.7656943027616534,0.0625
2026-06-01,2938.0,2951.0,2875.0,2907.0,861000.0,5032.T,ＡＮＹＣＯＬＯＲ,情報・通信業,TOPIX Small 1,59944653.0,174259106271.0,2114925945.0,0.7344996178793283,0.3419987227316206,0.43426547374428176,0.2,0.6195044783572086,,-0.9553098935127242,0.02925039169104418,-2.2030133908838394,-1.1405702560043873,0.0,1.5294685175909866,-0.7667296661532967,0.056818181818181816
2026-06-01,2340.0,2345.0,2199.0,2275.0,366700.0,4082.T,第一稀元素化学工業,化学,TOPIX Small 2,24148370.0,54937541750.0,1178782285.0,0.39355317266317336,0.046130614189527686,0.520010905544323,0.31666666666666665,0.8594022441664454,,-1.623897952835978,0.027963520988005947,-1.6713905381593634,-0.5719051725267598,0.0,0.9657365215826123,-0.770760665393749,0.020202020202020204
2026-06-01,4050.0,4050.0,3945.0,4000.0,245200.0,5715.T,古河機械金属,非鉄金属,TOPIX Small 1,32431753.0,129727012000.0,1268568650.0,0.5034291811293742,-0.2412582049369787,0.5665329127717532,0.15,0.7740089169523827,,-1.4084336525115415,0.026713530735467325,-1.382953455535643,-1.384283863209085,0.0,1.1664009614276216,-0.7713432529611288,0.38461538461538464
2026-06-01,426.0,429.0,382.0,388.0,5100800.0,7777.T,スリー・ディー・マトリックス,精密機器,-,120212511.0,46642454268.0,1181387470.0,0.39264797727526163,-0.30224747228905613,0.489281210592686,0.35,0.752017937219731,,-1.625673019965153,0.026448259490986482,-1.8619150681616061,-0.40942943439029467,0.0,1.2180772196747511,-0.7726997579256695,0.13793103448275862
2026-06-01,289.0,290.0,270.0,271.0,951300.0,3903.T,ｇｕｍｉ,情報・通信業,TOPIX Small 2,51000334.0,13821090514.0,138961705.0,0.7325517274449159,0.014361763304470587,0.3132947976878613,0.43333333333333335,0.8542914171656686,,-0.9591296614076276,0.027825343190896887,-2.9530332409336437,-0.0032400890491318048,0.0,0.9777463737656144,-0.7750314224100006,0.05113636363636364
2026-06-01,1340.0,1340.0,1252.0,1256.0,796200.0,7280.T,ミツバ,電気機器,TOPIX Small 1,45983616.0,57755421696.0,440781485.0,0.3019086664037379,0.026044069339393294,0.5956919027513354,0.23333333333333334,0.8189285778298278,,-1.8036107008271998,0.027876155079526413,-1.2021673178944021,-0.9780945178679223,0.0,1.0608449550970018,-0.778039029941137,0.008620689655172414
2026-06-01,858.0,858.0,826.0,849.0,70800.0,4395.T,アクリート,情報・通信業,-,7499884.0,6367401516.0,101731530.0,0.3629827753481939,-0.059446520128746294,0.5120169851969155,0.31666666666666665,0.7102096355716948,,-1.6838457918598015,0.027504315966774027,-1.7209529539094115,-0.5719051725267598,0.0,1.3163218917677337,-0.7782456410457664,0.045454545454545456
2026-06-01,2752.0,2760.0,2646.0,2670.0,47400.0,6469.T,放電精密加工研究所,機械,-,10680730.0,28517549100.0,227157855.0,0.47596922612762105,-0.16108758930934108,0.5269933390831089,0.2,0.6783320570931236,,-1.4622819864106864,0.027062230759285773,-1.6280993544901878,-1.1405702560043873,0.0,1.3912305132924891,-0.7859488225469213,0.04807692307692308
2026-06-01,374.0,375.0,357.0,363.0,450400.0,7071.T,アンビスホールディングス,サービス業,TOPIX Small 2,98104743.0,35612021709.0,224235685.0,0.9579024485715343,0.12817310809159177,0.4324307139102093,0.06666666666666667,0.9847009735744088,,-0.5172221318845641,0.028320362698073996,-2.2143889270095247,-1.7904732085502477,0.0,0.6712990032164253,-0.8001092588202434,0.05128205128205128
2026-06-01,5070.0,5100.0,4950.0,5040.0,38900.0,4393.T,バンク・オブ・イノベーション,情報・通信業,-,3974243.0,20030184720.0,184074850.0,0.8355631789594054,-0.007165143956803566,0.34878892733564015,0.26666666666666666,0.8436106983655275,,-0.757126597810704,0.027731712463279577,-2.732969150495236,-0.8156187797314572,0.0,1.00284482729934,-0.8011431270306549,0.03977272727272727
2026-06-01,4400.0,4524.0,4309.0,4379.0,2164300.0,7003.T,三井Ｅ＆Ｓ,機械,TOPIX Mid400,100902685.0,441852857615.0,18648325115.0,0.6802198834539681,-0.12711197428894605,0.5225256643243759,0.05,0.8564358888908415,,-1.0617511918727214,0.027210006820054526,-1.655798999245859,-1.8717110776184804,0.0,0.972707113304237,-0.8219164020898989,0.038461538461538464
2026-06-01,105.0,110.0,98.0,101.0,12460900.0,6993.T,大黒屋ホールディングス,小売業,-,739883647.0,74728248347.0,1045322190.0,0.4082344322728245,0.0779016878863581,0.5233160621761658,0.21666666666666667,0.7714285714285715,,-1.5951083437681535,0.028101708453177453,-1.650898521728459,-1.0593323869361548,0.0,1.172464474889794,-0.8222079974703693,0.01834862385321101
2026-06-01,530.0,535.0,506.0,508.0,1715600.0,4784.T,ＧＭＯインターネット,サービス業,TOPIX Small 2,304247024.0,154557488192.0,1363068645.0,1.352994147892782,-2.6274888425683196,0.14122283803163008,0.23333333333333334,0.8032285524902747,,0.2575435130144468,0.01633468215529621,-4.019881749897506,-0.9780945178679223,0.0,1.097738198317475,-0.8273340689513801,0.042735042735042736
2026-06-01,2500.0,2561.0,2335.0,2366.0,139200.0,338A.T,ＺｅｎｍｕＴｅｃｈ,情報・通信業,-,2721200.0,6438359200.0,386911075.0,0.7484351507020426,-0.02715667708594771,0.28386322735452907,0.43333333333333335,1.0582213691618683,,-0.9279826373518126,0.027644759805828648,-3.135509380505193,-0.0032400890491318048,0.0,0.4985345791208675,-0.8277456298888609,0.03409090909090909
2026-06-01,1380.0,1385.0,1298.0,1312.0,2778600.0,3103.T,ユニチカ,繊維製品,TOPIX Small 2,57653848.0,75641848576.0,16781015015.0,0.7080454886121678,-0.0670947368797874,0.29954337899543376,0.4666666666666667,1.3307538691962058,,-1.007185826510366,0.027471050245382496,-3.0382922253577385,0.15923564908733323,0.0,-0.1418852668216658,-0.8357960551157769,0.058823529411764705
2026-06-01,709.0,714.0,688.0,695.0,164600.0,4418.T,ＪＤＳＣ,情報・通信業,-,15775066.0,10963670870.0,107994570.0,0.6431549253109676,0.07031063677557836,0.35714285714285715,0.31666666666666665,0.7439409905163329,,-1.134434713820033,0.02806869137226304,-2.6811746711586633,-0.5719051725267598,0.0,1.2370571100101222,-0.8367593602221829,0.028409090909090908
2026-06-01,1366.0,1366.0,1260.0,1288.0,234500.0,6433.T,ヒーハイスト,機械,-,6237901.0,8034416488.0,662424165.0,0.33884584218422,0.14348786190156337,0.48603773584905663,0.3,0.832301073235308,,-1.7311777571245672,0.028386973824563462,-1.8820246560399332,-0.6531430415949923,0.0,1.029421137950915,-0.8486030263746908,0.028846153846153848
2026-06-01,1170.0,1249.0,1151.0,1168.0,793200.0,7794.T,イーディーピー,その他製品,-,15474189.0,18073852752.0,860456900.0,0.542041975763839,0.04310148734618413,0.3767741935483871,0.35,0.8392128279883383,,-1.3327148591587112,0.027950345878969378,-2.559460116300049,-0.40942943439029467,0.0,1.013179313898479,-0.8488386010435656,0.03571428571428571
2026-06-01,350.0,358.0,331.0,339.0,650300.0,4888.T,ステラファーマ,医薬品,-,34019993.0,11532777627.0,362397955.0,0.40413859912571304,0.30868489578877845,0.3407035175879397,0.5,0.8498802726100572,,-1.6031401774287244,0.02910549406044088,-2.7830988017814136,0.3217113872237983,0.0,0.9881120531483631,-0.8524661204573657,0.25
2026-06-01,1209.0,1220.0,1152.0,1156.0,107500.0,7373.T,アイドマ・ホールディングス,サービス業,-,14862940.0,17181558640.0,165715395.0,1.0151618934779791,-0.074102308218292,0.35514592933947775,0.016666666666666666,0.5659780775716695,,-0.4049376904859863,0.02744057099468053,-2.6935556509173644,-2.0341868157549454,0.0,1.6552493669965225,-0.8554509640697151,0.03418803418803419
2026-06-01,1100.0,1105.0,1051.0,1051.0,207100.0,2216.T,カンロ,食料品,-,42182392.0,44333693992.0,136715630.0,0.7968292133142987,-0.13589043329393058,0.4299906544483627,0.08333333333333333,0.872647038795079,,-0.8330830047007571,0.027171825139146087,-2.229517329126028,-1.7092353394820152,0.0,0.934612786488481,-0.8570359223134867,0.023255813953488372
2026-06-01,10000.0,10150.0,9550.0,9590.0,24500.0,7018.T,内海造船,輸送用機器,-,1694755.0,16252700450.0,406723400.0,0.7408824319838121,-0.03849557091877909,0.47015885769537175,0.03333333333333333,0.7878964657943381,,-0.9427933433183604,0.02759544157971015,-1.9804739182911526,-1.952948946686713,0.0,1.133766828292073,-0.8611482596812964,0.03225806451612903
2026-06-01,1016.0,1016.0,985.0,985.0,72700.0,6167.T,冨士ダイス,機械,TOPIX Small 2,19578655.0,19284975175.0,103220620.0,0.18909579632991888,-0.0596136008268624,0.6311212840263789,0.08333333333333333,0.586403198800757,,-2.024834118544673,0.027503589253589197,-0.98250466825465,-1.7092353394820152,0.0,1.6072526950794421,-0.8718562321420311,0.019230769230769232
2026-06-01,1160.0,1193.0,1152.0,1155.0,136300.0,7095.T,Ｍａｃｂｅｅ　Ｐｌａｎｅｔ,サービス業,TOPIX Small 2,12456425.0,14387170875.0,126069350.0,0.6624762959964204,-0.07760350015563933,0.3436665987646011,0.2833333333333333,0.7836702767064572,,-1.0965459547163496,0.02742534265069953,-2.764727657862465,-0.7343809106632248,0.0,1.1436978837230538,-0.8731979270022365,0.02564102564102564
2026-06-01,54.0,57.0,52.0,54.0,3870000.0,4594.T,ブライトパス・バイオ,医薬品,-,138891219.0,7500125826.0,109825225.0,0.34172562585937266,0.18120246548493912,0.47368421052631576,0.25,0.6875,,-1.7255305682312487,0.02855101251959991,-1.9586166824069446,-0.8968566487996898,0.0,1.3696869080957073,-0.8820123773244694,0.2222222222222222
2026-06-01,1038.0,1041.0,1021.0,1030.0,295000.0,5262.T,日本ヒューム,ガラス・土石製品,TOPIX Small 1,50940438.0,52468651140.0,364142565.0,0.6564713189062484,-0.08983694147159915,0.38936127432629114,0.16666666666666666,0.6371163051507626,,-1.108321575302314,0.02737213361338753,-2.4814200429089963,-1.3030459941408528,0.0,1.4880827621288917,-0.8875741300187141,0.047619047619047616
2026-06-01,620.0,626.0,604.0,610.0,483600.0,5246.T,ＥＬＥＭＥＮＴＳ,情報・通信業,-,27170514.0,16574013540.0,234257015.0,0.41325271009299225,-0.0158113105337222,0.41468388851121685,0.3,0.7230657989877078,,-1.5852676175309177,0.02769410618487312,-2.324419487791085,-0.6531430415949923,0.0,1.2861113950627252,-0.8879431618808407,0.022727272727272728
2026-06-01,338.0,338.0,316.0,326.0,1462500.0,4593.T,ヘリオス,医薬品,-,135001900.0,44010619400.0,522421945.0,0.48001743569641003,-0.056816209736051504,0.4364123159303882,0.2,0.7421213148085395,,-1.4543435414809718,0.027515756433950215,-2.1897029398969146,-1.1405702560043873,0.0,1.241333137406134,-0.9036664157714898,0.19444444444444445
2026-06-01,5890.0,5990.0,5770.0,5850.0,121800.0,3692.T,ＦＦＲＩセキュリティ,情報・通信業,-,7909540.0,46270809000.0,1113792450.0,0.6421985985219908,-0.029043784273932394,0.42509566222699885,0.13333333333333333,0.8896874417783679,,-1.1363100484389803,0.027636551881812514,-2.259866348008505,-1.4655217322773177,0.0,0.8945698108727964,-0.9042414130389509,0.017045454545454544
2026-06-01,835.0,837.0,785.0,795.0,629200.0,7746.T,岡本硝子,精密機器,-,29091602.0,23127823590.0,1138441100.0,0.3427066964784187,0.01219621815248395,0.48534798534798534,0.18333333333333332,0.8056595162026471,,-1.723606711536303,0.0278159242081416,-1.886301118603009,-1.2218081250726198,0.0,1.0920257148302828,-0.9298778535720209,0.10344827586206896
2026-06-01,182.0,184.0,178.0,183.0,1132500.0,3825.T,リミックスポイント,小売業,-,146609800.0,26829593400.0,283280520.0,0.7852027316196492,-0.015292634841849062,0.2669352514603764,0.25,0.8876264617391285,,-0.8558822652358095,0.027696362151410164,-3.240463063130374,-0.8968566487996898,0.0,0.8994128755313381,-0.9446969419405613,0.009174311926605505
2026-06-01,156.0,156.0,145.0,149.0,994200.0,4584.T,キッズウェル・バイオ,医薬品,-,49623325.0,7393875425.0,123473720.0,0.584976534782331,-0.10328386287772595,0.35731414868105515,0.21666666666666667,0.8927875243664717,,-1.2485211862378087,0.027313646575737986,-2.6801126612734403,-1.0593323869361548,0.0,0.8872849754376375,-0.9558600264387471,0.16666666666666666
2026-06-01,585.0,585.0,563.0,569.0,396600.0,1514.T,住石ホールディングス,鉱業,TOPIX Small 2,59823149.0,34039371781.0,392071215.0,0.33763461888451657,-0.05446687921316806,0.37283658229792543,0.2833333333333333,0.481457076954177,,-1.7335529378801326,0.027525974786433524,-2.5838733600373023,-0.7343809106632248,0.0,1.853863940258586,-0.9607453523674397,0.25
2026-06-01,1013.0,1029.0,965.0,965.0,118800.0,5817.T,ＪＭＡＣＳ,非鉄金属,-,5625800.0,5428897000.0,207387540.0,0.18939787178821696,-0.2293564518495942,0.3744664338377959,0.38333333333333336,0.5776172190306449,,-2.024241755587773,0.026765297103388562,-2.5737682581449484,-0.24695369625382937,0.0,1.6278987310939375,-0.9697708841334634,0.3076923076923077
2026-06-01,4150.0,4155.0,4025.0,4100.0,347400.0,4107.T,伊勢化学工業,化学,-,50957770.0,208926857000.0,1760872600.0,0.4139855615733042,-0.04522359133945819,0.48520710059171596,0.06666666666666667,0.7443108405146006,,-1.5838305128012196,0.027566178228511273,-1.8871746060234,-1.7904732085502477,0.0,1.23618800530194,-0.9732625858652973,0.010101010101010102
2026-06-01,92.0,93.0,87.0,92.0,2066200.0,3070.T,ジェリービーンズグループ,卸売業,-,80689811.0,7423462612.0,171264775.0,0.3822443333076146,-0.009232636032586838,0.2848297213622291,0.4166666666666667,0.6802139037433155,,-1.6460743241224947,0.027722719959848912,-3.1295171044068835,-0.08447795811736433,0.0,1.3868083913743638,-0.9738225960709246,0.018867924528301886
2026-06-01,130.0,146.0,128.0,136.0,1499700.0,2338.T,クオンタムソリューションズ,情報・通信業,-,49132796.0,6682060256.0,161253530.0,0.9055378964225556,-0.09733136992682301,0.16,0.3,0.8393782383419689,,-0.6199078022877882,0.027339536790220054,-3.9034630882599584,-0.6531430415949923,0.0,1.012790618703682,-0.9761666093304484,0.011363636363636364
2026-06-01,223.0,274.0,191.0,208.0,57260700.0,8105.T,Ｂｉｔｃｏｉｎ　Ｊａｐａｎ,卸売業,-,64454391.0,13406513328.0,740921980.0,0.9731673767665991,0.03419396683556997,0.20533070088845015,0.18333333333333332,0.8858369098712445,,-0.4872879622786108,0.02791160284837272,-3.6224121212706453,-1.2218081250726198,0.0,0.9036181153885736,-0.977416827103153,0.009433962264150943
2026-06-01,107.0,109.0,91.0,93.0,6368900.0,6574.T,コンヴァノ,サービス業,-,508635900.0,47303138700.0,233290455.0,0.985058956177921,-0.02090524436692176,0.2501379212235353,0.13333333333333333,1.1067137471198072,,-0.4639688512790415,0.027671950251117836,-3.344606740889079,-1.4655217322773177,0.0,0.384583100976802,-0.9785946782275543,0.017094017094017096
2026-06-01,1581.0,1581.0,1365.0,1405.0,787900.0,219A.T,Ｈｅａｒｔｓｅｅｄ,医薬品,-,22874200.0,32138251000.0,425338265.0,0.4845118446076109,-0.1668414845571492,0.3204104903078677,0.3,0.8720626631853786,,-1.4455301100054219,0.027037204340388376,-2.9089158491339266,-0.6531430415949923,0.0,0.9359860015651773,-0.9875785524040338,0.1388888888888889
2026-06-01,4955.0,4960.0,4550.0,4560.0,218000.0,4894.T,クオリプス,医薬品,-,8257480.0,37654108800.0,701292425.0,0.574415985852158,-0.37940196125791026,0.36774193548387096,0.13333333333333333,0.7955311973018551,,-1.2692301773819643,0.02611267803223734,-2.615460240131712,-1.4655217322773177,0.0,1.1158260925073848,-0.9979083780800027,0.1111111111111111
2026-06-01,5360.0,5440.0,5240.0,5280.0,55600.0,7711.T,助川電気工業,精密機器,-,5514789.0,29118085920.0,749262550.0,0.4335353187039936,-0.017273263165901276,0.4327071070448436,0.05,0.6653080227287127,,-1.5454938931835491,0.027687747459626082,-2.2126752857854606,-1.8717110776184804,0.0,1.4218354873053332,-1.0316514808655783,0.06896551724137931
2026-06-01,2640.0,2678.0,2620.0,2628.0,42800.0,5724.T,アサカ理研,非鉄金属,-,5034843.0,13231567404.0,175861870.0,0.1786563983019779,0.005963245128538519,0.47838601476700826,0.1,0.5009534332985779,,-2.04530553558373,0.0277888140528198,-1.929465431653225,-1.6279974704137827,0.0,1.80804975837221,-1.0440693993568295,0.23076923076923078
2026-06-01,64.0,64.0,62.0,63.0,1052200.0,2315.T,ＣＡＩＣＡ　ＤＩＧＩＴＡＬ,情報・通信業,-,168636433.0,10624095279.0,109704830.0,0.5446665392324991,-0.34844898397185053,0.3559322033898305,0.06666666666666667,0.6935779816513761,,-1.3275681511618886,0.0262473072081817,-2.688680741025412,-1.7904732085502477,0.0,1.3554043543733976,-1.0638671227573764,0.005681818181818182
2026-06-01,1000.0,1010.0,956.0,978.0,249700.0,5707.T,東邦亜鉛,非鉄金属,TOPIX Small 2,13577755.0,13279044390.0,516798110.0,0.31237105141918553,-0.3048762156375977,0.3896414342629482,0.13333333333333333,0.566962202519832,,-1.7830942068395998,0.026436825839628402,-2.479683047460748,-1.4655217322773177,0.0,1.652936787221226,-1.0722823752226789,0.15384615384615385
2026-06-01,460.0,463.0,444.0,454.0,137700.0,6166.T,中村超硬,機械,-,11020899.0,5003488146.0,138333535.0,0.2663544846829338,0.12272184608306258,0.3782906524480288,0.2,0.7018201882497338,,-1.8733316253039698,0.028296652574641198,-2.550058050331719,-1.1405702560043873,0.0,1.3360361224036994,-1.0755540855291492,0.009615384615384616
2026-06-01,2850.0,2868.0,2660.0,2695.0,47300.0,276A.T,ククレブ・アドバイザーズ,不動産業,-,5058023.0,13631371985.0,154158325.0,0.31271970064015997,-0.11975454679875797,0.3300572463604225,0.2,0.5997387707713518,,-1.78241051381594,0.02724200776105998,-2.8491058293516973,-1.1405702560043873,0.0,1.5759156437336836,-1.1009030485980333,0.038461538461538464
2026-06-01,503.0,505.0,485.0,501.0,234500.0,4579.T,ラクオリア創薬,医薬品,-,26018392.0,13035214392.0,178930310.0,0.36626522953827845,-0.04531324647707724,0.34197952218430033,0.13333333333333333,0.5385003786922494,,-1.6774089754402177,0.027565788275803808,-2.7751875557900387,-1.4655217322773177,0.0,1.719818780482974,-1.1013356287665603,0.08333333333333333
2026-06-01,346.0,349.0,341.0,341.0,142100.0,7771.T,日本精密,精密機器,-,23970255.0,8173856955.0,169835315.0,0.21212193129347556,0.022212961171939716,0.3627659574468085,0.21666666666666667,0.6580645161290323,,-1.9796804027485173,0.02785949177341627,-2.6463113721818305,-1.0593323869361548,0.0,1.4388568898172045,-1.1041745157297043,0.034482758620689655
2026-06-01,264.0,265.0,255.0,259.0,380900.0,5535.T,ミガロホールディングス,不動産業,-,64304484.0,16654861356.0,105309765.0,0.7196919830246659,-0.07689323095856615,0.18121113071687694,0.05,0.90265536616466,,-0.9843473215004821,0.02742843194824325,-3.7719537870121167,-1.8717110776184804,0.0,0.8640966888171984,-1.2311723069923952,0.019230769230769232
2026-06-01,1088.0,1088.0,1008.0,1016.0,136000.0,4570.T,免疫生物研究所,医薬品,-,9313458.0,9462473328.0,167238765.0,0.09653975321685974,-0.08605999442841294,0.2671092539606475,0.23333333333333334,0.47638564570300135,,-2.2063343691320267,0.02738856134708534,-3.2393842452431296,-0.9780945178679223,0.0,1.8657812169876986,-1.2460384178256647,0.05555555555555555
2026-06-01,2000.0,2015.0,1887.0,1918.0,1752800.0,6330.T,東洋エンジニアリング,建設業,TOPIX Small 2,72627741.0,139300007238.0,4087512410.0,0.4771042529639924,0.03963620818420188,0.21894977168949772,0.03333333333333333,0.38461361598418137,,-1.46005622514977,0.02793527373667808,-3.537973695587587,-1.952948946686713,0.0,2.0814348697702303,-1.254495575485286,0.015384615384615385
2026-06-01,69.0,69.0,67.0,68.0,1263400.0,5721.T,エス・サイエンス,非鉄金属,-,175143022.0,11909725496.0,180635070.0,0.29892153023741574,-0.07415247438527384,0.16113744075829384,0.03333333333333333,0.41719342604298354,,-1.8094684054620418,0.027440352798231808,-3.8964109399642988,-1.952948946686713,0.0,2.0048760852727256,-1.4174877388981828,0.07692307692307693
2026-06-01,59.0,61.0,56.0,58.0,2872700.0,4596.T,窪田製薬ホールディングス,医薬品,-,140244101.0,8134157858.0,125618130.0,0.27978965762205327,-0.23663636028348878,0.1657142857142857,0.016666666666666666,0.3639846743295019,,-1.8469855632520735,0.026733633329518024,-3.8680344384889063,-2.0341868157549454,0.0,2.1299104961075765,-1.4273023677362833,0.027777777777777776
2026-06-01,600.0,600.0,586.0,591.0,473700.0,4765.T,ＳＢＩグローバルアセットマネジメント,サービス業,TOPIX Small 2,138062512.0,81594944592.0,170520225.0,0.9458353037302762,-8536.75,0.9128889181216854,0.5,1.0670275411277221,,-0.5408855226140799,-37.102610951639264,0.7644585261519464,0.3217113872237983,0.0,0.4778410937824032,-9.185833650560257,0.008547008547008548
2026-06-01,2772.0,2772.0,2631.0,2686.0,37900.0,367A.T,プリモグローバルホールディングス,小売業,-,8747143.0,23494826098.0,149045885.0,0.4943837372565777,0.6241537927443153,,0.8333333333333334,1.3142271386839615,,-1.4261715578321155,0.03047761788687252,,1.9464687685884492,0.0,-0.1030493620864444,,
2026-06-01,1215.0,1220.0,1189.0,1207.0,286900.0,368A.T,北里コーポレーション,精密機器,TOPIX Small 2,40000000.0,48280000000.0,305703170.0,1.393599350686121,0.20591470561716707,,0.11666666666666667,0.9972277918849536,,0.33716937248576107,0.028658497770339884,,-1.54675960134555,0.0,0.6418624294075093,,
2026-06-01,856.0,879.0,765.0,773.0,6066300.0,402A.T,アクセルスペースホールディングス,輸送用機器,-,66390000.0,51319470000.0,4777244355.0,1.4456517011091978,-0.6762037177674701,,0.6666666666666666,1.4322446143154968,,0.43924282255653435,0.02482174645145799,,1.1340900779061236,0.0,-0.3803767764423535,,
2026-06-01,1144.0,1144.0,1108.0,1110.0,305900.0,409A.T,オリオンビール,食料品,TOPIX Small 2,42253161.0,46901008710.0,398004880.0,0.9119442537852789,0.04698537391714086,,0.3333333333333333,1.3571510791642887,,-0.6073450843108962,0.027967238743383582,,-0.4906673034585272,0.0,-0.20391565636765538,,
2026-06-01,919.0,919.0,895.0,900.0,115200.0,414A.T,オーバーラップホールディングス,情報・通信業,-,20008000.0,18007200000.0,103902720.0,0.5863891524702252,1.7243057115053522,,0.31666666666666665,0.6311154598825831,,-1.245751075765133,0.03526270026740039,,-0.5719051725267598,0.0,1.502184054274556,,
2026-06-01,2892.0,2974.0,2791.0,2957.0,72300.0,421A.T,ムービン・ストラテジック・キャリア,サービス業,-,8442200.0,24963585400.0,266909465.0,1.5319071172729708,2.3918781725888323,,0.65,1.1688447464715106,,0.6083876900517654,0.03816628945974905,,1.0528522088378913,0.0,0.23858244040215404,,
2026-06-01,4650.0,4670.0,4070.0,4120.0,1592600.0,429A.T,テクセンドフォトマスク,その他製品,TOPIX Small 2,99329195.0,409236283400.0,6254944725.0,1.3711209584661381,0.16124134489051634,,0.6833333333333333,2.049692477188411,,0.2930897674863973,0.028464192140683936,,1.2153279469743563,0.0,-1.8313078219829653,,
2026-06-01,2178.0,2487.0,2167.0,2400.0,132200.0,431A.T,ユーソナー,情報・通信業,-,8215200.0,19716480000.0,108048125.0,0.5349979321753515,-0.03676012461059186,,0.5666666666666667,1.272852866682017,,-1.346528065011699,0.027602989858643307,,0.6466628634967284,0.0,-0.005824609449120997,,
2026-06-01,845.0,858.0,826.0,836.0,94200.0,438A.T,インフキュリオン,情報・通信業,-,20727600.0,17328273600.0,180612665.0,1.0254884393776251,-0.05890473999079615,,0.45,0.7802090592334495,,-0.3846875738491062,0.027506672425503063,,0.07799778001910071,0.0,1.1518313443582362,,
2026-06-01,1305.0,1383.0,1290.0,1383.0,764800.0,446A.T,ノースサンド,サービス業,-,69000000.0,95427000000.0,417077205.0,0.607373652942181,0.3847613080631407,,0.6,0.8099067812100164,,-1.2046009577824743,0.029436386452427788,,0.8091386016331934,0.0,1.0820451334267662,,
2026-06-01,1493.0,1627.0,1493.0,1555.0,1178200.0,456A.T,ＨＵＭＡＮ　ＭＡＤＥ,小売業,-,91645600.0,142508908000.0,664117740.0,0.5789617441784619,1.7826553313205147,,0.7333333333333333,1.4228989237889202,,-1.260316050896178,0.03551649043303721,,1.4590415541790536,0.0,-0.3584154849028027,,
2026-06-01,487.0,488.0,421.0,450.0,409100.0,462A.T,ＦＵＮＤＩＮＮＯ,証券、商品先物取引業,-,23471701.0,10562265450.0,135899520.0,,-0.7650945376854013,,0.1,,,,0.02443511812410936,,-1.6279974704137827,0.0,,,
2026-06-01,740.0,756.0,708.0,714.0,132300.0,478A.T,フツパー,情報・通信業,-,10162500.0,7256025000.0,132472505.0,,0.07012937107723838,,0.4166666666666667,,,,0.028067902961785785,,-0.08447795811736433,0.0,,,
2026-06-01,3435.0,3790.0,3365.0,3465.0,3306100.0,485A.T,パワーエックス,電気機器,-,114246750.0,395864988750.0,26151601305.26367,,1.1216276045914446,,0.9166666666666666,,,,0.03264136739387201,,2.3526581139296114,0.0,,,
